ID,label_odm,src
11970,macula,CTEH
12887,macula,BAIDU
12885,macula,BAIDU
12865,macula,BAIDU
12866,macula,BAIDU
12864,macula,BAIDU
12862,macula,BAIDU
12860,macula,BAIDU
12858,macula,BAIDU
12856,macula,BAIDU
12850,macula,BAIDU
12843,macula,BAIDU
12837,macula,BAIDU
12834,macula,BAIDU
12833,macula,BAIDU
12832,macula,BAIDU
12828,macula,BAIDU
12809,macula,BAIDU
12796,macula,BAIDU
12792,macula,BAIDU
12791,macula,BAIDU
12780,macula,BAIDU
12776,macula,BAIDU
12775,macula,BAIDU
12737,od,BAIDU
12735,macula,BAIDU
12732,macula,BAIDU
12730,macula,BAIDU
12727,macula,BAIDU
12723,macula,BAIDU
12722,macula,BAIDU
12721,macula,BAIDU
12720,macula,BAIDU
12688,macula,BAIDU
12716,macula,BAIDU
12687,macula,BAIDU
12686,macula,BAIDU
12685,macula,BAIDU
12684,macula,BAIDU
12683,macula,BAIDU
12682,macula,BAIDU
12681,macula,BAIDU
12680,macula,BAIDU
12679,macula,BAIDU
12678,macula,BAIDU
12677,macula,BAIDU
12676,macula,BAIDU
12675,macula,BAIDU
12674,macula,BAIDU
12673,macula,BAIDU
12672,macula,BAIDU
12671,macula,BAIDU
12670,macula,BAIDU
12669,macula,BAIDU
12668,macula,BAIDU
12667,macula,BAIDU
12666,macula,BAIDU
12665,macula,BAIDU
12664,macula,BAIDU
12663,macula,BAIDU
12662,macula,BAIDU
12661,macula,BAIDU
12660,macula,BAIDU
12659,macula,BAIDU
12638,macula,BAIDU
12637,macula,BAIDU
12636,macula,BAIDU
12635,macula,BAIDU
12634,macula,BAIDU
12633,macula,BAIDU
12632,macula,BAIDU
12631,macula,BAIDU
12630,macula,BAIDU
12629,macula,BAIDU
12628,macula,BAIDU
12627,macula,BAIDU
12626,macula,BAIDU
12624,macula,BAIDU
12623,macula,BAIDU
12622,macula,BAIDU
12621,macula,BAIDU
12619,macula,BAIDU
12618,macula,BAIDU
12617,macula,BAIDU
12616,macula,BAIDU
12594,macula,BAIDU
12593,macula,BAIDU
12592,macula,BAIDU
12591,macula,BAIDU
12589,macula,BAIDU
12590,macula,BAIDU
12588,macula,BAIDU
12587,macula,BAIDU
12586,macula,BAIDU
12585,macula,BAIDU
12584,macula,BAIDU
12583,macula,BAIDU
12582,macula,BAIDU
12581,macula,BAIDU
12580,macula,BAIDU
12579,macula,BAIDU
12578,macula,BAIDU
12577,macula,BAIDU
12576,macula,BAIDU
12575,macula,BAIDU
12574,macula,BAIDU
12573,macula,BAIDU
12572,macula,BAIDU
12571,macula,BAIDU
12570,macula,BAIDU
12569,macula,BAIDU
12568,macula,BAIDU
12567,macula,BAIDU
12566,macula,BAIDU
12565,macula,BAIDU
12564,macula,BAIDU
12247,od,EYESCAN
12246,od,EYESCAN
12244,od,EYESCAN
12241,od,EYESCAN
12240,macula,EYESCAN
12239,macula,EYESCAN
12238,od,EYESCAN
12237,od,EYESCAN
12236,macula,EYESCAN
12235,od,EYESCAN
12234,od,EYESCAN
12233,macula,EYESCAN
12231,od,EYESCAN
12229,macula,EYESCAN
12230,od,EYESCAN
12228,null-centered,EYESCAN
12226,od,EYESCAN
12225,od,EYESCAN
12224,od,EYESCAN
12223,od,EYESCAN
12193,od,EYESCAN
12192,macula,EYESCAN
12191,od,EYESCAN
12190,od,EYESCAN
12189,od,EYESCAN
12188,od,EYESCAN
12187,macula,EYESCAN
12185,od,EYESCAN
12184,od,EYESCAN
12182,macula,EYESCAN
12181,od,EYESCAN
12180,od,EYESCAN
12179,od,EYESCAN
12178,od,EYESCAN
12177,macula,EYESCAN
12176,od,EYESCAN
12175,macula,EYESCAN
12174,macula,EYESCAN
12173,od,EYESCAN
12172,macula,EYESCAN
12171,macula,EYESCAN
12170,od,EYESCAN
12169,od,EYESCAN
12167,od,EYESCAN
12166,od,EYESCAN
12165,od,EYESCAN
12164,od,EYESCAN
12154,od,EYESCAN
12153,macula,EYESCAN
12152,od,EYESCAN
12151,od,EYESCAN
12150,od,EYESCAN
12149,macula,EYESCAN
12148,macula,EYESCAN
12147,od,EYESCAN
12146,od,EYESCAN
12145,macula,EYESCAN
12144,macula,EYESCAN
12143,od,EYESCAN
12142,macula,EYESCAN
12141,macula,EYESCAN
12139,od,EYESCAN
12138,macula,EYESCAN
12137,od,EYESCAN
12136,od,EYESCAN
12134,macula,EYESCAN
12133,od,EYESCAN
12132,macula,EYESCAN
12131,od,EYESCAN
12130,macula,EYESCAN
12129,od,EYESCAN
12128,macula,EYESCAN
12127,macula,EYESCAN
12126,od,EYESCAN
12125,od,EYESCAN
11928,od,CTEH
11920,null-centered,CTEH
11918,macula,CTEH
11917,macula,CTEH
11913,null-centered,CTEH
11909,macula,CTEH
11908,macula,CTEH
11907,null-centered,CTEH
11901,od,CTEH
11891,macula,CTEH
11890,od,CTEH
11887,null-centered,CTEH
11885,null-centered,CTEH
11882,null-centered,CTEH
11880,macula,CTEH
11877,null-centered,CTEH
11868,null-centered,CTEH
11863,null-centered,CTEH
11839,macula,CTEH
11838,od,CTEH
11840,macula,CTEH
11831,null-centered,CTEH
11828,null-centered,CTEH
11818,null-centered,CTEH
11816,null-centered,CTEH
11814,od,CTEH
11804,macula,CTEH
11770,null-centered,CTEH
11768,null-centered,CTEH
11765,null-centered,CTEH
11762,null-centered,CTEH
11758,null-centered,CTEH
11755,macula,CTEH
11746,macula,CTEH
11747,null-centered,CTEH
11739,null-centered,CTEH
11735,null-centered,CTEH
11692,null-centered,CTEH
11690,null-centered,CTEH
11687,null-centered,CTEH
11686,null-centered,CTEH
11685,null-centered,CTEH
11682,null-centered,CTEH
11681,null-centered,CTEH
11680,null-centered,CTEH
11679,null-centered,CTEH
11674,macula,CTEH
11673,null-centered,CTEH
11670,null-centered,CTEH
11663,null-centered,CTEH
11661,null-centered,CTEH
11660,macula,CTEH
11659,null-centered,CTEH
11658,macula,CTEH
11657,macula,CTEH
11656,od,CTEH
11655,od,CTEH
11654,null-centered,CTEH
11653,null-centered,CTEH
11645,macula,CTEH
11643,od,CTEH
11644,macula,CTEH
11642,od,CTEH
11640,od,CTEH
11639,null-centered,CTEH
11638,null-centered,CTEH
11635,null-centered,CTEH
11633,macula,CTEH
11627,macula,CTEH
11610,null-centered,CTEH
11602,macula,CTEH
11597,null-centered,CTEH
11593,od,CTEH
11591,macula,CTEH
11862,null-centered,CTEH
11836,null-centered,CTEH
11832,null-centered,CTEH
11829,null-centered,CTEH
11826,null-centered,CTEH
11825,null-centered,CTEH
11824,od,CTEH
11823,od,CTEH
11822,macula,CTEH
11821,macula,CTEH
11819,null-centered,CTEH
11817,null-centered,CTEH
11815,null-centered,CTEH
11813,null-centered,CTEH
11812,null-centered,CTEH
11811,od,CTEH
11810,od,CTEH
11809,od,CTEH
11808,od,CTEH
11807,null-centered,CTEH
11792,macula,CTEH
11789,null-centered,CTEH
11788,null-centered,CTEH
11786,null-centered,CTEH
11784,null-centered,CTEH
11783,null-centered,CTEH
11782,macula,CTEH
11781,macula,CTEH
11780,macula,CTEH
11779,macula,CTEH
11778,macula,CTEH
11777,od,CTEH
11775,macula,CTEH
11772,null-centered,CTEH
11767,od,CTEH
11764,macula,CTEH
11763,macula,CTEH
11742,null-centered,CTEH
11743,null-centered,CTEH
11740,macula,CTEH
11741,macula,CTEH
11736,macula,CTEH
11732,od,CTEH
11731,null-centered,CTEH
11729,null-centered,CTEH
11728,null-centered,CTEH
11727,null-centered,CTEH
11726,null-centered,CTEH
11725,macula,CTEH
11724,macula,CTEH
11723,macula,CTEH
11722,od,CTEH
11721,macula,CTEH
11720,macula,CTEH
11719,macula,CTEH
11717,null-centered,CTEH
11715,null-centered,CTEH
11694,null-centered,CTEH
11693,null-centered,CTEH
11691,null-centered,CTEH
11688,null-centered,CTEH
11689,macula,CTEH
11684,null-centered,CTEH
11677,null-centered,CTEH
11678,null-centered,CTEH
11676,macula,CTEH
11675,macula,CTEH
11669,null-centered,CTEH
11667,null-centered,CTEH
11668,null-centered,CTEH
11671,null-centered,CTEH
11672,null-centered,CTEH
11666,macula,CTEH
11632,macula,CTEH
11631,macula,CTEH
11630,macula,CTEH
11629,macula,CTEH
11628,macula,CTEH
11624,macula,CTEH
11623,macula,CTEH
11622,macula,CTEH
11621,od,CTEH
11620,od,CTEH
11619,null-centered,CTEH
11616,macula,CTEH
11615,od,CTEH
11614,macula,CTEH
11613,od,CTEH
11612,od,CTEH
11611,od,CTEH
11609,null-centered,CTEH
11608,null-centered,CTEH
11607,null-centered,CTEH
11576,od,CTEH
11575,macula,CTEH
11574,null-centered,CTEH
11573,od,CTEH
11572,macula,CTEH
11571,macula,CTEH
11570,od,CTEH
11569,macula,CTEH
11568,macula,CTEH
11567,macula,CTEH
11566,macula,CTEH
11565,macula,CTEH
11564,null-centered,CTEH
11563,null-centered,CTEH
11562,macula,CTEH
11561,od,CTEH
11560,macula,CTEH
11559,macula,CTEH
11558,macula,CTEH
11557,macula,CTEH
11556,macula,CTEH
11555,macula,CTEH
11554,null-centered,CTEH
11553,null-centered,CTEH
11549,null-centered,CTEH
11548,null-centered,CTEH
11547,od,CTEH
11540,null-centered,CTEH
11539,null-centered,CTEH
11538,macula,CTEH
11537,null-centered,CTEH
11536,od,CTEH
11535,od,CTEH
11534,null-centered,CTEH
11533,null-centered,CTEH
11532,null-centered,CTEH
11531,null-centered,CTEH
11530,null-centered,CTEH
11529,od,CTEH
11528,null-centered,CTEH
11527,null-centered,CTEH
11526,null-centered,CTEH
11525,null-centered,CTEH
11524,null-centered,CTEH
11523,null-centered,CTEH
11522,null-centered,CTEH
11521,null-centered,CTEH
11520,null-centered,CTEH
11519,od,CTEH
11518,macula,CTEH
11517,od,CTEH
11514,od,CTEH
11513,od,CTEH
11512,null-centered,CTEH
11511,null-centered,CTEH
11393,macula,BAIDU
11349,macula,BAIDU
11348,macula,BAIDU
11347,macula,BAIDU
11345,macula,BAIDU
11344,macula,BAIDU
11343,macula,BAIDU
11342,macula,BAIDU
11395,macula,BAIDU
11341,macula,BAIDU
11340,macula,BAIDU
11339,macula,BAIDU
11338,macula,BAIDU
11337,macula,BAIDU
11336,macula,BAIDU
11335,macula,BAIDU
11334,macula,BAIDU
11333,macula,BAIDU
11332,macula,BAIDU
11331,macula,BAIDU
11330,macula,BAIDU
11329,macula,BAIDU
11326,macula,BAIDU
11324,macula,BAIDU
11323,macula,BAIDU
11322,null-centered,BAIDU
11320,macula,BAIDU
11319,macula,BAIDU
11318,macula,BAIDU
11316,macula,BAIDU
11315,macula,BAIDU
11313,macula,BAIDU
11312,macula,BAIDU
11311,macula,BAIDU
11310,macula,BAIDU
11309,macula,BAIDU
11308,macula,BAIDU
11307,macula,BAIDU
11306,macula,BAIDU
11510,macula,BAIDU
11509,macula,BAIDU
11508,macula,BAIDU
11507,macula,BAIDU
11506,macula,BAIDU
11505,macula,EYESCAN
11504,od,EYESCAN
11503,macula,EYESCAN
11502,od,EYESCAN
11501,od,EYESCAN
11500,od,EYESCAN
11499,macula,EYESCAN
11498,od,EYESCAN
11497,macula,EYESCAN
11496,od,EYESCAN
11495,od,EYESCAN
11494,macula,EYESCAN
11493,od,EYESCAN
11492,macula,EYESCAN
11491,macula,EYESCAN
11490,od,EYESCAN
11489,od,EYESCAN
11488,od,EYESCAN
11487,macula,EYESCAN
11486,macula,EYESCAN
11485,macula,EYESCAN
11484,od,EYESCAN
11483,macula,EYESCAN
11482,od,EYESCAN
11481,od,EYESCAN
11480,macula,EYESCAN
11479,od,EYESCAN
11478,macula,EYESCAN
11477,od,EYESCAN
11476,macula,CTEH
11475,macula,CTEH
11474,macula,CTEH
11473,macula,CTEH
11472,od,CTEH
11471,macula,CTEH
11470,macula,CTEH
11469,macula,CTEH
11468,macula,CTEH
11467,macula,CTEH
11466,macula,CTEH
11465,macula,CTEH
11464,macula,CTEH
11463,macula,CTEH
11462,macula,CTEH
11461,macula,CTEH
11460,macula,CTEH
11459,macula,CTEH
11458,macula,CTEH
11457,macula,CTEH
11456,null-centered,CTEH
11455,null-centered,CTEH
11454,null-centered,CTEH
11453,null-centered,CTEH
11452,null-centered,CTEH
11451,null-centered,CTEH
11450,null-centered,CTEH
11449,null-centered,CTEH
11448,null-centered,CTEH
11447,null-centered,CTEH
11446,null-centered,CTEH
11445,null-centered,CTEH
11444,null-centered,CTEH
11443,null-centered,CTEH
11442,null-centered,CTEH
11441,macula,CTEH
11440,null-centered,CTEH
11439,null-centered,CTEH
11438,null-centered,CTEH
11437,null-centered,CTEH
11436,null-centered,CTEH
11435,null-centered,CTEH
11434,null-centered,CTEH
11433,null-centered,CTEH
11432,null-centered,CTEH
11431,null-centered,CTEH
11430,null-centered,CTEH
11429,null-centered,CTEH
11428,null-centered,CTEH
11427,null-centered,CTEH
11426,null-centered,CTEH
11425,null-centered,CTEH
11424,null-centered,CTEH
11423,null-centered,CTEH
11422,null-centered,CTEH
11421,null-centered,CTEH
11420,null-centered,CTEH
11419,null-centered,CTEH
11418,null-centered,CTEH
11417,null-centered,CTEH
11416,null-centered,CTEH
11415,null-centered,CTEH
11414,null-centered,CTEH
11413,null-centered,CTEH
11412,null-centered,CTEH
11411,null-centered,CTEH
11410,null-centered,CTEH
11409,null-centered,CTEH
11408,null-centered,CTEH
11407,null-centered,CTEH
11406,null-centered,CTEH
11405,null-centered,CTEH
11404,macula,BAIDU
11403,macula,BAIDU
11402,macula,BAIDU
11401,od,BAIDU
11400,od,BAIDU
11399,macula,BAIDU
11398,od,BAIDU
11397,od,BAIDU
11396,macula,BAIDU
11394,macula,BAIDU
11392,macula,BAIDU
11391,macula,BAIDU
11390,od,EYESCAN
11389,macula,EYESCAN
11388,macula,EYESCAN
11387,od,EYESCAN
11386,od,EYESCAN
11385,od,EYESCAN
11384,macula,EYESCAN
11383,od,EYESCAN
11382,macula,EYESCAN
11381,od,EYESCAN
11380,od,EYESCAN
11379,od,EYESCAN
11378,macula,EYESCAN
11377,macula,EYESCAN
11376,macula,EYESCAN
11375,od,EYESCAN
11374,od,EYESCAN
11373,macula,EYESCAN
11372,macula,EYESCAN
11371,od,EYESCAN
11370,macula,EYESCAN
11369,od,EYESCAN
11368,od,EYESCAN
11367,od,EYESCAN
11366,od,EYESCAN
11365,od,EYESCAN
11364,od,EYESCAN
11363,od,EYESCAN
11362,od,EYESCAN
11361,macula,EYESCAN
11360,macula,BAIDU
11359,macula,BAIDU
11358,macula,BAIDU
11357,macula,BAIDU
11356,macula,BAIDU
11355,macula,BAIDU
11354,macula,BAIDU
11353,macula,BAIDU
11352,macula,BAIDU
11351,macula,BAIDU
11350,macula,BAIDU
11346,macula,BAIDU
11328,macula,BAIDU
11327,macula,BAIDU
11325,macula,BAIDU
11321,macula,BAIDU
11317,macula,BAIDU
11314,macula,BAIDU
11305,od,CTEH
11304,od,CTEH
11303,od,CTEH
11302,od,CTEH
11301,od,CTEH
11300,od,CTEH
11299,null-centered,CTEH
11298,od,CTEH
11297,od,CTEH
11296,od,CTEH
11295,od,CTEH
11294,od,CTEH
11293,null-centered,CTEH
11292,od,CTEH
11291,od,CTEH
11290,od,CTEH
11289,od,CTEH
11288,od,CTEH
11287,od,CTEH
11286,od,CTEH
11285,od,CTEH
11284,od,CTEH
11283,od,CTEH
11282,null-centered,CTEH
11281,od,CTEH
11280,macula,CTEH
11279,macula,CTEH
11278,od,CTEH
11277,od,CTEH
11276,od,CTEH
11275,od,CTEH
11274,null-centered,CTEH
11273,null-centered,CTEH
11272,null-centered,CTEH
11271,null-centered,CTEH
11270,null-centered,CTEH
11269,null-centered,CTEH
11268,null-centered,CTEH
11267,null-centered,CTEH
11266,null-centered,CTEH
11265,null-centered,CTEH
11264,null-centered,CTEH
11263,null-centered,CTEH
11262,null-centered,CTEH
11260,null-centered,CTEH
11259,null-centered,CTEH
11258,null-centered,CTEH
11257,null-centered,CTEH
11256,null-centered,CTEH
11255,null-centered,CTEH
11254,null-centered,CTEH
11253,null-centered,CTEH
11252,null-centered,CTEH
11251,null-centered,CTEH
11250,null-centered,CTEH
11249,null-centered,CTEH
11248,null-centered,CTEH
11247,null-centered,CTEH
11246,null-centered,CTEH
11245,null-centered,CTEH
11244,null-centered,CTEH
11243,null-centered,CTEH
11242,null-centered,CTEH
11241,null-centered,CTEH
11240,null-centered,CTEH
11239,od,CTEH
11238,null-centered,CTEH
11237,null-centered,CTEH
11236,null-centered,CTEH
11235,null-centered,CTEH
11234,od,CTEH
11233,null-centered,CTEH
11232,null-centered,CTEH
11231,od,CTEH
11230,null-centered,CTEH
11229,null-centered,CTEH
11228,od,CTEH
11227,od,CTEH
11226,null-centered,CTEH
11225,macula,CTEH
11224,macula,CTEH
11223,od,CTEH
11222,macula,CTEH
11221,macula,CTEH
11220,od,CTEH
11219,od,CTEH
11218,od,CTEH
11217,macula,CTEH
11216,od,CTEH
11215,macula,CTEH
11214,od,CTEH
11213,od,CTEH
11212,macula,CTEH
11211,od,CTEH
11210,macula,CTEH
11209,macula,CTEH
11208,null-centered,CTEH
12347,od,EYESCAN
12340,od,EYESCAN
12338,od,EYESCAN
12334,od,EYESCAN
12319,od,EYESCAN
12310,od,EYESCAN
12308,macula,EYESCAN
12305,od,EYESCAN
12300,od,EYESCAN
12296,macula,EYESCAN
12287,od,EYESCAN
12258,od,EYESCAN
12257,od,EYESCAN
12251,macula,EYESCAN
12249,od,EYESCAN
12232,macula,EYESCAN
12221,macula,EYESCAN
12220,od,EYESCAN
12218,macula,EYESCAN
12216,od,EYESCAN
12215,macula,EYESCAN
12214,macula,EYESCAN
12213,od,EYESCAN
12211,od,EYESCAN
12210,macula,EYESCAN
12209,od,EYESCAN
12208,od,EYESCAN
12207,od,EYESCAN
12206,macula,EYESCAN
12205,od,EYESCAN
12204,od,EYESCAN
12203,macula,EYESCAN
12202,od,EYESCAN
12198,od,EYESCAN
12199,od,EYESCAN
12197,od,EYESCAN
12196,od,EYESCAN
12157,od,EYESCAN
12158,od,EYESCAN
12159,macula,EYESCAN
12742,macula,BAIDU
12708,macula,BAIDU
12707,macula,BAIDU
12698,od,BAIDU
12697,macula,BAIDU
12692,macula,BAIDU
12657,macula,BAIDU
12645,macula,BAIDU
12643,macula,BAIDU
12642,macula,BAIDU
12641,macula,BAIDU
12640,macula,BAIDU
12639,macula,BAIDU
12625,macula,BAIDU
12615,macula,BAIDU
12614,macula,BAIDU
12613,macula,BAIDU
12611,macula,BAIDU
12610,macula,BAIDU
12608,macula,BAIDU
12607,macula,BAIDU
12606,macula,BAIDU
12603,macula,BAIDU
12601,macula,BAIDU
12599,macula,BAIDU
12598,macula,BAIDU
12597,macula,BAIDU
12596,macula,BAIDU
12595,macula,BAIDU
11989,null-centered,CTEH
11979,null-centered,CTEH
11955,null-centered,CTEH
11956,null-centered,CTEH
11940,macula,CTEH
11924,null-centered,CTEH
11902,null-centered,CTEH
11894,od,CTEH
11888,null-centered,CTEH
11871,null-centered,CTEH
11867,null-centered,CTEH
11861,null-centered,CTEH
11857,null-centered,CTEH
11852,macula,CTEH
11849,macula,CTEH
11843,null-centered,CTEH
11794,null-centered,CTEH
11773,null-centered,CTEH
11769,null-centered,CTEH
11766,null-centered,CTEH
11753,null-centered,CTEH
11752,null-centered,CTEH
11751,null-centered,CTEH
11750,null-centered,CTEH
11749,null-centered,CTEH
11748,null-centered,CTEH
11745,macula,CTEH
11707,null-centered,CTEH
11703,od,CTEH
11701,null-centered,CTEH
11699,od,CTEH
11698,null-centered,CTEH
11696,null-centered,CTEH
11695,null-centered,CTEH
11652,null-centered,CTEH
11649,od,CTEH
11646,macula,CTEH
11595,null-centered,CTEH
11592,od,CTEH
11590,null-centered,CTEH
11589,null-centered,CTEH
11588,null-centered,CTEH
11587,null-centered,CTEH
11586,null-centered,CTEH
11585,null-centered,CTEH
11584,null-centered,CTEH
11583,null-centered,CTEH
11582,null-centered,CTEH
11581,macula,CTEH
11577,macula,CTEH
11552,null-centered,CTEH
11551,null-centered,CTEH
11550,null-centered,CTEH
11545,null-centered,CTEH
11542,null-centered,CTEH
11541,null-centered,CTEH
11578,macula,CTEH
12219,od,EYESCAN
12212,od,EYESCAN
12201,,EYESCAN
12200,,EYESCAN
12195,od,EYESCAN
12194,macula,EYESCAN
12163,od,EYESCAN
12162,macula,EYESCAN
12156,macula,EYESCAN
12155,macula,EYESCAN
12790,macula,BAIDU
12788,macula,BAIDU
12787,macula,BAIDU
12753,macula,BAIDU
12750,macula,BAIDU
12746,macula,BAIDU
12741,macula,BAIDU
12731,macula,BAIDU
12726,macula,BAIDU
12725,macula,BAIDU
12724,macula,BAIDU
12717,macula,BAIDU
12715,macula,BAIDU
12714,macula,BAIDU
12713,macula,BAIDU
12712,macula,BAIDU
12711,macula,BAIDU
12710,macula,BAIDU
12709,macula,BAIDU
12706,macula,BAIDU
12705,macula,BAIDU
12703,macula,BAIDU
12702,macula,BAIDU
12700,macula,BAIDU
12658,macula,BAIDU
12656,macula,BAIDU
12620,macula,BAIDU
11976,od,CTEH
11974,od,CTEH
11960,od,CTEH
11931,macula,CTEH
11919,macula,CTEH
11916,od,CTEH
11801,od,CTEH
11799,macula,CTEH
11702,od,CTEH
11641,macula,CTEH
12745,macula,BAIDU
12740,macula,BAIDU
12739,macula,BAIDU
12738,macula,BAIDU
12736,macula,BAIDU
12734,macula,BAIDU
12733,macula,BAIDU
12728,macula,BAIDU
12729,macula,BAIDU
12704,macula,BAIDU
12701,macula,BAIDU
12699,macula,BAIDU
12696,macula,BAIDU
12695,macula,BAIDU
12694,macula,BAIDU
12693,macula,BAIDU
12691,macula,BAIDU
12690,macula,BAIDU
12689,macula,BAIDU
12655,macula,BAIDU
12654,macula,BAIDU
12653,macula,BAIDU
12652,macula,BAIDU
12651,macula,BAIDU
12649,macula,BAIDU
12648,macula,BAIDU
12647,macula,BAIDU
12612,macula,BAIDU
12609,macula,BAIDU
12646,macula,BAIDU
12605,macula,BAIDU
12604,macula,BAIDU
12602,macula,BAIDU
12600,macula,BAIDU
12353,macula,EYESCAN
12348,macula,EYESCAN
12328,od,EYESCAN
12304,macula,EYESCAN
12302,od,EYESCAN
12301,macula,EYESCAN
12298,od,EYESCAN
12299,od,EYESCAN
12297,macula,EYESCAN
12295,od,EYESCAN
12293,macula,EYESCAN
12291,od,EYESCAN
12290,macula,EYESCAN
12289,macula,EYESCAN
12283,macula,EYESCAN
12281,od,EYESCAN
12282,macula,EYESCAN
12254,macula,EYESCAN
12253,od,EYESCAN
12245,macula,EYESCAN
12243,macula,EYESCAN
12242,macula,EYESCAN
12227,macula,EYESCAN
12186,macula,EYESCAN
12183,macula,EYESCAN
12168,od,EYESCAN
12140,od,EYESCAN
12135,macula,EYESCAN
11900,od,CTEH
11899,,CTEH
11892,,CTEH
11853,,CTEH
11851,macula,CTEH
11850,macula,CTEH
11830,od,CTEH
11806,,CTEH
11805,macula,CTEH
11803,macula,CTEH
11771,macula,CTEH
11713,macula,CTEH
11712,,CTEH
11711,,CTEH
11710,,CTEH
11709,,CTEH
11708,,CTEH
11706,,CTEH
11705,,CTEH
11704,,CTEH
11665,,CTEH
11664,,CTEH
11662,,CTEH
11651,,CTEH
11650,,CTEH
11626,,CTEH
11625,,CTEH
11618,,CTEH
11617,,CTEH
11606,,CTEH
11605,,CTEH
11604,,CTEH
11580,macula,CTEH
11579,od,CTEH
11546,,CTEH
11544,,CTEH
11543,,CTEH
11516,od,CTEH
11515,od,CTEH
11261,,CTEH
12552,,EYESCAN
12546,od,EYESCAN
12542,od,EYESCAN
12515,od,EYESCAN
12512,od,EYESCAN
12513,macula,EYESCAN
12505,od,EYESCAN
12500,od,EYESCAN
12484,macula,EYESCAN
12476,od,EYESCAN
12472,od,EYESCAN
12466,od,EYESCAN
12465,,EYESCAN
12458,macula,EYESCAN
12446,,EYESCAN
12447,macula,EYESCAN
12445,od,EYESCAN
12435,macula,EYESCAN
12432,macula,EYESCAN
12429,od,EYESCAN
12427,od,EYESCAN
12421,od,EYESCAN
12419,od,EYESCAN
12403,od,EYESCAN
12398,od,EYESCAN
12397,macula,EYESCAN
12394,macula,EYESCAN
12391,od,EYESCAN
12385,macula,EYESCAN
12388,od,EYESCAN
12387,macula,EYESCAN
12381,macula,EYESCAN
12380,od,EYESCAN
12366,macula,EYESCAN
12362,od,EYESCAN
12361,macula,EYESCAN
12357,od,EYESCAN
12350,od,EYESCAN
12343,macula,EYESCAN
12327,macula,EYESCAN
12326,macula,EYESCAN
12325,od,EYESCAN
12318,od,EYESCAN
12317,macula,EYESCAN
12309,od,EYESCAN
12294,macula,EYESCAN
12286,macula,EYESCAN
12278,od,EYESCAN
12269,macula,EYESCAN
12267,od,EYESCAN
12263,od,EYESCAN
12250,od,EYESCAN
12217,od,EYESCAN
12160,,EYESCAN
12161,,EYESCAN
12883,macula,BAIDU
12876,macula,BAIDU
12873,macula,BAIDU
12840,macula,BAIDU
12836,macula,BAIDU
12818,macula,BAIDU
12778,macula,BAIDU
12770,macula,BAIDU
12766,macula,BAIDU
12765,macula,BAIDU
12761,macula,BAIDU
12757,macula,BAIDU
12752,macula,BAIDU
12748,macula,BAIDU
12119,macula,CTEH
12118,macula,CTEH
12114,macula,CTEH
12110,macula,CTEH
12112,macula,CTEH
12103,,CTEH
12093,,CTEH
12091,macula,CTEH
12090,macula,CTEH
12083,macula,CTEH
12082,macula,CTEH
12072,od,CTEH
12064,macula,CTEH
12047,od,CTEH
12046,od,CTEH
12044,macula,CTEH
12039,od,CTEH
12035,,CTEH
12034,od,CTEH
12032,od,CTEH
12031,,CTEH
12030,,CTEH
12029,od,CTEH
12028,,CTEH
12027,,CTEH
12026,macula,CTEH
12021,,CTEH
12018,od,CTEH
12014,,CTEH
12008,,CTEH
12007,od,CTEH
12006,,CTEH
12005,,CTEH
12004,macula,CTEH
11998,macula,CTEH
11996,,CTEH
11994,macula,CTEH
11993,macula,CTEH
11986,,CTEH
11982,,CTEH
11983,macula,CTEH
11975,macula,CTEH
11972,od,CTEH
11947,,CTEH
11943,,CTEH
11941,macula,CTEH
11911,,CTEH
11906,,CTEH
11898,,CTEH
11884,,CTEH
11873,,CTEH
11865,,CTEH
11834,,CTEH
11820,,CTEH
11800,,CTEH
11796,,CTEH
11716,,CTEH
11697,,CTEH
11637,,CTEH
12889,macula,BAIDU
12886,macula,BAIDU
12878,macula,BAIDU
12874,macula,BAIDU
12859,macula,BAIDU
12853,macula,BAIDU
12851,macula,BAIDU
12847,macula,BAIDU
12844,macula,BAIDU
12838,macula,BAIDU
12829,macula,BAIDU
12823,macula,BAIDU
12817,macula,BAIDU
12795,macula,BAIDU
12774,macula,BAIDU
12762,macula,BAIDU
12749,macula,BAIDU
12276,od,EYESCAN
12277,macula,EYESCAN
12270,od,EYESCAN
12261,macula,EYESCAN
11790,,CTEH
11761,,CTEH
11718,,CTEH
11714,,CTEH
11600,,CTEH
11599,,CTEH
11594,,CTEH
13278,macula,CTEH
13277,macula,CTEH
13276,macula,CTEH
13275,od,CTEH
13274,macula,CTEH
13273,macula,CTEH
13272,macula,CTEH
13271,macula,CTEH
13270,macula,CTEH
13269,macula,CTEH
13268,macula,CTEH
13267,macula,CTEH
13266,macula,CTEH
13265,macula,CTEH
13264,macula,CTEH
13263,od,CTEH
13262,od,CTEH
13261,macula,CTEH
13260,macula,CTEH
13259,macula,CTEH
13258,macula,CTEH
13257,macula,CTEH
13256,macula,CTEH
13255,od,CTEH
13254,macula,CTEH
13253,od,CTEH
13252,macula,CTEH
13251,macula,CTEH
13250,macula,CTEH
13249,macula,CTEH
13248,od,CTEH
13247,macula,CTEH
13246,macula,CTEH
13245,macula,CTEH
13244,od,CTEH
13243,od,CTEH
13242,macula,CTEH
13241,macula,CTEH
13240,od,CTEH
13239,macula,CTEH
13238,macula,CTEH
13237,macula,CTEH
13236,macula,CTEH
13235,macula,CTEH
13234,macula,CTEH
13233,macula,CTEH
13232,macula,CTEH
13231,od,CTEH
13230,macula,CTEH
13229,macula,CTEH
13228,macula,CTEH
13227,macula,CTEH
13226,macula,CTEH
13225,macula,CTEH
13224,od,CTEH
13223,macula,CTEH
13222,macula,CTEH
13221,macula,CTEH
13220,macula,CTEH
13219,macula,CTEH
13218,macula,CTEH
13217,macula,CTEH
13216,macula,CTEH
13215,macula,CTEH
13214,macula,CTEH
13213,macula,CTEH
13212,macula,CTEH
13211,macula,CTEH
13210,macula,CTEH
13209,macula,CTEH
13208,od,CTEH
13207,od,CTEH
13206,macula,CTEH
13205,macula,CTEH
13204,macula,CTEH
13203,macula,CTEH
13202,od,CTEH
13201,macula,CTEH
13200,macula,CTEH
13199,od,CTEH
13198,macula,CTEH
13197,macula,CTEH
13196,macula,CTEH
13195,od,CTEH
13194,macula,CTEH
13193,macula,CTEH
13192,macula,CTEH
13191,macula,CTEH
13190,macula,CTEH
13189,macula,CTEH
13188,macula,CTEH
13187,macula,CTEH
13186,macula,CTEH
13185,od,CTEH
13184,macula,CTEH
13183,macula,CTEH
13182,macula,CTEH
13181,macula,CTEH
13180,macula,CTEH
13179,macula,CTEH
13178,macula,CTEH
13177,macula,CTEH
13176,od,CTEH
13175,macula,CTEH
13174,macula,CTEH
13173,macula,CTEH
13172,macula,CTEH
13171,macula,CTEH
13170,macula,CTEH
13169,macula,CTEH
13168,macula,CTEH
13167,od,CTEH
13166,macula,CTEH
13165,macula,CTEH
13164,macula,CTEH
13163,macula,CTEH
13162,macula,CTEH
13161,macula,CTEH
13160,od,CTEH
13159,macula,CTEH
13158,macula,CTEH
13157,macula,CTEH
13156,macula,CTEH
13155,macula,CTEH
13154,od,CTEH
13153,macula,CTEH
13152,macula,CTEH
13151,macula,CTEH
13150,macula,CTEH
13149,macula,CTEH
13148,macula,CTEH
13147,macula,CTEH
13146,macula,CTEH
13145,od,CTEH
13144,macula,CTEH
13143,macula,CTEH
13142,macula,CTEH
13141,macula,CTEH
13140,macula,CTEH
13139,od,CTEH
13138,macula,CTEH
13137,macula,CTEH
13136,macula,CTEH
13135,macula,CTEH
13134,,CTEH
13133,od,CTEH
13132,macula,CTEH
13131,macula,CTEH
13130,,CTEH
13129,macula,CTEH
13128,macula,CTEH
13127,od,CTEH
13126,macula,CTEH
13125,macula,CTEH
13124,od,CTEH
13123,macula,CTEH
13122,macula,CTEH
13121,macula,CTEH
13120,macula,CTEH
13119,macula,CTEH
13118,od,CTEH
13117,od,CTEH
13116,macula,CTEH
13115,macula,CTEH
13114,od,CTEH
13113,macula,CTEH
13112,macula,CTEH
13111,macula,CTEH
13110,macula,CTEH
13109,od,CTEH
13108,od,CTEH
13107,macula,CTEH
13106,,CTEH
13105,macula,CTEH
13104,od,CTEH
13103,macula,CTEH
13102,od,CTEH
13101,,CTEH
13100,macula,CTEH
13099,od,CTEH
13098,od,CTEH
13097,od,CTEH
13096,macula,CTEH
13095,macula,CTEH
13094,macula,CTEH
13093,macula,CTEH
13092,od,CTEH
13091,macula,CTEH
13090,,CTEH
13089,macula,CTEH
13088,od,CTEH
13087,macula,CTEH
13086,macula,CTEH
13085,macula,CTEH
13084,macula,CTEH
13083,macula,CTEH
13082,macula,CTEH
13081,macula,CTEH
13080,macula,CTEH
13079,,CTEH
13078,macula,CTEH
13077,macula,CTEH
13076,od,CTEH
13075,macula,CTEH
13074,macula,CTEH
13073,macula,CTEH
13072,macula,CTEH
13071,macula,CTEH
13070,macula,CTEH
13069,macula,CTEH
13068,macula,CTEH
13067,macula,CTEH
13066,od,CTEH
13065,od,CTEH
13064,macula,CTEH
13063,macula,CTEH
13062,od,CTEH
13061,macula,CTEH
13060,od,CTEH
13059,macula,CTEH
13058,macula,CTEH
13057,macula,CTEH
13056,od,CTEH
13055,macula,CTEH
13054,od,CTEH
13053,od,CTEH
13052,macula,CTEH
13051,od,CTEH
13050,macula,CTEH
13049,od,CTEH
13048,macula,CTEH
13047,od,CTEH
13046,od,CTEH
13045,macula,CTEH
13044,macula,CTEH
13043,macula,CTEH
13042,macula,CTEH
13041,macula,CTEH
13040,macula,CTEH
13039,macula,CTEH
13038,od,CTEH
13037,macula,CTEH
13036,macula,CTEH
13035,macula,CTEH
13034,od,CTEH
13033,macula,CTEH
13032,macula,CTEH
13031,macula,CTEH
13030,macula,CTEH
13029,macula,CTEH
13028,od,CTEH
13027,macula,CTEH
13026,macula,CTEH
13025,macula,CTEH
13024,macula,CTEH
13023,od,CTEH
13022,macula,CTEH
13021,od,CTEH
13020,macula,CTEH
13019,macula,CTEH
13018,macula,CTEH
13017,macula,CTEH
13016,macula,CTEH
13015,od,CTEH
13014,macula,CTEH
13013,,CTEH
13012,macula,CTEH
13011,od,CTEH
13010,macula,CTEH
13009,macula,CTEH
13008,macula,CTEH
13007,macula,CTEH
13006,macula,CTEH
13005,macula,CTEH
13004,macula,CTEH
13003,od,CTEH
13002,macula,CTEH
13001,od,CTEH
13000,od,CTEH
12999,od,CTEH
12998,macula,CTEH
12997,macula,CTEH
12996,macula,CTEH
12995,od,CTEH
12994,od,CTEH
12993,od,CTEH
12992,od,CTEH
12991,macula,CTEH
12990,macula,CTEH
12989,od,CTEH
12988,macula,CTEH
12987,macula,CTEH
12986,macula,CTEH
12985,od,CTEH
12984,macula,CTEH
12983,macula,CTEH
12982,od,CTEH
12981,macula,CTEH
12980,macula,CTEH
12979,macula,CTEH
12978,od,CTEH
12977,macula,CTEH
12976,od,CTEH
12975,macula,CTEH
12974,macula,CTEH
12973,macula,CTEH
12972,,CTEH
12971,od,CTEH
12970,macula,CTEH
12969,macula,CTEH
12968,macula,CTEH
12967,macula,CTEH
12966,macula,CTEH
12965,macula,CTEH
12964,macula,CTEH
12963,macula,CTEH
12962,macula,CTEH
12961,od,CTEH
12960,macula,CTEH
12959,macula,CTEH
12958,macula,CTEH
12957,macula,CTEH
12956,,CTEH
12955,macula,CTEH
12954,macula,CTEH
12953,macula,CTEH
12952,macula,CTEH
12951,macula,CTEH
12950,macula,CTEH
12949,od,CTEH
12948,macula,CTEH
12947,,CTEH
12946,macula,CTEH
12945,macula,CTEH
12944,od,CTEH
12943,macula,CTEH
12942,od,CTEH
12941,macula,CTEH
12940,macula,CTEH
12939,od,CTEH
12938,macula,CTEH
12937,macula,CTEH
12936,macula,CTEH
12935,macula,CTEH
12934,macula,CTEH
12933,macula,CTEH
12932,macula,CTEH
12931,od,CTEH
12930,,CTEH
12929,macula,CTEH
12928,macula,CTEH
12927,macula,CTEH
12926,macula,CTEH
12925,macula,CTEH
12924,macula,CTEH
12923,macula,CTEH
12922,macula,CTEH
12921,macula,CTEH
12920,macula,CTEH
12919,macula,CTEH
12918,macula,CTEH
12917,macula,CTEH
12916,od,CTEH
12915,macula,CTEH
12914,macula,CTEH
12913,macula,CTEH
12912,od,CTEH
12911,macula,CTEH
12910,macula,CTEH
12909,macula,CTEH
12908,macula,CTEH
12907,macula,CTEH
12906,macula,CTEH
12905,macula,CTEH
12904,od,CTEH
12903,macula,CTEH
12902,macula,CTEH
12901,od,CTEH
12900,macula,CTEH
12899,macula,CTEH
12898,od,CTEH
12897,macula,CTEH
12896,od,CTEH
12895,macula,CTEH
12894,macula,CTEH
12893,macula,CTEH
12892,macula,CTEH
12891,macula,CTEH
12890,macula,CTEH
12888,macula,BAIDU
12884,macula,BAIDU
12882,macula,BAIDU
12881,macula,BAIDU
12880,macula,BAIDU
12879,macula,BAIDU
12877,macula,BAIDU
12875,macula,BAIDU
12872,macula,BAIDU
12871,macula,BAIDU
12870,macula,BAIDU
12869,macula,BAIDU
12868,macula,BAIDU
12867,macula,BAIDU
12863,macula,BAIDU
12861,macula,BAIDU
12857,macula,BAIDU
12855,macula,BAIDU
12854,macula,BAIDU
12852,macula,BAIDU
12849,macula,BAIDU
12848,macula,BAIDU
12846,macula,BAIDU
12845,macula,BAIDU
12842,macula,BAIDU
12841,macula,BAIDU
12839,macula,BAIDU
12835,macula,BAIDU
12831,macula,BAIDU
12830,macula,BAIDU
12827,macula,BAIDU
12826,macula,BAIDU
12825,macula,BAIDU
12824,macula,BAIDU
12822,macula,BAIDU
12821,macula,BAIDU
12820,macula,BAIDU
12819,macula,BAIDU
12816,macula,BAIDU
12815,macula,BAIDU
12814,macula,BAIDU
12813,macula,BAIDU
12812,macula,BAIDU
12811,macula,BAIDU
12810,macula,BAIDU
12808,macula,BAIDU
12807,macula,BAIDU
12806,macula,BAIDU
12805,macula,BAIDU
12804,macula,BAIDU
12803,macula,BAIDU
12802,macula,BAIDU
12801,macula,BAIDU
12800,macula,BAIDU
12799,macula,BAIDU
12798,macula,BAIDU
12797,macula,BAIDU
12794,macula,BAIDU
12793,macula,BAIDU
12789,macula,BAIDU
12786,macula,BAIDU
12785,macula,BAIDU
12784,macula,BAIDU
12783,macula,BAIDU
12782,macula,BAIDU
12781,macula,BAIDU
12779,macula,BAIDU
12777,macula,BAIDU
12773,macula,BAIDU
12772,macula,BAIDU
12771,macula,BAIDU
12769,macula,BAIDU
12768,macula,BAIDU
12767,macula,BAIDU
12764,macula,BAIDU
12763,macula,BAIDU
12760,macula,BAIDU
12759,macula,BAIDU
12758,macula,BAIDU
12756,macula,BAIDU
12755,macula,BAIDU
12754,macula,BAIDU
12751,macula,BAIDU
12747,macula,BAIDU
12744,macula,BAIDU
12743,macula,BAIDU
12719,macula,BAIDU
12718,macula,BAIDU
12650,macula,BAIDU
12644,macula,BAIDU
12563,od,EYESCAN
12562,macula,EYESCAN
12561,od,EYESCAN
12560,od,EYESCAN
12559,macula,EYESCAN
12558,od,EYESCAN
12557,macula,EYESCAN
12556,macula,EYESCAN
12555,macula,EYESCAN
12554,macula,EYESCAN
12553,macula,EYESCAN
12551,macula,EYESCAN
12550,macula,EYESCAN
12549,macula,EYESCAN
12548,macula,EYESCAN
12547,macula,EYESCAN
12545,od,EYESCAN
12544,macula,EYESCAN
12543,od,EYESCAN
12541,od,EYESCAN
12540,macula,EYESCAN
12539,macula,EYESCAN
12538,od,EYESCAN
12537,macula,EYESCAN
12536,od,EYESCAN
12535,macula,EYESCAN
12534,macula,EYESCAN
12533,od,EYESCAN
12532,od,EYESCAN
12531,macula,EYESCAN
12530,od,EYESCAN
12529,macula,EYESCAN
12528,macula,EYESCAN
12527,od,EYESCAN
12526,od,EYESCAN
12525,macula,EYESCAN
12524,od,EYESCAN
12523,od,EYESCAN
12522,macula,EYESCAN
12521,od,EYESCAN
12520,od,EYESCAN
12519,macula,EYESCAN
12518,od,EYESCAN
12517,od,EYESCAN
12516,od,EYESCAN
12514,od,EYESCAN
12511,macula,EYESCAN
12510,macula,EYESCAN
12509,od,EYESCAN
12508,macula,EYESCAN
12507,macula,EYESCAN
12506,od,EYESCAN
12504,od,EYESCAN
12503,macula,EYESCAN
12502,od,EYESCAN
12501,macula,EYESCAN
12499,macula,EYESCAN
12498,macula,EYESCAN
12497,od,EYESCAN
12496,macula,EYESCAN
12495,od,EYESCAN
12494,od,EYESCAN
12493,macula,EYESCAN
12492,od,EYESCAN
12491,macula,EYESCAN
12490,od,EYESCAN
12489,macula,EYESCAN
12488,od,EYESCAN
12487,macula,EYESCAN
12486,od,EYESCAN
12485,od,EYESCAN
12483,macula,EYESCAN
12482,od,EYESCAN
12481,macula,EYESCAN
12480,od,EYESCAN
12479,od,EYESCAN
12478,macula,EYESCAN
12477,macula,EYESCAN
12475,macula,EYESCAN
12474,macula,EYESCAN
12473,od,EYESCAN
12471,macula,EYESCAN
12470,od,EYESCAN
12469,macula,EYESCAN
12468,od,EYESCAN
12467,macula,EYESCAN
12464,macula,EYESCAN
12463,,EYESCAN
12462,od,EYESCAN
12461,macula,EYESCAN
12460,od,EYESCAN
12459,,EYESCAN
12457,od,EYESCAN
12456,od,EYESCAN
12455,,EYESCAN
12454,macula,EYESCAN
12453,,EYESCAN
12452,macula,EYESCAN
12451,macula,EYESCAN
12450,macula,EYESCAN
12449,,EYESCAN
12448,od,EYESCAN
12444,macula,EYESCAN
12443,macula,EYESCAN
12442,od,EYESCAN
12441,macula,EYESCAN
12440,macula,EYESCAN
12439,od,EYESCAN
12438,od,EYESCAN
12437,macula,EYESCAN
12436,od,EYESCAN
12434,od,EYESCAN
12433,od,EYESCAN
12431,od,EYESCAN
12430,macula,EYESCAN
12428,macula,EYESCAN
12426,macula,EYESCAN
12425,od,EYESCAN
12424,macula,EYESCAN
12423,od,EYESCAN
12422,macula,EYESCAN
12420,od,EYESCAN
12418,od,EYESCAN
12417,od,EYESCAN
12416,od,EYESCAN
12415,macula,EYESCAN
12414,macula,EYESCAN
12413,od,EYESCAN
12412,macula,EYESCAN
12411,od,EYESCAN
12410,od,EYESCAN
12409,od,EYESCAN
12408,od,EYESCAN
12407,od,EYESCAN
12406,macula,EYESCAN
12405,od,EYESCAN
12404,od,EYESCAN
12402,macula,EYESCAN
12401,od,EYESCAN
12400,macula,EYESCAN
12399,od,EYESCAN
12396,macula,EYESCAN
12395,od,EYESCAN
12393,od,EYESCAN
12392,od,EYESCAN
12390,od,EYESCAN
12389,macula,EYESCAN
12386,od,EYESCAN
12384,od,EYESCAN
12383,macula,EYESCAN
12382,macula,EYESCAN
12379,od,EYESCAN
12378,od,EYESCAN
12377,macula,EYESCAN
12376,od,EYESCAN
12375,macula,EYESCAN
12374,od,EYESCAN
12373,od,EYESCAN
12372,macula,EYESCAN
12371,macula,EYESCAN
12370,od,EYESCAN
12369,od,EYESCAN
12368,macula,EYESCAN
12367,od,EYESCAN
12365,macula,EYESCAN
12364,od,EYESCAN
12363,macula,EYESCAN
12360,macula,EYESCAN
12359,od,EYESCAN
12358,macula,EYESCAN
12356,od,EYESCAN
12355,od,EYESCAN
12354,od,EYESCAN
12352,od,EYESCAN
12351,macula,EYESCAN
12349,macula,EYESCAN
12346,macula,EYESCAN
12345,od,EYESCAN
12344,od,EYESCAN
12342,macula,EYESCAN
12341,macula,EYESCAN
12339,od,EYESCAN
12337,macula,EYESCAN
12336,od,EYESCAN
12335,od,EYESCAN
12333,od,EYESCAN
12332,od,EYESCAN
12331,macula,EYESCAN
12330,macula,EYESCAN
12329,od,EYESCAN
12324,macula,EYESCAN
12323,od,EYESCAN
12322,od,EYESCAN
12321,od,EYESCAN
12320,macula,EYESCAN
12316,od,EYESCAN
12315,macula,EYESCAN
12314,od,EYESCAN
12313,od,EYESCAN
12312,macula,EYESCAN
12311,macula,EYESCAN
12307,macula,EYESCAN
12306,od,EYESCAN
12303,macula,EYESCAN
12292,macula,EYESCAN
12288,od,EYESCAN
12285,od,EYESCAN
12284,od,EYESCAN
12280,macula,EYESCAN
12279,macula,EYESCAN
12275,od,EYESCAN
12274,od,EYESCAN
12273,macula,EYESCAN
12272,od,EYESCAN
12271,macula,EYESCAN
12268,macula,EYESCAN
12266,macula,EYESCAN
12265,macula,EYESCAN
12264,od,EYESCAN
12262,macula,EYESCAN
12260,od,EYESCAN
12259,macula,EYESCAN
12256,macula,EYESCAN
12255,od,EYESCAN
12252,od,EYESCAN
12248,macula,EYESCAN
12222,od,EYESCAN
12124,macula,CTEH
12123,od,CTEH
12122,,CTEH
12121,od,CTEH
12120,macula,CTEH
12117,macula,CTEH
12116,od,CTEH
12115,macula,CTEH
12113,od,CTEH
12111,macula,CTEH
12109,,CTEH
12108,,CTEH
12107,,CTEH
12106,,CTEH
12105,,CTEH
12104,,CTEH
12102,,CTEH
12101,,CTEH
12100,,CTEH
12099,,CTEH
12098,,CTEH
12097,,CTEH
12096,,CTEH
12095,,CTEH
12094,,CTEH
12092,macula,CTEH
12089,macula,CTEH
12088,,CTEH
12087,,CTEH
12086,,CTEH
12085,,CTEH
12084,,CTEH
12081,,CTEH
12080,,CTEH
12079,,CTEH
12078,,CTEH
12077,,CTEH
12076,,CTEH
12075,,CTEH
12074,,CTEH
12073,,CTEH
12071,,CTEH
12070,,CTEH
12069,,CTEH
12068,,CTEH
12067,,CTEH
12066,,CTEH
12065,,CTEH
12063,,CTEH
12062,od,CTEH
12061,,CTEH
12060,macula,CTEH
12059,od,CTEH
12058,macula,CTEH
12057,macula,CTEH
12056,macula,CTEH
12055,macula,CTEH
12054,macula,CTEH
12053,,CTEH
12052,od,CTEH
12051,,CTEH
12050,,CTEH
12049,,CTEH
12048,,CTEH
12045,od,CTEH
12043,,CTEH
12042,,CTEH
12041,,CTEH
12040,macula,CTEH
12038,macula,CTEH
12037,od,CTEH
12036,,CTEH
12033,,CTEH
12025,,CTEH
12024,,CTEH
12023,,CTEH
12022,,CTEH
12020,,CTEH
12019,,CTEH
12017,,CTEH
12016,,CTEH
12015,,CTEH
12013,,CTEH
12012,,CTEH
12011,,CTEH
12010,,CTEH
12009,,CTEH
12003,macula,CTEH
12002,,CTEH
12001,,CTEH
12000,,CTEH
11999,,CTEH
11997,,CTEH
11995,,CTEH
11992,,CTEH
11991,,CTEH
11990,,CTEH
11988,,CTEH
11987,,CTEH
11985,,CTEH
11981,macula,CTEH
11980,,CTEH
11978,od,CTEH
11977,,CTEH
11973,,CTEH
11971,,CTEH
11969,,CTEH
11968,,CTEH
11967,,CTEH
11966,,CTEH
11965,,CTEH
11964,,CTEH
11963,,CTEH
11962,,CTEH
11961,,CTEH
11959,,CTEH
11958,,CTEH
11957,,CTEH
11954,,CTEH
11953,,CTEH
11952,,CTEH
11951,,CTEH
11950,,CTEH
11949,,CTEH
11948,,CTEH
11946,,CTEH
11945,,CTEH
11944,,CTEH
11942,,CTEH
11939,,CTEH
11938,od,CTEH
11937,,CTEH
11936,,CTEH
11935,,CTEH
11934,,CTEH
11933,,CTEH
11932,,CTEH
11930,,CTEH
11929,,CTEH
11927,macula,CTEH
11926,,CTEH
11925,,CTEH
11923,,CTEH
11922,,CTEH
11921,,CTEH
11915,,CTEH
11914,,CTEH
11912,,CTEH
11910,,CTEH
11905,,CTEH
11904,,CTEH
11903,,CTEH
11897,,CTEH
11896,,CTEH
11895,,CTEH
11893,,CTEH
11889,,CTEH
11886,,CTEH
11883,,CTEH
11881,,CTEH
11879,,CTEH
11878,,CTEH
11876,,CTEH
11875,,CTEH
11874,,CTEH
11872,,CTEH
11870,,CTEH
11869,,CTEH
11866,,CTEH
11864,,CTEH
11860,,CTEH
11859,,CTEH
11858,,CTEH
11856,,CTEH
11855,,CTEH
11854,,CTEH
11848,,CTEH
11847,,CTEH
11846,,CTEH
11845,,CTEH
11844,,CTEH
11842,,CTEH
11841,od,CTEH
11837,,CTEH
11835,,CTEH
11833,,CTEH
11827,,CTEH
11802,macula,CTEH
11798,,CTEH
11797,,CTEH
11795,,CTEH
11793,,CTEH
11791,,CTEH
11787,,CTEH
11785,,CTEH
11776,,CTEH
11774,,CTEH
11760,,CTEH
11759,,CTEH
11757,,CTEH
11756,,CTEH
11754,,CTEH
11744,,CTEH
11738,,CTEH
11737,,CTEH
11734,,CTEH
11733,,CTEH
11730,,CTEH
11700,,CTEH
11683,,CTEH
11636,,CTEH
11634,,CTEH
11603,,CTEH
11601,,CTEH
11598,,CTEH
11596,,CTEH
