,ID,label_lr,src
0,11892,right,CTEH
1,11853,left,CTEH
2,11261,left,CTEH
3,12552,right,EYESCAN
4,12546,right,EYESCAN
5,12542,right,EYESCAN
6,12515,left,EYESCAN
7,12512,right,EYESCAN
8,12513,right,EYESCAN
9,12505,right,EYESCAN
10,12500,right,EYESCAN
11,12484,left,EYESCAN
12,12476,right,EYESCAN
13,12472,right,EYESCAN
14,12466,left,EYESCAN
15,12465,left,EYESCAN
16,12458,right,EYESCAN
17,12446,right,EYESCAN
18,12447,right,EYESCAN
19,12445,left,EYESCAN
20,12435,right,EYESCAN
21,12432,right,EYESCAN
22,12429,left,EYESCAN
23,12427,left,EYESCAN
24,12421,right,EYESCAN
25,12419,left,EYESCAN
26,12403,right,EYESCAN
27,12398,left,EYESCAN
28,12397,left,EYESCAN
29,12394,right,EYESCAN
30,12391,right,EYESCAN
31,12385,left,EYESCAN
32,12388,right,EYESCAN
33,12387,right,EYESCAN
34,12381,right,EYESCAN
35,12380,right,EYESCAN
36,12366,left,EYESCAN
37,12362,right,EYESCAN
38,12361,right,EYESCAN
39,12357,right,EYESCAN
40,12350,left,EYESCAN
41,12343,left,EYESCAN
42,12327,left,EYESCAN
43,12326,right,EYESCAN
44,12325,left,EYESCAN
45,12318,left,EYESCAN
46,12317,left,EYESCAN
47,12309,left,EYESCAN
48,12294,left,EYESCAN
49,12287,left,EYESCAN
50,12286,left,EYESCAN
51,12278,right,EYESCAN
52,12269,left,EYESCAN
53,12267,left,EYESCAN
54,12263,left,EYESCAN
55,12251,left,EYESCAN
56,12250,right,EYESCAN
57,12225,left,EYESCAN
58,12217,right,EYESCAN
59,12160,right,EYESCAN
60,12161,right,EYESCAN
61,12887,left,BAIDU
62,12883,left,BAIDU
63,12876,left,BAIDU
64,12873,left,BAIDU
65,12865,left,BAIDU
66,12858,left,BAIDU
67,12840,left,BAIDU
68,12836,left,BAIDU
69,12818,left,BAIDU
70,12809,left,BAIDU
71,12791,left,BAIDU
72,12780,left,BAIDU
73,12778,left,BAIDU
74,12770,left,BAIDU
75,12766,left,BAIDU
76,12765,left,BAIDU
77,12761,left,BAIDU
78,12757,left,BAIDU
79,12752,left,BAIDU
80,12748,left,BAIDU
81,12119,left,CTEH
82,12118,right,CTEH
83,12114,left,CTEH
84,12110,right,CTEH
85,12112,right,CTEH
86,12103,right,CTEH
87,12093,right,CTEH
88,12091,left,CTEH
89,12090,right,CTEH
90,12083,right,CTEH
91,12082,left,CTEH
92,12072,left,CTEH
93,12064,left,CTEH
94,12047,left,CTEH
95,12046,left,CTEH
96,12044,left,CTEH
97,12039,left,CTEH
98,12035,left,CTEH
99,12034,left,CTEH
100,12032,right,CTEH
101,12031,right,CTEH
102,12030,left,CTEH
103,12029,left,CTEH
104,12028,left,CTEH
105,12027,left,CTEH
106,12026,right,CTEH
107,12021,right,CTEH
108,12018,left,CTEH
109,12014,left,CTEH
110,12008,left,CTEH
111,12007,right,CTEH
112,12006,right,CTEH
113,12005,right,CTEH
114,12004,left,CTEH
115,11998,right,CTEH
116,11996,right,CTEH
117,11994,right,CTEH
118,11993,right,CTEH
119,11986,left,CTEH
120,11982,left,CTEH
121,11983,left,CTEH
122,11975,left,CTEH
123,11972,left,CTEH
124,11955,right,CTEH
125,11947,left,CTEH
126,11943,right,CTEH
127,11941,right,CTEH
128,11911,right,CTEH
129,11906,right,CTEH
130,11902,right,CTEH
131,11901,left,CTEH
132,11898,right,CTEH
133,11882,right,CTEH
134,11884,left,CTEH
135,11880,right,CTEH
136,11873,right,CTEH
137,11865,right,CTEH
138,11861,right,CTEH
139,11843,left,CTEH
140,11839,left,CTEH
141,11834,right,CTEH
142,11829,right,CTEH
143,11826,left,CTEH
144,11820,left,CTEH
145,11800,left,CTEH
146,11796,right,CTEH
147,11772,right,CTEH
148,11727,left,CTEH
149,11717,right,CTEH
150,11716,right,CTEH
151,11715,right,CTEH
152,11703,left,CTEH
153,11701,right,CTEH
154,11699,left,CTEH
155,11697,right,CTEH
156,11696,right,CTEH
157,11693,left,CTEH
158,11692,right,CTEH
159,11694,left,CTEH
160,11685,left,CTEH
161,11682,right,CTEH
162,11681,left,CTEH
163,11679,left,CTEH
164,11671,right,CTEH
165,11672,left,CTEH
166,11673,left,CTEH
167,11670,left,CTEH
168,11668,right,CTEH
169,11669,left,CTEH
170,11644,right,CTEH
171,11642,right,CTEH
172,11637,right,CTEH
173,11593,left,CTEH
174,11591,left,CTEH
175,11590,left,CTEH
176,11584,right,CTEH
177,11585,left,CTEH
178,11563,left,CTEH
179,11560,left,CTEH
180,11556,left,CTEH
181,11554,right,CTEH
182,12885,left,BAIDU
183,12889,left,BAIDU
184,12886,left,BAIDU
185,12878,left,BAIDU
186,12874,left,BAIDU
187,12859,left,BAIDU
188,12853,left,BAIDU
189,12851,left,BAIDU
190,12847,left,BAIDU
191,12844,left,BAIDU
192,12838,left,BAIDU
193,12828,left,BAIDU
194,12829,left,BAIDU
195,12823,left,BAIDU
196,12817,left,BAIDU
197,12795,left,BAIDU
198,12796,left,BAIDU
199,12774,left,BAIDU
200,12762,left,BAIDU
201,12749,left,BAIDU
202,12669,left,BAIDU
203,12276,right,EYESCAN
204,12277,right,EYESCAN
205,12270,left,EYESCAN
206,12261,right,EYESCAN
207,12228,right,EYESCAN
208,12224,right,EYESCAN
209,12221,right,EYESCAN
210,12213,right,EYESCAN
211,12157,left,EYESCAN
212,11792,left,CTEH
213,11790,left,CTEH
214,11780,left,CTEH
215,11761,right,CTEH
216,11752,right,CTEH
217,11740,left,CTEH
218,11718,right,CTEH
219,11714,right,CTEH
220,11600,right,CTEH
221,11592,left,CTEH
222,11729,left,CTEH
223,11690,right,CTEH
224,11680,left,CTEH
225,11678,right,CTEH
226,11599,right,CTEH
227,11594,right,CTEH
228,11588,left,CTEH
229,11587,right,CTEH
230,11562,left,CTEH
231,11558,left,CTEH
232,13278,left,CTEH
233,13277,right,CTEH
234,13276,right,CTEH
235,13275,left,CTEH
236,13274,left,CTEH
237,13273,right,CTEH
238,13272,left,CTEH
239,13271,right,CTEH
240,13270,left,CTEH
241,13269,left,CTEH
242,13268,left,CTEH
243,13267,left,CTEH
244,13266,right,CTEH
245,13265,right,CTEH
246,13264,right,CTEH
247,13263,left,CTEH
248,13262,left,CTEH
249,13261,right,CTEH
250,13260,left,CTEH
251,13259,right,CTEH
252,13258,left,CTEH
253,13257,left,CTEH
254,13256,right,CTEH
255,13255,left,CTEH
256,13254,right,CTEH
257,13253,left,CTEH
258,13252,left,CTEH
259,13251,right,CTEH
260,13250,right,CTEH
261,13249,left,CTEH
262,13248,left,CTEH
263,13247,left,CTEH
264,13246,left,CTEH
265,13245,right,CTEH
266,13244,left,CTEH
267,13243,left,CTEH
268,13242,right,CTEH
269,13241,right,CTEH
270,13240,right,CTEH
271,13239,right,CTEH
272,13238,left,CTEH
273,13237,right,CTEH
274,13236,right,CTEH
275,13235,right,CTEH
276,13234,right,CTEH
277,13233,right,CTEH
278,13232,left,CTEH
279,13231,left,CTEH
280,13230,left,CTEH
281,13229,left,CTEH
282,13228,left,CTEH
283,13227,left,CTEH
284,13226,left,CTEH
285,13225,right,CTEH
286,13224,left,CTEH
287,13223,right,CTEH
288,13222,left,CTEH
289,13221,left,CTEH
290,13220,left,CTEH
291,13219,left,CTEH
292,13218,left,CTEH
293,13217,right,CTEH
294,13216,left,CTEH
295,13215,right,CTEH
296,13214,right,CTEH
297,13213,left,CTEH
298,13212,left,CTEH
299,13211,left,CTEH
300,13210,right,CTEH
301,13209,right,CTEH
302,13208,left,CTEH
303,13207,left,CTEH
304,13206,right,CTEH
305,13205,right,CTEH
306,13204,left,CTEH
307,13203,right,CTEH
308,13202,left,CTEH
309,13201,left,CTEH
310,13200,left,CTEH
311,13199,right,CTEH
312,13198,right,CTEH
313,13197,right,CTEH
314,13196,right,CTEH
315,13195,left,CTEH
316,13194,left,CTEH
317,13193,right,CTEH
318,13192,left,CTEH
319,13191,right,CTEH
320,13190,right,CTEH
321,13189,right,CTEH
322,13188,right,CTEH
323,13187,left,CTEH
324,13186,right,CTEH
325,13185,right,CTEH
326,13184,left,CTEH
327,13183,right,CTEH
328,13182,left,CTEH
329,13181,left,CTEH
330,13180,right,CTEH
331,13179,right,CTEH
332,13178,right,CTEH
333,13177,right,CTEH
334,13176,left,CTEH
335,13175,left,CTEH
336,13174,left,CTEH
337,13173,left,CTEH
338,13172,right,CTEH
339,13171,left,CTEH
340,13170,right,CTEH
341,13169,right,CTEH
342,13168,right,CTEH
343,13167,left,CTEH
344,13166,left,CTEH
345,13165,left,CTEH
346,13164,right,CTEH
347,13163,left,CTEH
348,13162,left,CTEH
349,13161,right,CTEH
350,13160,right,CTEH
351,13159,right,CTEH
352,13158,left,CTEH
353,13157,right,CTEH
354,13156,left,CTEH
355,13155,right,CTEH
356,13154,left,CTEH
357,13153,left,CTEH
358,13152,right,CTEH
359,13151,right,CTEH
360,13150,right,CTEH
361,13149,right,CTEH
362,13148,left,CTEH
363,13147,right,CTEH
364,13146,right,CTEH
365,13145,left,CTEH
366,13144,left,CTEH
367,13143,left,CTEH
368,13142,right,CTEH
369,13141,left,CTEH
370,13140,right,CTEH
371,13139,left,CTEH
372,13138,right,CTEH
373,13137,left,CTEH
374,13136,left,CTEH
375,13135,right,CTEH
376,13134,left,CTEH
377,13133,left,CTEH
378,13132,right,CTEH
379,13131,right,CTEH
380,13130,right,CTEH
381,13129,left,CTEH
382,13128,right,CTEH
383,13127,left,CTEH
384,13126,right,CTEH
385,13125,right,CTEH
386,13124,left,CTEH
387,13123,left,CTEH
388,13122,right,CTEH
389,13121,left,CTEH
390,13120,left,CTEH
391,13119,left,CTEH
392,13118,left,CTEH
393,13117,right,CTEH
394,13116,right,CTEH
395,13115,left,CTEH
396,13114,left,CTEH
397,13113,right,CTEH
398,13112,right,CTEH
399,13111,right,CTEH
400,13110,left,CTEH
401,13109,left,CTEH
402,13108,left,CTEH
403,13107,right,CTEH
404,13106,left,CTEH
405,13105,right,CTEH
406,13104,right,CTEH
407,13103,right,CTEH
408,13102,left,CTEH
409,13101,left,CTEH
410,13100,right,CTEH
411,13099,left,CTEH
412,13098,right,CTEH
413,13097,right,CTEH
414,13096,right,CTEH
415,13095,right,CTEH
416,13094,left,CTEH
417,13093,right,CTEH
418,13092,left,CTEH
419,13091,left,CTEH
420,13090,right,CTEH
421,13089,right,CTEH
422,13088,right,CTEH
423,13087,right,CTEH
424,13086,right,CTEH
425,13085,left,CTEH
426,13084,right,CTEH
427,13083,right,CTEH
428,13082,left,CTEH
429,13081,right,CTEH
430,13080,right,CTEH
431,13079,right,CTEH
432,13078,left,CTEH
433,13077,left,CTEH
434,13076,left,CTEH
435,13075,left,CTEH
436,13074,left,CTEH
437,13073,left,CTEH
438,13072,left,CTEH
439,13071,right,CTEH
440,13070,left,CTEH
441,13069,left,CTEH
442,13068,left,CTEH
443,13067,left,CTEH
444,13066,right,CTEH
445,13065,right,CTEH
446,13064,right,CTEH
447,13063,right,CTEH
448,13062,right,CTEH
449,13061,right,CTEH
450,13060,left,CTEH
451,13059,left,CTEH
452,13058,right,CTEH
453,13057,right,CTEH
454,13056,left,CTEH
455,13055,right,CTEH
456,13054,right,CTEH
457,13053,left,CTEH
458,13052,right,CTEH
459,13051,right,CTEH
460,13050,left,CTEH
461,13049,left,CTEH
462,13048,left,CTEH
463,13047,left,CTEH
464,13046,left,CTEH
465,13045,left,CTEH
466,13044,left,CTEH
467,13043,left,CTEH
468,13042,right,CTEH
469,13041,right,CTEH
470,13040,left,CTEH
471,13039,right,CTEH
472,13038,left,CTEH
473,13037,right,CTEH
474,13036,right,CTEH
475,13035,right,CTEH
476,13034,left,CTEH
477,13033,left,CTEH
478,13032,left,CTEH
479,13031,left,CTEH
480,13030,right,CTEH
481,13029,left,CTEH
482,13028,left,CTEH
483,13027,left,CTEH
484,13026,left,CTEH
485,13025,left,CTEH
486,13024,left,CTEH
487,13023,left,CTEH
488,13022,left,CTEH
489,13021,left,CTEH
490,13020,left,CTEH
491,13019,right,CTEH
492,13018,left,CTEH
493,13017,left,CTEH
494,13016,left,CTEH
495,13015,left,CTEH
496,13014,left,CTEH
497,13013,right,CTEH
498,13012,right,CTEH
499,13011,left,CTEH
500,13010,right,CTEH
501,13009,right,CTEH
502,13008,right,CTEH
503,13007,left,CTEH
504,13006,right,CTEH
505,13005,left,CTEH
506,13004,right,CTEH
507,13003,left,CTEH
508,13002,left,CTEH
509,13001,left,CTEH
510,13000,right,CTEH
511,12999,left,CTEH
512,12998,left,CTEH
513,12997,right,CTEH
514,12996,left,CTEH
515,12995,right,CTEH
516,12994,left,CTEH
517,12993,right,CTEH
518,12992,right,CTEH
519,12991,right,CTEH
520,12990,right,CTEH
521,12989,left,CTEH
522,12988,left,CTEH
523,12987,right,CTEH
524,12986,left,CTEH
525,12985,left,CTEH
526,12984,right,CTEH
527,12983,right,CTEH
528,12982,right,CTEH
529,12981,right,CTEH
530,12980,right,CTEH
531,12979,left,CTEH
532,12978,right,CTEH
533,12977,left,CTEH
534,12976,left,CTEH
535,12975,right,CTEH
536,12974,right,CTEH
537,12973,left,CTEH
538,12972,right,CTEH
539,12971,left,CTEH
540,12970,right,CTEH
541,12969,right,CTEH
542,12968,right,CTEH
543,12967,right,CTEH
544,12966,left,CTEH
545,12965,left,CTEH
546,12964,right,CTEH
547,12963,left,CTEH
548,12962,right,CTEH
549,12961,left,CTEH
550,12960,left,CTEH
551,12959,left,CTEH
552,12958,right,CTEH
553,12957,right,CTEH
554,12956,left,CTEH
555,12955,right,CTEH
556,12954,left,CTEH
557,12953,right,CTEH
558,12952,left,CTEH
559,12951,right,CTEH
560,12950,right,CTEH
561,12949,left,CTEH
562,12948,right,CTEH
563,12947,right,CTEH
564,12946,right,CTEH
565,12945,left,CTEH
566,12944,right,CTEH
567,12943,left,CTEH
568,12942,left,CTEH
569,12941,left,CTEH
570,12940,left,CTEH
571,12939,right,CTEH
572,12938,left,CTEH
573,12937,right,CTEH
574,12936,right,CTEH
575,12935,left,CTEH
576,12934,left,CTEH
577,12933,left,CTEH
578,12932,right,CTEH
579,12931,left,CTEH
580,12930,left,CTEH
581,12929,left,CTEH
582,12928,right,CTEH
583,12927,right,CTEH
584,12926,right,CTEH
585,12925,right,CTEH
586,12924,left,CTEH
587,12923,left,CTEH
588,12922,left,CTEH
589,12921,right,CTEH
590,12920,right,CTEH
591,12919,right,CTEH
592,12918,left,CTEH
593,12917,left,CTEH
594,12916,left,CTEH
595,12915,right,CTEH
596,12914,left,CTEH
597,12913,left,CTEH
598,12912,right,CTEH
599,12911,left,CTEH
600,12910,right,CTEH
601,12909,right,CTEH
602,12908,left,CTEH
603,12907,left,CTEH
604,12906,right,CTEH
605,12905,left,CTEH
606,12904,left,CTEH
607,12903,left,CTEH
608,12902,right,CTEH
609,12901,left,CTEH
610,12900,right,CTEH
611,12899,left,CTEH
612,12898,right,CTEH
613,12897,right,CTEH
614,12896,right,CTEH
615,12895,right,CTEH
616,12894,left,CTEH
617,12893,left,CTEH
618,12892,right,CTEH
619,12891,left,CTEH
620,12890,left,CTEH
621,12888,left,BAIDU
622,12884,left,BAIDU
623,12882,left,BAIDU
624,12881,left,BAIDU
625,12880,left,BAIDU
626,12879,left,BAIDU
627,12877,left,BAIDU
628,12875,left,BAIDU
629,12872,left,BAIDU
630,12871,left,BAIDU
631,12870,left,BAIDU
632,12869,left,BAIDU
633,12868,left,BAIDU
634,12867,left,BAIDU
635,12866,left,BAIDU
636,12864,left,BAIDU
637,12863,left,BAIDU
638,12862,left,BAIDU
639,12861,left,BAIDU
640,12860,left,BAIDU
641,12857,left,BAIDU
642,12856,left,BAIDU
643,12855,left,BAIDU
644,12854,left,BAIDU
645,12852,left,BAIDU
646,12850,left,BAIDU
647,12849,left,BAIDU
648,12848,left,BAIDU
649,12846,left,BAIDU
650,12845,left,BAIDU
651,12843,left,BAIDU
652,12842,left,BAIDU
653,12841,left,BAIDU
654,12839,left,BAIDU
655,12837,left,BAIDU
656,12835,left,BAIDU
657,12834,left,BAIDU
658,12833,left,BAIDU
659,12832,left,BAIDU
660,12831,left,BAIDU
661,12830,left,BAIDU
662,12827,left,BAIDU
663,12826,left,BAIDU
664,12825,left,BAIDU
665,12824,left,BAIDU
666,12822,left,BAIDU
667,12821,left,BAIDU
668,12820,left,BAIDU
669,12819,left,BAIDU
670,12816,left,BAIDU
671,12815,left,BAIDU
672,12814,left,BAIDU
673,12813,left,BAIDU
674,12812,left,BAIDU
675,12811,left,BAIDU
676,12810,left,BAIDU
677,12808,left,BAIDU
678,12807,left,BAIDU
679,12806,left,BAIDU
680,12805,left,BAIDU
681,12804,left,BAIDU
682,12803,left,BAIDU
683,12802,left,BAIDU
684,12801,left,BAIDU
685,12800,left,BAIDU
686,12799,left,BAIDU
687,12798,left,BAIDU
688,12797,left,BAIDU
689,12794,left,BAIDU
690,12793,left,BAIDU
691,12789,left,BAIDU
692,12786,left,BAIDU
693,12785,left,BAIDU
694,12784,left,BAIDU
695,12783,left,BAIDU
696,12782,left,BAIDU
697,12781,left,BAIDU
698,12779,left,BAIDU
699,12777,left,BAIDU
700,12776,left,BAIDU
701,12775,left,BAIDU
702,12773,left,BAIDU
703,12772,left,BAIDU
704,12771,left,BAIDU
705,12769,left,BAIDU
706,12768,left,BAIDU
707,12767,left,BAIDU
708,12764,left,BAIDU
709,12763,left,BAIDU
710,12760,left,BAIDU
711,12759,left,BAIDU
712,12758,left,BAIDU
713,12756,left,BAIDU
714,12755,left,BAIDU
715,12754,left,BAIDU
716,12751,left,BAIDU
717,12747,left,BAIDU
718,12744,left,BAIDU
719,12743,left,BAIDU
720,12719,left,BAIDU
721,12718,left,BAIDU
722,12650,left,BAIDU
723,12644,left,BAIDU
724,12628,left,BAIDU
725,12614,left,BAIDU
726,12563,right,EYESCAN
727,12562,right,EYESCAN
728,12561,right,EYESCAN
729,12560,right,EYESCAN
730,12559,right,EYESCAN
731,12558,right,EYESCAN
732,12557,right,EYESCAN
733,12556,right,EYESCAN
734,12555,right,EYESCAN
735,12554,right,EYESCAN
736,12553,right,EYESCAN
737,12551,right,EYESCAN
738,12550,left,EYESCAN
739,12549,left,EYESCAN
740,12548,right,EYESCAN
741,12547,right,EYESCAN
742,12545,left,EYESCAN
743,12544,left,EYESCAN
744,12543,left,EYESCAN
745,12541,left,EYESCAN
746,12540,right,EYESCAN
747,12539,right,EYESCAN
748,12538,left,EYESCAN
749,12537,left,EYESCAN
750,12536,left,EYESCAN
751,12535,left,EYESCAN
752,12534,right,EYESCAN
753,12533,right,EYESCAN
754,12532,left,EYESCAN
755,12531,left,EYESCAN
756,12530,right,EYESCAN
757,12529,left,EYESCAN
758,12528,right,EYESCAN
759,12527,right,EYESCAN
760,12526,right,EYESCAN
761,12525,left,EYESCAN
762,12524,right,EYESCAN
763,12523,left,EYESCAN
764,12522,right,EYESCAN
765,12521,right,EYESCAN
766,12520,left,EYESCAN
767,12519,left,EYESCAN
768,12518,left,EYESCAN
769,12517,left,EYESCAN
770,12516,right,EYESCAN
771,12514,left,EYESCAN
772,12511,right,EYESCAN
773,12510,right,EYESCAN
774,12509,right,EYESCAN
775,12508,right,EYESCAN
776,12507,right,EYESCAN
777,12506,right,EYESCAN
778,12504,right,EYESCAN
779,12503,right,EYESCAN
780,12502,right,EYESCAN
781,12501,right,EYESCAN
782,12499,right,EYESCAN
783,12498,right,EYESCAN
784,12497,right,EYESCAN
785,12496,right,EYESCAN
786,12495,right,EYESCAN
787,12494,right,EYESCAN
788,12493,right,EYESCAN
789,12492,left,EYESCAN
790,12491,left,EYESCAN
791,12490,right,EYESCAN
792,12489,right,EYESCAN
793,12488,right,EYESCAN
794,12487,right,EYESCAN
795,12486,right,EYESCAN
796,12485,left,EYESCAN
797,12483,right,EYESCAN
798,12482,right,EYESCAN
799,12481,right,EYESCAN
800,12480,right,EYESCAN
801,12479,right,EYESCAN
802,12478,right,EYESCAN
803,12477,right,EYESCAN
804,12475,right,EYESCAN
805,12474,right,EYESCAN
806,12473,right,EYESCAN
807,12471,right,EYESCAN
808,12470,right,EYESCAN
809,12469,right,EYESCAN
810,12468,right,EYESCAN
811,12467,right,EYESCAN
812,12464,right,EYESCAN
813,12463,right,EYESCAN
814,12462,right,EYESCAN
815,12461,right,EYESCAN
816,12460,right,EYESCAN
817,12459,right,EYESCAN
818,12457,right,EYESCAN
819,12456,right,EYESCAN
820,12455,left,EYESCAN
821,12454,right,EYESCAN
822,12453,left,EYESCAN
823,12452,right,EYESCAN
824,12451,right,EYESCAN
825,12450,right,EYESCAN
826,12449,right,EYESCAN
827,12448,right,EYESCAN
828,12444,left,EYESCAN
829,12443,right,EYESCAN
830,12442,right,EYESCAN
831,12441,right,EYESCAN
832,12440,right,EYESCAN
833,12439,right,EYESCAN
834,12438,right,EYESCAN
835,12437,right,EYESCAN
836,12436,right,EYESCAN
837,12434,right,EYESCAN
838,12433,right,EYESCAN
839,12431,right,EYESCAN
840,12430,left,EYESCAN
841,12428,left,EYESCAN
842,12426,right,EYESCAN
843,12425,right,EYESCAN
844,12424,right,EYESCAN
845,12423,right,EYESCAN
846,12422,right,EYESCAN
847,12420,left,EYESCAN
848,12418,left,EYESCAN
849,12417,right,EYESCAN
850,12416,right,EYESCAN
851,12415,right,EYESCAN
852,12414,right,EYESCAN
853,12413,right,EYESCAN
854,12412,right,EYESCAN
855,12411,right,EYESCAN
856,12410,left,EYESCAN
857,12409,left,EYESCAN
858,12408,left,EYESCAN
859,12407,right,EYESCAN
860,12406,right,EYESCAN
861,12405,right,EYESCAN
862,12404,left,EYESCAN
863,12402,right,EYESCAN
864,12401,left,EYESCAN
865,12400,left,EYESCAN
866,12399,right,EYESCAN
867,12396,right,EYESCAN
868,12395,right,EYESCAN
869,12393,right,EYESCAN
870,12392,right,EYESCAN
871,12390,right,EYESCAN
872,12389,right,EYESCAN
873,12386,left,EYESCAN
874,12384,left,EYESCAN
875,12383,left,EYESCAN
876,12382,right,EYESCAN
877,12379,left,EYESCAN
878,12378,left,EYESCAN
879,12377,right,EYESCAN
880,12376,right,EYESCAN
881,12375,right,EYESCAN
882,12374,right,EYESCAN
883,12373,left,EYESCAN
884,12372,left,EYESCAN
885,12371,right,EYESCAN
886,12370,right,EYESCAN
887,12369,right,EYESCAN
888,12368,right,EYESCAN
889,12367,right,EYESCAN
890,12365,right,EYESCAN
891,12364,right,EYESCAN
892,12363,right,EYESCAN
893,12360,right,EYESCAN
894,12359,right,EYESCAN
895,12358,right,EYESCAN
896,12356,left,EYESCAN
897,12355,left,EYESCAN
898,12354,right,EYESCAN
899,12352,right,EYESCAN
900,12351,right,EYESCAN
901,12349,left,EYESCAN
902,12347,right,EYESCAN
903,12346,right,EYESCAN
904,12345,right,EYESCAN
905,12344,left,EYESCAN
906,12342,left,EYESCAN
907,12341,right,EYESCAN
908,12340,right,EYESCAN
909,12339,left,EYESCAN
910,12338,right,EYESCAN
911,12337,right,EYESCAN
912,12336,left,EYESCAN
913,12335,right,EYESCAN
914,12334,right,EYESCAN
915,12333,left,EYESCAN
916,12332,left,EYESCAN
917,12331,left,EYESCAN
918,12330,right,EYESCAN
919,12329,right,EYESCAN
920,12324,left,EYESCAN
921,12323,right,EYESCAN
922,12322,left,EYESCAN
923,12321,left,EYESCAN
924,12320,left,EYESCAN
925,12319,right,EYESCAN
926,12316,left,EYESCAN
927,12315,right,EYESCAN
928,12314,right,EYESCAN
929,12313,left,EYESCAN
930,12312,left,EYESCAN
931,12311,left,EYESCAN
932,12310,right,EYESCAN
933,12308,left,EYESCAN
934,12307,right,EYESCAN
935,12306,right,EYESCAN
936,12305,left,EYESCAN
937,12303,right,EYESCAN
938,12292,right,EYESCAN
939,12288,right,EYESCAN
940,12285,right,EYESCAN
941,12284,left,EYESCAN
942,12280,left,EYESCAN
943,12279,right,EYESCAN
944,12275,left,EYESCAN
945,12274,right,EYESCAN
946,12273,left,EYESCAN
947,12272,left,EYESCAN
948,12271,left,EYESCAN
949,12268,right,EYESCAN
950,12266,left,EYESCAN
951,12265,right,EYESCAN
952,12264,right,EYESCAN
953,12262,left,EYESCAN
954,12260,right,EYESCAN
955,12259,left,EYESCAN
956,12258,left,EYESCAN
957,12257,left,EYESCAN
958,12256,right,EYESCAN
959,12255,left,EYESCAN
960,12252,left,EYESCAN
961,12249,left,EYESCAN
962,12248,right,EYESCAN
963,12223,left,EYESCAN
964,12222,left,EYESCAN
965,12211,left,EYESCAN
966,12199,left,EYESCAN
967,12124,right,CTEH
968,12123,right,CTEH
969,12122,right,CTEH
970,12121,left,CTEH
971,12120,left,CTEH
972,12117,right,CTEH
973,12116,right,CTEH
974,12115,left,CTEH
975,12113,left,CTEH
976,12111,left,CTEH
977,12109,right,CTEH
978,12108,right,CTEH
979,12107,right,CTEH
980,12106,right,CTEH
981,12105,left,CTEH
982,12104,right,CTEH
983,12102,right,CTEH
984,12101,right,CTEH
985,12100,left,CTEH
986,12099,left,CTEH
987,12098,right,CTEH
988,12097,right,CTEH
989,12096,right,CTEH
990,12095,left,CTEH
991,12094,right,CTEH
992,12092,right,CTEH
993,12089,right,CTEH
994,12088,left,CTEH
995,12087,right,CTEH
996,12086,right,CTEH
997,12085,right,CTEH
998,12084,right,CTEH
999,12081,left,CTEH
1000,12080,right,CTEH
1001,12079,left,CTEH
1002,12078,right,CTEH
1003,12077,right,CTEH
1004,12076,right,CTEH
1005,12075,right,CTEH
1006,12074,right,CTEH
1007,12073,right,CTEH
1008,12071,left,CTEH
1009,12070,left,CTEH
1010,12069,left,CTEH
1011,12068,right,CTEH
1012,12067,left,CTEH
1013,12066,left,CTEH
1014,12065,right,CTEH
1015,12063,right,CTEH
1016,12062,left,CTEH
1017,12061,right,CTEH
1018,12060,right,CTEH
1019,12059,left,CTEH
1020,12058,right,CTEH
1021,12057,left,CTEH
1022,12056,left,CTEH
1023,12055,right,CTEH
1024,12054,right,CTEH
1025,12053,right,CTEH
1026,12052,left,CTEH
1027,12051,right,CTEH
1028,12050,right,CTEH
1029,12049,right,CTEH
1030,12048,right,CTEH
1031,12045,left,CTEH
1032,12043,left,CTEH
1033,12042,right,CTEH
1034,12041,right,CTEH
1035,12040,left,CTEH
1036,12038,left,CTEH
1037,12037,right,CTEH
1038,12036,left,CTEH
1039,12033,left,CTEH
1040,12025,left,CTEH
1041,12024,left,CTEH
1042,12023,left,CTEH
1043,12022,left,CTEH
1044,12020,right,CTEH
1045,12019,right,CTEH
1046,12017,left,CTEH
1047,12016,left,CTEH
1048,12015,left,CTEH
1049,12013,left,CTEH
1050,12012,right,CTEH
1051,12011,right,CTEH
1052,12010,right,CTEH
1053,12009,left,CTEH
1054,12003,left,CTEH
1055,12002,left,CTEH
1056,12001,left,CTEH
1057,12000,left,CTEH
1058,11999,right,CTEH
1059,11997,left,CTEH
1060,11995,left,CTEH
1061,11992,right,CTEH
1062,11991,right,CTEH
1063,11990,left,CTEH
1064,11989,right,CTEH
1065,11988,right,CTEH
1066,11987,right,CTEH
1067,11985,left,CTEH
1068,11981,right,CTEH
1069,11980,right,CTEH
1070,11979,right,CTEH
1071,11978,right,CTEH
1072,11977,right,CTEH
1073,11973,right,CTEH
1074,11971,right,CTEH
1075,11969,right,CTEH
1076,11968,right,CTEH
1077,11967,right,CTEH
1078,11966,left,CTEH
1079,11965,right,CTEH
1080,11964,right,CTEH
1081,11963,right,CTEH
1082,11962,right,CTEH
1083,11961,right,CTEH
1084,11959,left,CTEH
1085,11958,right,CTEH
1086,11957,right,CTEH
1087,11956,right,CTEH
1088,11954,left,CTEH
1089,11953,right,CTEH
1090,11952,right,CTEH
1091,11951,right,CTEH
1092,11950,right,CTEH
1093,11949,right,CTEH
1094,11948,left,CTEH
1095,11946,right,CTEH
1096,11945,left,CTEH
1097,11944,left,CTEH
1098,11942,right,CTEH
1099,11939,left,CTEH
1100,11938,right,CTEH
1101,11937,right,CTEH
1102,11936,right,CTEH
1103,11935,left,CTEH
1104,11934,left,CTEH
1105,11933,left,CTEH
1106,11932,left,CTEH
1107,11930,right,CTEH
1108,11929,right,CTEH
1109,11928,left,CTEH
1110,11927,right,CTEH
1111,11926,right,CTEH
1112,11925,left,CTEH
1113,11924,left,CTEH
1114,11923,right,CTEH
1115,11922,left,CTEH
1116,11921,right,CTEH
1117,11920,right,CTEH
1118,11915,right,CTEH
1119,11914,right,CTEH
1120,11913,right,CTEH
1121,11912,right,CTEH
1122,11910,right,CTEH
1123,11907,left,CTEH
1124,11905,right,CTEH
1125,11904,right,CTEH
1126,11903,right,CTEH
1127,11897,right,CTEH
1128,11896,left,CTEH
1129,11895,left,CTEH
1130,11893,right,CTEH
1131,11889,left,CTEH
1132,11888,right,CTEH
1133,11887,right,CTEH
1134,11886,left,CTEH
1135,11885,left,CTEH
1136,11883,right,CTEH
1137,11881,right,CTEH
1138,11879,right,CTEH
1139,11878,right,CTEH
1140,11877,left,CTEH
1141,11876,right,CTEH
1142,11875,right,CTEH
1143,11874,right,CTEH
1144,11872,left,CTEH
1145,11871,right,CTEH
1146,11870,right,CTEH
1147,11869,right,CTEH
1148,11868,right,CTEH
1149,11867,right,CTEH
1150,11866,right,CTEH
1151,11864,right,CTEH
1152,11863,right,CTEH
1153,11862,right,CTEH
1154,11860,right,CTEH
1155,11859,right,CTEH
1156,11858,left,CTEH
1157,11857,right,CTEH
1158,11856,right,CTEH
1159,11855,right,CTEH
1160,11854,right,CTEH
1161,11848,right,CTEH
1162,11847,right,CTEH
1163,11846,right,CTEH
1164,11845,right,CTEH
1165,11844,right,CTEH
1166,11842,right,CTEH
1167,11841,right,CTEH
1168,11840,left,CTEH
1169,11837,right,CTEH
1170,11836,left,CTEH
1171,11835,right,CTEH
1172,11833,left,CTEH
1173,11832,right,CTEH
1174,11828,right,CTEH
1175,11827,right,CTEH
1176,11825,left,CTEH
1177,11819,right,CTEH
1178,11818,right,CTEH
1179,11817,right,CTEH
1180,11816,right,CTEH
1181,11815,right,CTEH
1182,11813,left,CTEH
1183,11802,left,CTEH
1184,11798,right,CTEH
1185,11797,right,CTEH
1186,11795,right,CTEH
1187,11794,right,CTEH
1188,11793,right,CTEH
1189,11791,left,CTEH
1190,11789,right,CTEH
1191,11788,left,CTEH
1192,11787,right,CTEH
1193,11786,right,CTEH
1194,11785,left,CTEH
1195,11783,right,CTEH
1196,11776,right,CTEH
1197,11775,right,CTEH
1198,11774,right,CTEH
1199,11773,right,CTEH
1200,11770,right,CTEH
1201,11769,right,CTEH
1202,11768,left,CTEH
1203,11766,right,CTEH
1204,11765,right,CTEH
1205,11762,right,CTEH
1206,11760,right,CTEH
1207,11759,right,CTEH
1208,11758,right,CTEH
1209,11757,right,CTEH
1210,11756,left,CTEH
1211,11754,left,CTEH
1212,11753,left,CTEH
1213,11751,right,CTEH
1214,11750,right,CTEH
1215,11749,right,CTEH
1216,11748,right,CTEH
1217,11747,right,CTEH
1218,11745,right,CTEH
1219,11744,right,CTEH
1220,11743,right,CTEH
1221,11742,left,CTEH
1222,11739,right,CTEH
1223,11738,right,CTEH
1224,11737,right,CTEH
1225,11735,left,CTEH
1226,11734,left,CTEH
1227,11733,left,CTEH
1228,11731,right,CTEH
1229,11730,right,CTEH
1230,11728,left,CTEH
1231,11700,left,CTEH
1232,11698,left,CTEH
1233,11695,left,CTEH
1234,11691,right,CTEH
1235,11688,left,CTEH
1236,11687,left,CTEH
1237,11686,left,CTEH
1238,11684,left,CTEH
1239,11683,right,CTEH
1240,11640,left,CTEH
1241,11639,right,CTEH
1242,11638,right,CTEH
1243,11636,left,CTEH
1244,11635,left,CTEH
1245,11634,left,CTEH
1246,11603,left,CTEH
1247,11601,left,CTEH
1248,11598,right,CTEH
1249,11597,right,CTEH
1250,11596,left,CTEH
1251,11595,right,CTEH
1252,11589,left,CTEH
1253,11586,left,CTEH
