Unnamed: 0,ID,label_lr,train_val_predict,src,URL
29,12126,right,train,EYESCAN,http://192.168.0.21:8080/data/local-files/?d=EYESCAN/629_0002CR0D.png
30,12125,left,train,EYESCAN,http://192.168.0.21:8080/data/local-files/?d=EYESCAN/630_0004CL0D.png
68,12620,left,train,BAIDU,http://192.168.0.21:8080/data/local-files/?d=BAIDU/BAIDU-N0241.jpg
69,12619,left,train,BAIDU,http://192.168.0.21:8080/data/local-files/?d=BAIDU/BAIDU-N0242.jpg
90,11838,left,train,CTEH,http://192.168.0.19:8042/instances/b19fad63-b80db989-621c006a-7c424519-ca747612/preview
107,12742,left,train,BAIDU,http://192.168.0.21:8080/data/local-files/?d=BAIDU/BAIDU-N0092.jpg
108,12745,left,train,BAIDU,http://192.168.0.21:8080/data/local-files/?d=BAIDU/BAIDU-N0088.jpg
109,12740,left,train,BAIDU,http://192.168.0.21:8080/data/local-files/?d=BAIDU/BAIDU-N0095.jpg
110,12739,left,train,BAIDU,http://192.168.0.21:8080/data/local-files/?d=BAIDU/BAIDU-N0096.jpg
111,12738,left,train,BAIDU,http://192.168.0.21:8080/data/local-files/?d=BAIDU/BAIDU-N0098.jpg
112,12737,left,train,BAIDU,http://192.168.0.21:8080/data/local-files/?d=BAIDU/BAIDU-N0099.jpg
113,12736,left,train,BAIDU,http://192.168.0.21:8080/data/local-files/?d=BAIDU/BAIDU-N0100.jpg
114,12735,left,train,BAIDU,http://192.168.0.21:8080/data/local-files/?d=BAIDU/BAIDU-N0101.jpg
115,12734,left,train,BAIDU,http://192.168.0.21:8080/data/local-files/?d=BAIDU/BAIDU-N0102.jpg
116,12733,left,train,BAIDU,http://192.168.0.21:8080/data/local-files/?d=BAIDU/BAIDU-N0103.jpg
117,12730,left,train,BAIDU,http://192.168.0.21:8080/data/local-files/?d=BAIDU/BAIDU-N0106.jpg
118,12728,left,train,BAIDU,http://192.168.0.21:8080/data/local-files/?d=BAIDU/BAIDU-N0111.jpg
119,12729,left,train,BAIDU,http://192.168.0.21:8080/data/local-files/?d=BAIDU/BAIDU-N0108.jpg
120,12704,left,train,BAIDU,http://192.168.0.21:8080/data/local-files/?d=BAIDU/BAIDU-N0139.jpg
121,12701,left,train,BAIDU,http://192.168.0.21:8080/data/local-files/?d=BAIDU/BAIDU-N0142.jpg
122,12699,left,train,BAIDU,http://192.168.0.21:8080/data/local-files/?d=BAIDU/BAIDU-N0144.jpg
123,12696,left,train,BAIDU,http://192.168.0.21:8080/data/local-files/?d=BAIDU/BAIDU-N0148.jpg
124,12695,left,train,BAIDU,http://192.168.0.21:8080/data/local-files/?d=BAIDU/BAIDU-N0149.jpg
125,12694,left,train,BAIDU,http://192.168.0.21:8080/data/local-files/?d=BAIDU/BAIDU-N0150.jpg
126,12693,left,train,BAIDU,http://192.168.0.21:8080/data/local-files/?d=BAIDU/BAIDU-N0151.jpg
127,12692,left,train,BAIDU,http://192.168.0.21:8080/data/local-files/?d=BAIDU/BAIDU-N0152.jpg
128,12691,left,train,BAIDU,http://192.168.0.21:8080/data/local-files/?d=BAIDU/BAIDU-N0153.jpg
129,12690,left,train,BAIDU,http://192.168.0.21:8080/data/local-files/?d=BAIDU/BAIDU-N0154.jpg
130,12689,left,train,BAIDU,http://192.168.0.21:8080/data/local-files/?d=BAIDU/BAIDU-N0155.jpg
131,12688,left,train,BAIDU,http://192.168.0.21:8080/data/local-files/?d=BAIDU/BAIDU-N0156.jpg
132,12686,left,train,BAIDU,http://192.168.0.21:8080/data/local-files/?d=BAIDU/BAIDU-N0159.jpg
133,12685,left,train,BAIDU,http://192.168.0.21:8080/data/local-files/?d=BAIDU/BAIDU-N0160.jpg
134,12679,left,train,BAIDU,http://192.168.0.21:8080/data/local-files/?d=BAIDU/BAIDU-N0168.jpg
135,12670,left,train,BAIDU,http://192.168.0.21:8080/data/local-files/?d=BAIDU/BAIDU-N0177.jpg
136,12668,left,train,BAIDU,http://192.168.0.21:8080/data/local-files/?d=BAIDU/BAIDU-N0179.jpg
137,12667,left,train,BAIDU,http://192.168.0.21:8080/data/local-files/?d=BAIDU/BAIDU-N0180.jpg
138,12666,left,train,BAIDU,http://192.168.0.21:8080/data/local-files/?d=BAIDU/BAIDU-N0181.jpg
139,12665,left,train,BAIDU,http://192.168.0.21:8080/data/local-files/?d=BAIDU/BAIDU-N0182.jpg
140,12664,left,train,BAIDU,http://192.168.0.21:8080/data/local-files/?d=BAIDU/BAIDU-N0183.jpg
141,12663,left,train,BAIDU,http://192.168.0.21:8080/data/local-files/?d=BAIDU/BAIDU-N0184.jpg
142,12662,left,train,BAIDU,http://192.168.0.21:8080/data/local-files/?d=BAIDU/BAIDU-N0185.jpg
143,12661,left,train,BAIDU,http://192.168.0.21:8080/data/local-files/?d=BAIDU/BAIDU-N0186.jpg
144,12660,left,train,BAIDU,http://192.168.0.21:8080/data/local-files/?d=BAIDU/BAIDU-N0188.jpg
145,12659,left,train,BAIDU,http://192.168.0.21:8080/data/local-files/?d=BAIDU/BAIDU-N0189.jpg
146,12655,left,train,BAIDU,http://192.168.0.21:8080/data/local-files/?d=BAIDU/BAIDU-N0194.jpg
147,12654,left,train,BAIDU,http://192.168.0.21:8080/data/local-files/?d=BAIDU/BAIDU-N0195.jpg
148,12653,left,train,BAIDU,http://192.168.0.21:8080/data/local-files/?d=BAIDU/BAIDU-N0196.jpg
149,12652,left,train,BAIDU,http://192.168.0.21:8080/data/local-files/?d=BAIDU/BAIDU-N0198.jpg
150,12651,left,train,BAIDU,http://192.168.0.21:8080/data/local-files/?d=BAIDU/BAIDU-N0202.jpg
151,12649,left,train,BAIDU,http://192.168.0.21:8080/data/local-files/?d=BAIDU/BAIDU-N0205.jpg
152,12648,left,train,BAIDU,http://192.168.0.21:8080/data/local-files/?d=BAIDU/BAIDU-N0206.jpg
153,12647,left,train,BAIDU,http://192.168.0.21:8080/data/local-files/?d=BAIDU/BAIDU-N0207.jpg
154,12645,left,train,BAIDU,http://192.168.0.21:8080/data/local-files/?d=BAIDU/BAIDU-N0210.jpg
155,12617,left,train,BAIDU,http://192.168.0.21:8080/data/local-files/?d=BAIDU/BAIDU-N0244.jpg
156,12612,left,train,BAIDU,http://192.168.0.21:8080/data/local-files/?d=BAIDU/BAIDU-N0250.jpg
157,12609,left,train,BAIDU,http://192.168.0.21:8080/data/local-files/?d=BAIDU/BAIDU-N0253.jpg
158,12590,left,train,BAIDU,http://192.168.0.21:8080/data/local-files/?d=BAIDU/BAIDU-N0275.jpg
159,12589,left,train,BAIDU,http://192.168.0.21:8080/data/local-files/?d=BAIDU/BAIDU-N0276.jpg
160,12698,left,train,BAIDU,http://192.168.0.21:8080/data/local-files/?d=BAIDU/BAIDU-N0145.jpg
161,12697,left,train,BAIDU,http://192.168.0.21:8080/data/local-files/?d=BAIDU/BAIDU-N0147.jpg
162,12687,left,train,BAIDU,http://192.168.0.21:8080/data/local-files/?d=BAIDU/BAIDU-N0157.jpg
163,12684,left,train,BAIDU,http://192.168.0.21:8080/data/local-files/?d=BAIDU/BAIDU-N0161.jpg
164,12683,left,train,BAIDU,http://192.168.0.21:8080/data/local-files/?d=BAIDU/BAIDU-N0164.jpg
165,12682,left,train,BAIDU,http://192.168.0.21:8080/data/local-files/?d=BAIDU/BAIDU-N0165.jpg
166,12681,left,train,BAIDU,http://192.168.0.21:8080/data/local-files/?d=BAIDU/BAIDU-N0166.jpg
167,12680,left,train,BAIDU,http://192.168.0.21:8080/data/local-files/?d=BAIDU/BAIDU-N0167.jpg
168,12678,left,train,BAIDU,http://192.168.0.21:8080/data/local-files/?d=BAIDU/BAIDU-N0169.jpg
169,12677,left,train,BAIDU,http://192.168.0.21:8080/data/local-files/?d=BAIDU/BAIDU-N0170.jpg
170,12676,left,train,BAIDU,http://192.168.0.21:8080/data/local-files/?d=BAIDU/BAIDU-N0171.jpg
171,12675,left,train,BAIDU,http://192.168.0.21:8080/data/local-files/?d=BAIDU/BAIDU-N0172.jpg
172,12674,left,train,BAIDU,http://192.168.0.21:8080/data/local-files/?d=BAIDU/BAIDU-N0173.jpg
173,12673,left,train,BAIDU,http://192.168.0.21:8080/data/local-files/?d=BAIDU/BAIDU-N0174.jpg
174,12672,left,train,BAIDU,http://192.168.0.21:8080/data/local-files/?d=BAIDU/BAIDU-N0175.jpg
175,12671,left,train,BAIDU,http://192.168.0.21:8080/data/local-files/?d=BAIDU/BAIDU-N0176.jpg
176,12646,left,train,BAIDU,http://192.168.0.21:8080/data/local-files/?d=BAIDU/BAIDU-N0209.jpg
177,12643,left,train,BAIDU,http://192.168.0.21:8080/data/local-files/?d=BAIDU/BAIDU-N0212.jpg
178,12642,left,train,BAIDU,http://192.168.0.21:8080/data/local-files/?d=BAIDU/BAIDU-N0213.jpg
179,12641,left,train,BAIDU,http://192.168.0.21:8080/data/local-files/?d=BAIDU/BAIDU-N0214.jpg
180,12640,left,train,BAIDU,http://192.168.0.21:8080/data/local-files/?d=BAIDU/BAIDU-N0215.jpg
181,12639,left,train,BAIDU,http://192.168.0.21:8080/data/local-files/?d=BAIDU/BAIDU-N0216.jpg
182,12638,left,train,BAIDU,http://192.168.0.21:8080/data/local-files/?d=BAIDU/BAIDU-N0217.jpg
183,12637,left,train,BAIDU,http://192.168.0.21:8080/data/local-files/?d=BAIDU/BAIDU-N0218.jpg
184,12636,left,train,BAIDU,http://192.168.0.21:8080/data/local-files/?d=BAIDU/BAIDU-N0220.jpg
185,12635,left,train,BAIDU,http://192.168.0.21:8080/data/local-files/?d=BAIDU/BAIDU-N0221.jpg
186,12634,left,train,BAIDU,http://192.168.0.21:8080/data/local-files/?d=BAIDU/BAIDU-N0224.jpg
187,12633,left,train,BAIDU,http://192.168.0.21:8080/data/local-files/?d=BAIDU/BAIDU-N0225.jpg
188,12632,left,train,BAIDU,http://192.168.0.21:8080/data/local-files/?d=BAIDU/BAIDU-N0226.jpg
189,12630,left,train,BAIDU,http://192.168.0.21:8080/data/local-files/?d=BAIDU/BAIDU-N0228.jpg
190,12631,left,train,BAIDU,http://192.168.0.21:8080/data/local-files/?d=BAIDU/BAIDU-N0227.jpg
191,12629,left,train,BAIDU,http://192.168.0.21:8080/data/local-files/?d=BAIDU/BAIDU-N0229.jpg
192,12627,left,train,BAIDU,http://192.168.0.21:8080/data/local-files/?d=BAIDU/BAIDU-N0231.jpg
193,12626,left,train,BAIDU,http://192.168.0.21:8080/data/local-files/?d=BAIDU/BAIDU-N0232.jpg
194,12625,left,train,BAIDU,http://192.168.0.21:8080/data/local-files/?d=BAIDU/BAIDU-N0233.jpg
195,12624,left,train,BAIDU,http://192.168.0.21:8080/data/local-files/?d=BAIDU/BAIDU-N0235.jpg
196,12623,left,train,BAIDU,http://192.168.0.21:8080/data/local-files/?d=BAIDU/BAIDU-N0236.jpg
197,12622,left,train,BAIDU,http://192.168.0.21:8080/data/local-files/?d=BAIDU/BAIDU-N0237.jpg
198,12621,left,train,BAIDU,http://192.168.0.21:8080/data/local-files/?d=BAIDU/BAIDU-N0239.jpg
199,12618,left,train,BAIDU,http://192.168.0.21:8080/data/local-files/?d=BAIDU/BAIDU-N0243.jpg
200,12605,left,train,BAIDU,http://192.168.0.21:8080/data/local-files/?d=BAIDU/BAIDU-N0258.jpg
201,12604,left,train,BAIDU,http://192.168.0.21:8080/data/local-files/?d=BAIDU/BAIDU-N0259.jpg
202,12603,left,train,BAIDU,http://192.168.0.21:8080/data/local-files/?d=BAIDU/BAIDU-N0260.jpg
203,12602,left,train,BAIDU,http://192.168.0.21:8080/data/local-files/?d=BAIDU/BAIDU-N0261.jpg
204,12601,left,train,BAIDU,http://192.168.0.21:8080/data/local-files/?d=BAIDU/BAIDU-N0262.jpg
205,12600,left,train,BAIDU,http://192.168.0.21:8080/data/local-files/?d=BAIDU/BAIDU-N0263.jpg
206,12599,left,train,BAIDU,http://192.168.0.21:8080/data/local-files/?d=BAIDU/BAIDU-N0264.jpg
207,12598,left,train,BAIDU,http://192.168.0.21:8080/data/local-files/?d=BAIDU/BAIDU-N0265.jpg
208,12597,left,train,BAIDU,http://192.168.0.21:8080/data/local-files/?d=BAIDU/BAIDU-N0266.jpg
209,12594,left,train,BAIDU,http://192.168.0.21:8080/data/local-files/?d=BAIDU/BAIDU-N0269.jpg
210,12593,left,train,BAIDU,http://192.168.0.21:8080/data/local-files/?d=BAIDU/BAIDU-N0271.jpg
211,12592,left,train,BAIDU,http://192.168.0.21:8080/data/local-files/?d=BAIDU/BAIDU-N0272.jpg
212,12591,left,train,BAIDU,http://192.168.0.21:8080/data/local-files/?d=BAIDU/BAIDU-N0273.jpg
213,12588,left,train,BAIDU,http://192.168.0.21:8080/data/local-files/?d=BAIDU/BAIDU-N0277.jpg
214,12587,left,train,BAIDU,http://192.168.0.21:8080/data/local-files/?d=BAIDU/BAIDU-N0278.jpg
215,12586,left,train,BAIDU,http://192.168.0.21:8080/data/local-files/?d=BAIDU/BAIDU-N0279.jpg
216,12585,left,train,BAIDU,http://192.168.0.21:8080/data/local-files/?d=BAIDU/BAIDU-N0280.jpg
217,12584,left,train,BAIDU,http://192.168.0.21:8080/data/local-files/?d=BAIDU/BAIDU-N0283.jpg
218,12583,left,train,BAIDU,http://192.168.0.21:8080/data/local-files/?d=BAIDU/BAIDU-N0284.jpg
219,12582,left,train,BAIDU,http://192.168.0.21:8080/data/local-files/?d=BAIDU/BAIDU-N0285.jpg
220,12581,left,train,BAIDU,http://192.168.0.21:8080/data/local-files/?d=BAIDU/BAIDU-N0286.jpg
221,12580,left,train,BAIDU,http://192.168.0.21:8080/data/local-files/?d=BAIDU/BAIDU-N0287.jpg
222,12579,left,train,BAIDU,http://192.168.0.21:8080/data/local-files/?d=BAIDU/BAIDU-N0288.jpg
223,12578,left,train,BAIDU,http://192.168.0.21:8080/data/local-files/?d=BAIDU/BAIDU-N0289.jpg
224,12577,left,train,BAIDU,http://192.168.0.21:8080/data/local-files/?d=BAIDU/BAIDU-N0290.jpg
225,12576,left,train,BAIDU,http://192.168.0.21:8080/data/local-files/?d=BAIDU/BAIDU-N0291.jpg
226,12575,left,train,BAIDU,http://192.168.0.21:8080/data/local-files/?d=BAIDU/BAIDU-N0293.jpg
227,12574,left,train,BAIDU,http://192.168.0.21:8080/data/local-files/?d=BAIDU/BAIDU-N0294.jpg
228,12573,left,train,BAIDU,http://192.168.0.21:8080/data/local-files/?d=BAIDU/BAIDU-N0295.jpg
229,12572,left,train,BAIDU,http://192.168.0.21:8080/data/local-files/?d=BAIDU/BAIDU-N0297.jpg
230,12571,left,train,BAIDU,http://192.168.0.21:8080/data/local-files/?d=BAIDU/BAIDU-N0298.jpg
231,12570,left,train,BAIDU,http://192.168.0.21:8080/data/local-files/?d=BAIDU/BAIDU-N0299.jpg
232,12569,left,train,BAIDU,http://192.168.0.21:8080/data/local-files/?d=BAIDU/BAIDU-N0301.jpg
233,12568,left,train,BAIDU,http://192.168.0.21:8080/data/local-files/?d=BAIDU/BAIDU-N0302.jpg
234,12567,left,train,BAIDU,http://192.168.0.21:8080/data/local-files/?d=BAIDU/BAIDU-N0303.jpg
235,12566,left,train,BAIDU,http://192.168.0.21:8080/data/local-files/?d=BAIDU/BAIDU-N0305.jpg
236,12565,left,train,BAIDU,http://192.168.0.21:8080/data/local-files/?d=BAIDU/BAIDU-N0306.jpg
237,12564,left,train,BAIDU,http://192.168.0.21:8080/data/local-files/?d=BAIDU/BAIDU-N0307.jpg
238,12353,right,train,EYESCAN,http://192.168.0.21:8080/data/local-files/?d=EYESCAN/342_0001CR0D.png
239,12348,right,train,EYESCAN,http://192.168.0.21:8080/data/local-files/?d=EYESCAN/348_0001CR0D.png
240,12328,left,train,EYESCAN,http://192.168.0.21:8080/data/local-files/?d=EYESCAN/378_0005CL0D.png
241,12304,left,train,EYESCAN,http://192.168.0.21:8080/data/local-files/?d=EYESCAN/408_0003CL0D.png
242,12302,right,train,EYESCAN,http://192.168.0.21:8080/data/local-files/?d=EYESCAN/410_0002CR0D.png
243,12301,right,train,EYESCAN,http://192.168.0.21:8080/data/local-files/?d=EYESCAN/411_0001CR0D.png
244,12300,right,train,EYESCAN,http://192.168.0.21:8080/data/local-files/?d=EYESCAN/412_0002CR0D.png
245,12298,left,train,EYESCAN,http://192.168.0.21:8080/data/local-files/?d=EYESCAN/417_0004CL0D.png
246,12299,left,train,EYESCAN,http://192.168.0.21:8080/data/local-files/?d=EYESCAN/414_0006CL0D.png
247,12297,left,train,EYESCAN,http://192.168.0.21:8080/data/local-files/?d=EYESCAN/418_0003CL0D.png
248,12296,right,train,EYESCAN,http://192.168.0.21:8080/data/local-files/?d=EYESCAN/419_0001CR0D.png
249,12295,right,train,EYESCAN,http://192.168.0.21:8080/data/local-files/?d=EYESCAN/420_0002CR0D.png
250,12293,left,train,EYESCAN,http://192.168.0.21:8080/data/local-files/?d=EYESCAN/423_0003CL0D.png
251,12291,right,train,EYESCAN,http://192.168.0.21:8080/data/local-files/?d=EYESCAN/425_0002CR0D.png
252,12290,left,train,EYESCAN,http://192.168.0.21:8080/data/local-files/?d=EYESCAN/427_0003CL0D.png
253,12289,right,train,EYESCAN,http://192.168.0.21:8080/data/local-files/?d=EYESCAN/429_0001CR0D.png
254,12283,left,train,EYESCAN,http://192.168.0.21:8080/data/local-files/?d=EYESCAN/436_0003CL0D.png
255,12281,right,train,EYESCAN,http://192.168.0.21:8080/data/local-files/?d=EYESCAN/438_0002CR0D.png
256,12282,right,train,EYESCAN,http://192.168.0.21:8080/data/local-files/?d=EYESCAN/437_0001CR0D.png
257,12254,right,train,EYESCAN,http://192.168.0.21:8080/data/local-files/?d=EYESCAN/470_0001CR0D.png
258,12253,left,train,EYESCAN,http://192.168.0.21:8080/data/local-files/?d=EYESCAN/471_0002CR0D.png
259,12247,right,train,EYESCAN,http://192.168.0.21:8080/data/local-files/?d=EYESCAN/479_0002CR0D.png
260,12246,left,train,EYESCAN,http://192.168.0.21:8080/data/local-files/?d=EYESCAN/480_0004CL0D.png
261,12245,left,train,EYESCAN,http://192.168.0.21:8080/data/local-files/?d=EYESCAN/481_0003CL0D.png
262,12244,left,train,EYESCAN,http://192.168.0.21:8080/data/local-files/?d=EYESCAN/482_0004CL0D.png
263,12243,left,train,EYESCAN,http://192.168.0.21:8080/data/local-files/?d=EYESCAN/483_0003CL0D.png
264,12242,right,train,EYESCAN,http://192.168.0.21:8080/data/local-files/?d=EYESCAN/484_0001CR0D.png
265,12241,right,train,EYESCAN,http://192.168.0.21:8080/data/local-files/?d=EYESCAN/485_0002CR0D.png
266,12240,left,train,EYESCAN,http://192.168.0.21:8080/data/local-files/?d=EYESCAN/488_0003CL0D.png
267,12238,right,train,EYESCAN,http://192.168.0.21:8080/data/local-files/?d=EYESCAN/490_0002CR0D.png
268,12239,right,train,EYESCAN,http://192.168.0.21:8080/data/local-files/?d=EYESCAN/489_0001CR0D.png
269,12237,left,train,EYESCAN,http://192.168.0.21:8080/data/local-files/?d=EYESCAN/491_0004CL0D.png
270,12236,right,train,EYESCAN,http://192.168.0.21:8080/data/local-files/?d=EYESCAN/493_0001CR0D.png
271,12235,right,train,EYESCAN,http://192.168.0.21:8080/data/local-files/?d=EYESCAN/494_0002CR0D.png
272,12234,left,train,EYESCAN,http://192.168.0.21:8080/data/local-files/?d=EYESCAN/495_0004CL0D.png
273,12233,left,train,EYESCAN,http://192.168.0.21:8080/data/local-files/?d=EYESCAN/496_0003CL0D.png
274,12232,right,train,EYESCAN,http://192.168.0.21:8080/data/local-files/?d=EYESCAN/497_0001CR0D.png
275,12231,right,train,EYESCAN,http://192.168.0.21:8080/data/local-files/?d=EYESCAN/498_0002CR0D.png
276,12230,left,train,EYESCAN,http://192.168.0.21:8080/data/local-files/?d=EYESCAN/499_0004CL0D.png
277,12229,left,train,EYESCAN,http://192.168.0.21:8080/data/local-files/?d=EYESCAN/500_0003CL0D.png
278,12227,right,train,EYESCAN,http://192.168.0.21:8080/data/local-files/?d=EYESCAN/502_0001CR0D.png
279,12226,right,train,EYESCAN,http://192.168.0.21:8080/data/local-files/?d=EYESCAN/503_0002CR0D.png
280,12193,left,train,EYESCAN,http://192.168.0.21:8080/data/local-files/?d=EYESCAN/545_0005CL0D.png
281,12192,left,train,EYESCAN,http://192.168.0.21:8080/data/local-files/?d=EYESCAN/546_0004CL0D.png
282,12191,left,train,EYESCAN,http://192.168.0.21:8080/data/local-files/?d=EYESCAN/547_0003CL0D.png
283,12190,right,train,EYESCAN,http://192.168.0.21:8080/data/local-files/?d=EYESCAN/548_0001CR0D.png
284,12189,right,train,EYESCAN,http://192.168.0.21:8080/data/local-files/?d=EYESCAN/549_0002CR0D.png
285,12188,right,train,EYESCAN,http://192.168.0.21:8080/data/local-files/?d=EYESCAN/550_0004CL0D.png
286,12187,left,train,EYESCAN,http://192.168.0.21:8080/data/local-files/?d=EYESCAN/551_0003CL0D.png
287,12186,right,train,EYESCAN,http://192.168.0.21:8080/data/local-files/?d=EYESCAN/552_0001CR0D.png
288,12185,right,train,EYESCAN,http://192.168.0.21:8080/data/local-files/?d=EYESCAN/553_0002CR0D.png
289,12184,left,train,EYESCAN,http://192.168.0.21:8080/data/local-files/?d=EYESCAN/554_0004CL0D.png
290,12183,left,train,EYESCAN,http://192.168.0.21:8080/data/local-files/?d=EYESCAN/555_0003CL0D.png
291,12182,right,train,EYESCAN,http://192.168.0.21:8080/data/local-files/?d=EYESCAN/556_0001CR0D.png
292,12181,left,train,EYESCAN,http://192.168.0.21:8080/data/local-files/?d=EYESCAN/558_0004CL0D.png
293,12180,left,train,EYESCAN,http://192.168.0.21:8080/data/local-files/?d=EYESCAN/559_0003CL0D.png
294,12179,right,train,EYESCAN,http://192.168.0.21:8080/data/local-files/?d=EYESCAN/560_0001CR0D.png
295,12178,left,train,EYESCAN,http://192.168.0.21:8080/data/local-files/?d=EYESCAN/562_0004CL0D.png
296,12177,left,train,EYESCAN,http://192.168.0.21:8080/data/local-files/?d=EYESCAN/563_0003CL0D.png
297,12176,left,train,EYESCAN,http://192.168.0.21:8080/data/local-files/?d=EYESCAN/564_0004CL0D.png
298,12175,left,train,EYESCAN,http://192.168.0.21:8080/data/local-files/?d=EYESCAN/565_0003CL0D.png
299,12174,right,train,EYESCAN,http://192.168.0.21:8080/data/local-files/?d=EYESCAN/566_0001CR0D.png
300,12173,right,train,EYESCAN,http://192.168.0.21:8080/data/local-files/?d=EYESCAN/567_0002CR0D.png
301,12172,left,train,EYESCAN,http://192.168.0.21:8080/data/local-files/?d=EYESCAN/569_0004CL0D.png
302,12171,right,train,EYESCAN,http://192.168.0.21:8080/data/local-files/?d=EYESCAN/570_0001CR0D.png
303,12170,right,train,EYESCAN,http://192.168.0.21:8080/data/local-files/?d=EYESCAN/571_0003CR0D.png
304,12169,left,train,EYESCAN,http://192.168.0.21:8080/data/local-files/?d=EYESCAN/572_0004CL0D.png
305,12168,right,train,EYESCAN,http://192.168.0.21:8080/data/local-files/?d=EYESCAN/574_0001CR0D.png
306,12167,right,train,EYESCAN,http://192.168.0.21:8080/data/local-files/?d=EYESCAN/575_0002CR0D.png
307,12166,right,train,EYESCAN,http://192.168.0.21:8080/data/local-files/?d=EYESCAN/576_0001CR0D.png
308,12165,right,train,EYESCAN,http://192.168.0.21:8080/data/local-files/?d=EYESCAN/577_0002CR0D.png
309,12164,left,train,EYESCAN,http://192.168.0.21:8080/data/local-files/?d=EYESCAN/578_0004CL0D.png
310,12154,right,train,EYESCAN,http://192.168.0.21:8080/data/local-files/?d=EYESCAN/591_0002CR0D.png
311,12153,right,train,EYESCAN,http://192.168.0.21:8080/data/local-files/?d=EYESCAN/592_0001CR0D.png
312,12152,right,train,EYESCAN,http://192.168.0.21:8080/data/local-files/?d=EYESCAN/593_0002CR0D.png
313,12151,left,train,EYESCAN,http://192.168.0.21:8080/data/local-files/?d=EYESCAN/595_0003CL0D.png
314,12150,left,train,EYESCAN,http://192.168.0.21:8080/data/local-files/?d=EYESCAN/596_0004CL0D.png
315,12149,left,train,EYESCAN,http://192.168.0.21:8080/data/local-files/?d=EYESCAN/597_0003CL0D.png
316,12148,right,train,EYESCAN,http://192.168.0.21:8080/data/local-files/?d=EYESCAN/598_0001CR0D.png
317,12147,right,train,EYESCAN,http://192.168.0.21:8080/data/local-files/?d=EYESCAN/599_0002CR0D.png
318,12146,left,train,EYESCAN,http://192.168.0.21:8080/data/local-files/?d=EYESCAN/600_0002CL0D.png
319,12145,left,train,EYESCAN,http://192.168.0.21:8080/data/local-files/?d=EYESCAN/601_0001CL0D.png
320,12144,right,train,EYESCAN,http://192.168.0.21:8080/data/local-files/?d=EYESCAN/604_0001CR0D.png
321,12143,right,train,EYESCAN,http://192.168.0.21:8080/data/local-files/?d=EYESCAN/605_0002CR0D.png
322,12142,left,train,EYESCAN,http://192.168.0.21:8080/data/local-files/?d=EYESCAN/607_0003CL0D.png
323,12141,right,train,EYESCAN,http://192.168.0.21:8080/data/local-files/?d=EYESCAN/608_0001CR0D.png
324,12140,left,train,EYESCAN,http://192.168.0.21:8080/data/local-files/?d=EYESCAN/611_0004CL0D.png
325,12139,left,train,EYESCAN,http://192.168.0.21:8080/data/local-files/?d=EYESCAN/612_0005CL0D.png
326,12138,right,train,EYESCAN,http://192.168.0.21:8080/data/local-files/?d=EYESCAN/614_0001CR0D.png
327,12137,right,train,EYESCAN,http://192.168.0.21:8080/data/local-files/?d=EYESCAN/615_0002CR0D.png
328,12136,left,train,EYESCAN,http://192.168.0.21:8080/data/local-files/?d=EYESCAN/616_0004CL0D.png
329,12135,left,train,EYESCAN,http://192.168.0.21:8080/data/local-files/?d=EYESCAN/617_0003CL0D.png
330,12134,right,train,EYESCAN,http://192.168.0.21:8080/data/local-files/?d=EYESCAN/618_0001CR0D.png
331,12133,left,train,EYESCAN,http://192.168.0.21:8080/data/local-files/?d=EYESCAN/620_0004CL0D.png
332,12132,left,train,EYESCAN,http://192.168.0.21:8080/data/local-files/?d=EYESCAN/621_0003CL0D.png
333,12131,right,train,EYESCAN,http://192.168.0.21:8080/data/local-files/?d=EYESCAN/622_0001CR0D.png
334,12130,left,train,EYESCAN,http://192.168.0.21:8080/data/local-files/?d=EYESCAN/624_0006CL0D.png
335,12129,left,train,EYESCAN,http://192.168.0.21:8080/data/local-files/?d=EYESCAN/625_0007CL0D.png
336,12127,right,train,EYESCAN,http://192.168.0.21:8080/data/local-files/?d=EYESCAN/628_0001CR0D.png
337,12128,right,train,EYESCAN,http://192.168.0.21:8080/data/local-files/?d=EYESCAN/626_0004CR0D.png
338,11909,left,train,CTEH,http://192.168.0.19:8042/instances/9c0b37ae-829bc570-dec3e5cb-7f934744-f089dc62/preview
339,11908,left,train,CTEH,http://192.168.0.19:8042/instances/45d6e692-eee429c9-cb439bc1-09215418-76530c95/preview
340,11900,right,train,CTEH,http://192.168.0.19:8042/instances/e0134187-992a5597-a44023b6-a63ec075-ca66a822/preview
341,11899,right,train,CTEH,http://192.168.0.19:8042/instances/b5117f45-9eee2940-e35f93b3-fb6932aa-ada24548/preview
342,11894,right,train,CTEH,http://192.168.0.19:8042/instances/efd2d8b7-a8c6ddc2-facbfde4-ba50fdc6-054052fa/preview
344,11891,left,train,CTEH,http://192.168.0.19:8042/instances/a3364500-1df61375-660a5a8c-3029368f-3a1ae2ed/preview
345,11890,left,train,CTEH,http://192.168.0.19:8042/instances/4ad66ed3-77000969-7cac1a77-bce97c9b-c9798a6e/preview
347,11852,left,train,CTEH,http://192.168.0.19:8042/instances/e1ecbd75-4746f859-ae3c7f03-7a0aedae-bdb2cbb5/preview
348,11851,right,train,CTEH,http://192.168.0.19:8042/instances/47336e25-c08870d3-08e0c5e1-eccf9e62-adffb24d/preview
349,11850,right,train,CTEH,http://192.168.0.19:8042/instances/3f475221-ad8947ec-017724b8-d01ce76e-45887930/preview
350,11849,right,train,CTEH,http://192.168.0.19:8042/instances/2b06133a-cdfe28af-ee556a8f-d20218a2-b8bfcaca/preview
351,11831,left,train,CTEH,http://192.168.0.19:8042/instances/40eebbeb-1401efa7-5c723094-a00631c2-5d0c860f/preview
352,11830,right,train,CTEH,http://192.168.0.19:8042/instances/5f913321-842efde0-6f3f8772-9f6cc80e-d67b4b70/preview
353,11824,right,train,CTEH,http://192.168.0.19:8042/instances/d05bcc53-8846b330-15e6f4c5-24d5839c-1ad1a305/preview
354,11823,right,train,CTEH,http://192.168.0.19:8042/instances/f77d0046-7d0809c9-8acce73e-c1d15811-103e779c/preview
355,11821,left,train,CTEH,http://192.168.0.19:8042/instances/e7975cb5-e94b3239-0c13e45a-2a85b744-10c1b4a9/preview
356,11822,left,train,CTEH,http://192.168.0.19:8042/instances/203f75c3-32c789f0-643db928-c4365ac2-7e419b9e/preview
357,11814,left,train,CTEH,http://192.168.0.19:8042/instances/559a98e6-3c615692-77297c22-4ebb24dd-2060423d/preview
358,11812,left,train,CTEH,http://192.168.0.19:8042/instances/5380110f-fc43aaa0-3fcea6cf-43cb7a8a-e74cbc43/preview
359,11811,right,train,CTEH,http://192.168.0.19:8042/instances/0aa984be-c7005d06-6becca57-b79d434a-ce6a6f79/preview
360,11810,left,train,CTEH,http://192.168.0.19:8042/instances/ad0bc530-d8074242-9c9c3fe0-b103fb40-f8571f09/preview
361,11809,left,train,CTEH,http://192.168.0.19:8042/instances/e1340005-c5ccf1b7-c3f4dd2f-e90cb396-b876069b/preview
362,11808,left,train,CTEH,http://192.168.0.19:8042/instances/6ce5c5c0-25407bef-82712072-29ebbce2-68add966/preview
363,11807,left,train,CTEH,http://192.168.0.19:8042/instances/9c833a8b-a3b11583-dbfee8ca-f4e16416-053306ce/preview
364,11806,left,train,CTEH,http://192.168.0.19:8042/instances/a3e99137-a916bfd4-5f368157-1054b624-29835fa4/preview
365,11805,right,train,CTEH,http://192.168.0.19:8042/instances/52da2394-6fb1e541-b14fad0f-57bf446b-3175f2b8/preview
366,11804,right,train,CTEH,http://192.168.0.19:8042/instances/ff2e3743-31cd9f6e-4d05274e-26b11852-67b9ff6e/preview
367,11803,right,train,CTEH,http://192.168.0.19:8042/instances/e1d81b9c-4b1130e2-cbd90d0d-8e912cd4-25afa38e/preview
368,11784,left,train,CTEH,http://192.168.0.19:8042/instances/804946da-b8269f3a-08c2b9c5-1d771106-3e985d3a/preview
369,11782,right,train,CTEH,http://192.168.0.19:8042/instances/37217a31-13e21819-5fdea986-e2ab3ee8-fe2eb9cc/preview
370,11781,left,train,CTEH,http://192.168.0.19:8042/instances/9468c458-74da7673-106e90f3-31800abb-faffe1a6/preview
371,11779,left,train,CTEH,http://192.168.0.19:8042/instances/e085f2a7-c6b22c24-e1f2a27c-1f30a71f-a3a8fe8d/preview
372,11777,right,train,CTEH,http://192.168.0.19:8042/instances/fd3a0470-8f9a0c02-8a2b6b42-94b4094e-81b87d8b/preview
373,11778,right,train,CTEH,http://192.168.0.19:8042/instances/3851c1ee-b186f373-a61e7b33-e693bc0e-22a99a95/preview
374,11771,left,train,CTEH,http://192.168.0.19:8042/instances/aa5cb944-7a097268-a506f011-1d511f52-9e40dd6a/preview
375,11767,left,train,CTEH,http://192.168.0.19:8042/instances/c2746175-12291f65-8a851935-30e39709-c1d8892c/preview
376,11764,left,train,CTEH,http://192.168.0.19:8042/instances/a28b9dc3-ca67d71a-0e12f469-3d7769c6-c91b4e40/preview
377,11763,right,train,CTEH,http://192.168.0.19:8042/instances/18391b3f-63589d97-3c9d3e52-a12f7fb2-86753a28/preview
378,11732,left,train,CTEH,http://192.168.0.19:8042/instances/4ea40650-dba6fb1e-4ad3c75a-1fda2723-a6fdf8b6/preview
379,11726,left,train,CTEH,http://192.168.0.19:8042/instances/a734f49d-c4321007-41bae6cf-80a005d9-ffd9d268/preview
380,11725,right,train,CTEH,http://192.168.0.19:8042/instances/a52116af-90ccd3cf-87dd6e67-ae5f720b-fbf6e21d/preview
381,11724,right,train,CTEH,http://192.168.0.19:8042/instances/9bd8e175-d955897d-2b6a8105-759c51cb-8dcc054a/preview
382,11723,left,train,CTEH,http://192.168.0.19:8042/instances/931ac995-0e94e4ab-9e3dab5e-0ae62dbb-9b3276f3/preview
383,11722,left,train,CTEH,http://192.168.0.19:8042/instances/a531b8fc-2a1e34b4-a138f5a1-5cc7eaea-f409c68a/preview
384,11721,left,train,CTEH,http://192.168.0.19:8042/instances/bc0d8184-3b7aea99-4fd28362-cf53c6e6-8d441009/preview
385,11720,right,train,CTEH,http://192.168.0.19:8042/instances/6838553e-e1bd49e6-327011af-bb9f5bcc-22cc3d5c/preview
386,11719,right,train,CTEH,http://192.168.0.19:8042/instances/6edeb7a0-eef29b8f-fa6c50e9-9621df88-e7d3c92f/preview
387,11713,right,train,CTEH,http://192.168.0.19:8042/instances/ad862f19-385ac5af-71496075-83e2722c-26843195/preview
388,11712,left,train,CTEH,http://192.168.0.19:8042/instances/6e2d50ad-7e23089f-990315e4-be226ec0-238ecf63/preview
389,11711,left,train,CTEH,http://192.168.0.19:8042/instances/ab85929f-3c74b77a-3df78292-882c1e1b-8c6f790e/preview
390,11710,left,train,CTEH,http://192.168.0.19:8042/instances/78df136e-da3a2cbc-62a06342-14416408-6ea78291/preview
391,11709,left,train,CTEH,http://192.168.0.19:8042/instances/ed0660f0-41076481-c96993d3-5566a5d7-afc20c0f/preview
392,11708,left,train,CTEH,http://192.168.0.19:8042/instances/984f9d95-b777a02d-5cfdadf1-438d6be4-1962aabd/preview
393,11707,left,train,CTEH,http://192.168.0.19:8042/instances/ea97d769-6c8040a6-250b83a2-0c56493d-bb12a04a/preview
394,11706,left,train,CTEH,http://192.168.0.19:8042/instances/ac2729fb-7675cfc1-eaee9450-10157ab2-cca67939/preview
395,11705,left,train,CTEH,http://192.168.0.19:8042/instances/d71a8b64-c24ebbaa-16507b30-c5798e4a-c117f208/preview
396,11704,left,train,CTEH,http://192.168.0.19:8042/instances/6bf5f84b-5f0eb42e-659652f3-cc44a593-13250d78/preview
397,11677,left,train,CTEH,http://192.168.0.19:8042/instances/ac6c53ba-fc8b0bde-1ac23e4b-7115e8c8-b4c7593d/preview
398,11676,right,train,CTEH,http://192.168.0.19:8042/instances/5a135840-76e06d79-1883267b-3b21338d-399e048e/preview
399,11675,left,train,CTEH,http://192.168.0.19:8042/instances/1fe23722-234c1c04-318b2317-d16d95cb-fc6622b6/preview
400,11674,right,train,CTEH,http://192.168.0.19:8042/instances/d7aeccad-ad6c4465-7befc6ae-b4597675-4146660d/preview
401,11667,right,train,CTEH,http://192.168.0.19:8042/instances/6c490198-f1066031-68d30679-f4ad6f63-cd56d8c8/preview
402,11666,left,train,CTEH,http://192.168.0.19:8042/instances/3752cdbf-270b208a-01942133-34d2a047-1955c372/preview
403,11665,left,train,CTEH,http://192.168.0.19:8042/instances/1e49f916-c109794a-167ed10c-2cbd55ea-ec921aae/preview
404,11664,left,train,CTEH,http://192.168.0.19:8042/instances/17b56abc-322d16b8-4a34c2a4-be837fdd-10ffd257/preview
405,11663,left,train,CTEH,http://192.168.0.19:8042/instances/c55dfa0e-d9f9e899-87e985d1-da1302e9-8b1fd689/preview
406,11662,left,train,CTEH,http://192.168.0.19:8042/instances/0876acfd-78e058ab-61a1f23d-3960a0d5-5ac7b71c/preview
407,11661,left,train,CTEH,http://192.168.0.19:8042/instances/23bc0d5d-56bcd50a-7e79bf6b-be260fb3-b08b1f06/preview
408,11660,left,train,CTEH,http://192.168.0.19:8042/instances/d2a79e39-24148be3-f6c05cb1-2fff423c-d2bf5327/preview
409,11659,left,train,CTEH,http://192.168.0.19:8042/instances/60fea5da-14213bb8-6ce80a36-e004b0f3-7d7d01dd/preview
410,11658,left,train,CTEH,http://192.168.0.19:8042/instances/3160c580-35aaa568-54e261c0-00ef5da9-e6e17698/preview
411,11657,left,train,CTEH,http://192.168.0.19:8042/instances/6525b191-1a594fbc-e83b1f4b-21cd0162-fbf5c5fe/preview
412,11656,left,train,CTEH,http://192.168.0.19:8042/instances/7d782959-613a4284-2ccd6b47-3ce065de-d5dcd671/preview
413,11655,left,train,CTEH,http://192.168.0.19:8042/instances/2d47e8fa-dbfc30ec-6a4458d9-a1f67da7-9dcdf6f9/preview
414,11654,left,train,CTEH,http://192.168.0.19:8042/instances/36d4c34c-4fd44a66-6d07ecf4-f1683b24-edbdd21e/preview
415,11653,left,train,CTEH,http://192.168.0.19:8042/instances/6f2e73a2-292c62ea-8f8ffb3c-2bd7a35c-cbac4609/preview
416,11652,left,train,CTEH,http://192.168.0.19:8042/instances/5659c9fb-2c19bdfd-09e1a85e-86763608-695dc8b5/preview
417,11651,right,train,CTEH,http://192.168.0.19:8042/instances/265e8fd9-cfeb1b55-f18beb80-77b0a872-ba3ae355/preview
418,11650,right,train,CTEH,http://192.168.0.19:8042/instances/973ea319-0de68b05-d875fc45-4822af0c-3e586b6b/preview
419,11649,right,train,CTEH,http://192.168.0.19:8042/instances/79f83c04-a5e30d4e-f79087ec-70376df1-40d2493f/preview
420,11646,right,train,CTEH,http://192.168.0.19:8042/instances/aca8110c-15ef9045-de80dc64-a8ba96cc-42628590/preview
421,11633,left,train,CTEH,http://192.168.0.19:8042/instances/82585a53-320aadfe-5fbbb30c-b3c1c5fa-123c9f60/preview
422,11632,right,train,CTEH,http://192.168.0.19:8042/instances/285c3a18-9e71e65a-733d4466-f3fb11ef-2b0def5c/preview
423,11631,left,train,CTEH,http://192.168.0.19:8042/instances/30d3e6be-0df4cf53-9954e809-0557db44-36400064/preview
424,11630,left,train,CTEH,http://192.168.0.19:8042/instances/f37b39ce-65588f66-082f1bd9-aa705f86-b6e5d9a2/preview
425,11629,right,train,CTEH,http://192.168.0.19:8042/instances/1d86ac06-975eb3a5-e71c25f9-487a9047-49772c37/preview
426,11628,right,train,CTEH,http://192.168.0.19:8042/instances/fc7df5a6-a6a552a1-d48f4b82-12e477cc-9fafd870/preview
427,11627,right,train,CTEH,http://192.168.0.19:8042/instances/033eb66d-6fba1710-50f2564e-e2e21257-4fefaa9d/preview
428,11626,right,train,CTEH,http://192.168.0.19:8042/instances/7b3139af-9f32eedc-90d93f72-025be201-c6389f66/preview
429,11625,right,train,CTEH,http://192.168.0.19:8042/instances/a4283f67-9fdd09f3-75c35fd1-b5f4e8ad-3cd59903/preview
430,11624,right,train,CTEH,http://192.168.0.19:8042/instances/95b67ad1-dfa0558f-fded12d6-f9e5d839-10959b3d/preview
431,11623,left,train,CTEH,http://192.168.0.19:8042/instances/b70164bf-d6a64c8b-5f00bf6a-28a21e71-111bb642/preview
432,11622,left,train,CTEH,http://192.168.0.19:8042/instances/829960f8-1f882c46-b41551a9-c59ba1f7-791fcbc4/preview
433,11621,left,train,CTEH,http://192.168.0.19:8042/instances/fa94077a-76b4d9f8-098ce62d-6534c612-591f1cac/preview
434,11620,left,train,CTEH,http://192.168.0.19:8042/instances/5a2a690f-31472084-719dc2c1-7c37888e-0d56b8cb/preview
435,11619,left,train,CTEH,http://192.168.0.19:8042/instances/95365fde-267ec31b-acefdd60-0112a0b9-89397837/preview
436,11618,left,train,CTEH,http://192.168.0.19:8042/instances/1fda5513-15d5a64d-fe0629bc-942f9a3d-810ea135/preview
437,11617,left,train,CTEH,http://192.168.0.19:8042/instances/c85da579-e14c4277-4b5bcd9c-c376c393-df997e0e/preview
438,11616,left,train,CTEH,http://192.168.0.19:8042/instances/0971fc6e-4b37f66b-f2b84af6-ebe324ef-c546ea0d/preview
439,11615,right,train,CTEH,http://192.168.0.19:8042/instances/9380352b-3222ff05-f1cca4c6-da132825-9df0b119/preview
440,11614,right,train,CTEH,http://192.168.0.19:8042/instances/c2de19e7-57f33cff-be0d6dcc-ed1329a3-72cda029/preview
441,11613,right,train,CTEH,http://192.168.0.19:8042/instances/96b6cd31-ca0591d5-ab623471-21d61898-82ea8875/preview
442,11612,right,train,CTEH,http://192.168.0.19:8042/instances/8c942b8c-77624255-25020fed-0322e067-0b75b4b8/preview
443,11611,right,train,CTEH,http://192.168.0.19:8042/instances/600e6031-98427f42-1509c932-09da3311-a800c5d6/preview
444,11610,right,train,CTEH,http://192.168.0.19:8042/instances/fff502e5-33dcb09e-fcf294b3-870220ce-ac3963ff/preview
445,11609,right,train,CTEH,http://192.168.0.19:8042/instances/c2d356bb-22402d0f-a43e5248-f81bcc7f-6fb68dce/preview
446,11608,right,train,CTEH,http://192.168.0.19:8042/instances/5af62d32-c14a0a7d-09e24245-b07e46c3-eb8f4ace/preview
447,11607,right,train,CTEH,http://192.168.0.19:8042/instances/a90863be-21058b3c-81c1a3c4-d50946d2-1d74b661/preview
448,11606,right,train,CTEH,http://192.168.0.19:8042/instances/e17dc2d4-6d98a6b5-393e9aaf-5a64334a-ea86da83/preview
449,11605,right,train,CTEH,http://192.168.0.19:8042/instances/9caac609-6a02ceae-07abee59-43ea3afa-ba818682/preview
450,11604,right,train,CTEH,http://192.168.0.19:8042/instances/3c330f0c-32ebcbe3-85f5e56e-539257b2-c421a309/preview
451,11583,left,train,CTEH,http://192.168.0.19:8042/instances/3bbc82fd-14690fd8-719706e4-f425922f-751a7531/preview
452,11582,left,train,CTEH,http://192.168.0.19:8042/instances/818fc42b-66dc5378-803d93d8-01800096-ddb948d5/preview
453,11581,right,train,CTEH,http://192.168.0.19:8042/instances/5b52863c-f05c6f6f-4f976c0b-350bfd1c-4418d8d7/preview
454,11580,right,train,CTEH,http://192.168.0.19:8042/instances/ff71c6c9-1a1cf716-178adbc3-f7d8b247-ef900650/preview
455,11579,left,train,CTEH,http://192.168.0.19:8042/instances/ddc1416f-3c460d31-c89d644f-bf913b30-487bf707/preview
456,11578,left,train,CTEH,http://192.168.0.19:8042/instances/cf4473c1-7378c4f9-5f198bf1-115a5e3f-53acb076/preview
457,11577,left,train,CTEH,http://192.168.0.19:8042/instances/c4bd361e-bf920a25-72d601d8-b7d91af8-71b068d2/preview
458,11576,left,train,CTEH,http://192.168.0.19:8042/instances/79764fd7-a24d2eae-65d16e91-8efd66ba-0658230a/preview
459,11575,left,train,CTEH,http://192.168.0.19:8042/instances/5083610a-950995c1-d345d76e-518cfb36-a60407a3/preview
460,11574,left,train,CTEH,http://192.168.0.19:8042/instances/520fad60-624d21a0-3914ef60-97b86a3e-dd48a7e3/preview
461,11573,left,train,CTEH,http://192.168.0.19:8042/instances/0b1895a9-759291c1-3ff33546-19aafbd9-fd1d2178/preview
462,11572,left,train,CTEH,http://192.168.0.19:8042/instances/e965c85c-a77904dc-48fd2cd1-b2a86d6c-4f918974/preview
463,11571,left,train,CTEH,http://192.168.0.19:8042/instances/01a1cdd9-fd852d3e-17764a87-79b65fe2-0f83b175/preview
464,11570,left,train,CTEH,http://192.168.0.19:8042/instances/a00037ba-9d59545c-ab98b5b4-39ee9448-74e2abcd/preview
465,11569,left,train,CTEH,http://192.168.0.19:8042/instances/bd05d453-d708e639-efe293ef-c7e42fe8-950908a7/preview
466,11568,left,train,CTEH,http://192.168.0.19:8042/instances/4b2895e3-d23a9c9f-bb8556a9-69236e5c-3d267d05/preview
467,11567,left,train,CTEH,http://192.168.0.19:8042/instances/62bb0b3b-cd1dc28f-ce35811d-bd267882-c921b3c0/preview
468,11566,left,train,CTEH,http://192.168.0.19:8042/instances/fc2ee994-fb9bf973-dd1f823b-131fb2fa-f5d4c321/preview
469,11565,left,train,CTEH,http://192.168.0.19:8042/instances/99ce2cc2-c82a859c-6a28c2e1-5a6a9f12-fd6d2017/preview
470,11564,left,train,CTEH,http://192.168.0.19:8042/instances/448d963e-893cd9ec-f0183836-c8296aed-7fef89dc/preview
471,11553,right,train,CTEH,http://192.168.0.19:8042/instances/3954f0ef-41c1c586-ddb3f5e9-735d0d27-ef3b04ef/preview
472,11552,right,train,CTEH,http://192.168.0.19:8042/instances/ccd73d9e-0288c4b2-02bd472a-7015256b-13438630/preview
473,11551,right,train,CTEH,http://192.168.0.19:8042/instances/b45ea492-7fd98638-4b152437-11df74d5-c94c8d97/preview
474,11550,right,train,CTEH,http://192.168.0.19:8042/instances/f1a3d85d-b4a84001-e96febdb-60e0915f-66350ca2/preview
475,11549,right,train,CTEH,http://192.168.0.19:8042/instances/02ce2c9a-51415764-937428d5-e3907aac-9c1c54f2/preview
476,11548,right,train,CTEH,http://192.168.0.19:8042/instances/83899a0f-0864295c-6c6fa022-9a83bee4-59c17ccc/preview
477,11547,left,train,CTEH,http://192.168.0.19:8042/instances/31c7ba38-71e0ebb8-cb73aea2-94770309-44dec961/preview
478,11546,left,train,CTEH,http://192.168.0.19:8042/instances/2e8e59ed-8a0b291c-1f2bac24-05e14e77-abfd46c3/preview
479,11545,left,train,CTEH,http://192.168.0.19:8042/instances/951c515b-dd978941-f4350e8e-482f895d-94ac25cf/preview
480,11544,left,train,CTEH,http://192.168.0.19:8042/instances/6dbeb33a-2f7de033-50570b8b-00b8c9ed-adfebef9/preview
481,11543,left,train,CTEH,http://192.168.0.19:8042/instances/b4b64031-c18155d1-2f4a6e2c-21147c76-765b14bc/preview
482,11542,left,train,CTEH,http://192.168.0.19:8042/instances/7a411d6b-d617bfa3-e6c138ef-7eec78c3-3decbabc/preview
483,11541,left,train,CTEH,http://192.168.0.19:8042/instances/39493cf4-2ff4f9f3-8fd65931-6281ba69-deaa7445/preview
484,11540,left,train,CTEH,http://192.168.0.19:8042/instances/07c9b854-31bded3e-3ba9aa13-94e6165c-691b164c/preview
485,11539,left,train,CTEH,http://192.168.0.19:8042/instances/a46752fb-46de23df-a356e2b1-450a778c-4381a730/preview
486,11538,right,train,CTEH,http://192.168.0.19:8042/instances/507cb1e4-23c4cba6-f88836c0-4e7be8ea-38b260ee/preview
487,11537,right,train,CTEH,http://192.168.0.19:8042/instances/3523eea5-5164f9e6-af3a6a0e-790bbabe-fe553e97/preview
488,11536,right,train,CTEH,http://192.168.0.19:8042/instances/97e39bb2-bfdbf506-60271e3d-749cba94-61867f55/preview
489,11535,right,train,CTEH,http://192.168.0.19:8042/instances/379257c0-63fe62c8-77219133-fde204d3-f3087d0f/preview
490,11534,right,train,CTEH,http://192.168.0.19:8042/instances/343d632a-e20c0fba-401885f4-e5331231-46489352/preview
491,11533,right,train,CTEH,http://192.168.0.19:8042/instances/af3810c2-bd7f0d71-f6d8c45a-883008ab-b3bd0242/preview
492,11532,right,train,CTEH,http://192.168.0.19:8042/instances/0bbf72a5-3edb9fa9-3f7f148a-5163730f-42db9474/preview
493,11531,right,train,CTEH,http://192.168.0.19:8042/instances/507c0738-e47b0518-2e505f1a-714e98e0-8bd7b5b4/preview
494,11530,right,train,CTEH,http://192.168.0.19:8042/instances/392aa23a-3f3634e2-9bb61fd6-af64948a-08648114/preview
495,11529,left,train,CTEH,http://192.168.0.19:8042/instances/40d2ee94-2da583c4-5bc32359-7a5aed7f-b813abe1/preview
496,11528,left,train,CTEH,http://192.168.0.19:8042/instances/b9f0a99e-0259a505-bc9e44b0-c6bbfa7d-aac5f576/preview
497,11527,left,train,CTEH,http://192.168.0.19:8042/instances/9d3412a5-3957a10b-83652e04-e402bdab-00fae0d3/preview
498,11526,left,train,CTEH,http://192.168.0.19:8042/instances/bbaaccc1-d1cdcc15-fb04da1e-a7877bfd-5caf9702/preview
499,11525,left,train,CTEH,http://192.168.0.19:8042/instances/4be96adb-8502f27d-5a7d5ace-dda1b6b3-c69d5c04/preview
500,11524,left,train,CTEH,http://192.168.0.19:8042/instances/46385119-35fb26cf-5b96c97f-b869ff3a-8c441ca6/preview
501,11523,left,train,CTEH,http://192.168.0.19:8042/instances/f788a70a-6574932c-49a7f431-87a13840-7bdeb203/preview
502,11522,left,train,CTEH,http://192.168.0.19:8042/instances/ea274a69-e0669105-6b5a65c8-217cb5cf-afabb035/preview
503,11521,left,train,CTEH,http://192.168.0.19:8042/instances/4bf1ddd8-b0b7d2d1-d3b924bf-cb0eb182-082cfb45/preview
504,11520,left,train,CTEH,http://192.168.0.19:8042/instances/61124d1c-a2f3e562-89679023-88f22dae-1f15d1f8/preview
505,11519,right,train,CTEH,http://192.168.0.19:8042/instances/05d0ad5c-5b496da0-6525a3a9-74c49877-33d96297/preview
506,11518,left,train,CTEH,http://192.168.0.19:8042/instances/ed21e347-df853556-d800b939-59bc55d1-b6e3062b/preview
507,11517,left,train,CTEH,http://192.168.0.19:8042/instances/748cde1a-2ee2337e-f36d3035-3dac4d82-0fc0dc71/preview
508,11516,right,train,CTEH,http://192.168.0.19:8042/instances/a5341eee-e3ffad53-6f478178-4aa5ba8e-9b4fa707/preview
509,11515,left,train,CTEH,http://192.168.0.19:8042/instances/d9d09579-8ed00556-71754635-b6080870-1bb458e0/preview
510,11514,right,train,CTEH,http://192.168.0.19:8042/instances/ca0cf7cd-98781537-11c913a9-51f6a903-2364aaf1/preview
511,11513,right,train,CTEH,http://192.168.0.19:8042/instances/ff79eb3e-0de099eb-9ec4c765-145cc1de-e20ff1f4/preview
512,11512,right,train,CTEH,http://192.168.0.19:8042/instances/7f2ad5f1-ab9e1bd9-5485a204-871af9f0-814bfc1e/preview
513,11511,right,train,CTEH,http://192.168.0.19:8042/instances/4a26e650-e0dab4e8-184436c4-0f1a9743-1bcb3c31/preview
1766,11510,left,train,BAIDU,http://192.168.0.21:8080/data/local-files/?d=BAIDU/BAIDU-A0001.jpg
1767,11509,left,train,BAIDU,http://192.168.0.21:8080/data/local-files/?d=BAIDU/BAIDU-A0002.jpg
1768,11508,left,train,BAIDU,http://192.168.0.21:8080/data/local-files/?d=BAIDU/BAIDU-A0003.jpg
1769,11507,left,train,BAIDU,http://192.168.0.21:8080/data/local-files/?d=BAIDU/BAIDU-A0004.jpg
1770,11506,left,train,BAIDU,http://192.168.0.21:8080/data/local-files/?d=BAIDU/BAIDU-A0005.jpg
1771,11505,right,train,EYESCAN,http://192.168.0.21:8080/data/local-files/?d=EYESCAN/0_0001CR0D.png
1772,11504,right,train,EYESCAN,http://192.168.0.21:8080/data/local-files/?d=EYESCAN/1_0002CR0D.png
1773,11503,right,train,EYESCAN,http://192.168.0.21:8080/data/local-files/?d=EYESCAN/2_0001CR0D.png
1774,11502,right,train,EYESCAN,http://192.168.0.21:8080/data/local-files/?d=EYESCAN/3_0002CR0D.png
1775,11501,right,train,EYESCAN,http://192.168.0.21:8080/data/local-files/?d=EYESCAN/4_0003CR0D.png
1776,11500,right,train,EYESCAN,http://192.168.0.21:8080/data/local-files/?d=EYESCAN/6_0003CR0D.png
1777,11499,right,train,EYESCAN,http://192.168.0.21:8080/data/local-files/?d=EYESCAN/7_0002CR0D.png
1778,11498,right,train,EYESCAN,http://192.168.0.21:8080/data/local-files/?d=EYESCAN/8_0001CR0D.png
1779,11497,right,train,EYESCAN,http://192.168.0.21:8080/data/local-files/?d=EYESCAN/10_0001CR0D.png
1780,11496,right,train,EYESCAN,http://192.168.0.21:8080/data/local-files/?d=EYESCAN/11_0002CR0D.png
1781,11495,right,train,EYESCAN,http://192.168.0.21:8080/data/local-files/?d=EYESCAN/29_0002CR0D.png
1782,11494,right,train,EYESCAN,http://192.168.0.21:8080/data/local-files/?d=EYESCAN/26_0001CR0D.png
1783,11493,right,train,EYESCAN,http://192.168.0.21:8080/data/local-files/?d=EYESCAN/27_0002CR0D.png
1784,11492,right,train,EYESCAN,http://192.168.0.21:8080/data/local-files/?d=EYESCAN/28_0001CR0D.png
1785,11491,right,train,EYESCAN,http://192.168.0.21:8080/data/local-files/?d=EYESCAN/24_0001CR0D.png
1786,11490,right,train,EYESCAN,http://192.168.0.21:8080/data/local-files/?d=EYESCAN/25_0002CR0D.png
1787,11489,right,train,EYESCAN,http://192.168.0.21:8080/data/local-files/?d=EYESCAN/57_0002CR0D.png
1788,11488,right,train,EYESCAN,http://192.168.0.21:8080/data/local-files/?d=EYESCAN/59_0002CR0D.png
1789,11487,left,train,EYESCAN,http://192.168.0.21:8080/data/local-files/?d=EYESCAN/65_0003CL0D.png
1790,11486,left,train,EYESCAN,http://192.168.0.21:8080/data/local-files/?d=EYESCAN/71_0003CL0D.png
1791,11485,right,train,EYESCAN,http://192.168.0.21:8080/data/local-files/?d=EYESCAN/74_0001CR0D.png
1792,11484,right,train,EYESCAN,http://192.168.0.21:8080/data/local-files/?d=EYESCAN/75_0002CR0D.png
1793,11483,right,train,EYESCAN,http://192.168.0.21:8080/data/local-files/?d=EYESCAN/76_0001CR0D.png
1794,11482,right,train,EYESCAN,http://192.168.0.21:8080/data/local-files/?d=EYESCAN/79_0002CR0D.png
1795,11481,left,train,EYESCAN,http://192.168.0.21:8080/data/local-files/?d=EYESCAN/80_0004CL0D.png
1796,11480,right,train,EYESCAN,http://192.168.0.21:8080/data/local-files/?d=EYESCAN/82_0001CR0D.png
1797,11479,right,train,EYESCAN,http://192.168.0.21:8080/data/local-files/?d=EYESCAN/83_0002CR0D.png
1798,11478,left,train,EYESCAN,http://192.168.0.21:8080/data/local-files/?d=EYESCAN/91_0003CL0D.png
1799,11477,left,train,EYESCAN,http://192.168.0.21:8080/data/local-files/?d=EYESCAN/92_0004CL0D.png
1800,11476,left,train,CTEH,http://192.168.0.19:8042/instances/01ea4e52-9110b5bb-c69833ac-6d4065ca-be5c7b77/preview
1801,11475,right,train,CTEH,http://192.168.0.19:8042/instances/52164466-78ad9e73-133a1fd5-cac9366d-ad8f8bfb/preview
1802,11474,left,train,CTEH,http://192.168.0.19:8042/instances/b097ba4e-15f2a053-f1443357-44ba19c5-2fff0fac/preview
1803,11473,left,train,CTEH,http://192.168.0.19:8042/instances/ff46cba7-f14d863f-71bc77f3-42fbd446-4c6a5c78/preview
1804,11472,right,train,CTEH,http://192.168.0.19:8042/instances/2ab12aee-d5e1dda7-3c22393b-c6ca5b0e-1c4c811b/preview
1805,11471,left,train,CTEH,http://192.168.0.19:8042/instances/759dd763-5a7670ea-5d60fb7c-3bfffcf8-97af173c/preview
1806,11470,right,train,CTEH,http://192.168.0.19:8042/instances/d296cb77-72cb6301-e5489d39-07da81e6-63286e0e/preview
1807,11469,right,train,CTEH,http://192.168.0.19:8042/instances/70b55fff-a1a6e843-092bd146-bc27a093-e9b40e32/preview
1808,11468,left,train,CTEH,http://192.168.0.19:8042/instances/ac9d134e-3f85aceb-195cee47-5ecac616-a05c8e75/preview
1809,11467,right,train,CTEH,http://192.168.0.19:8042/instances/8dc2035a-d363204b-ebe8a3bb-ed8c92fd-6c656f47/preview
1810,11466,left,train,CTEH,http://192.168.0.19:8042/instances/f96fed1d-990bcb61-944cc6ec-31ce853d-ed73720d/preview
1811,11465,left,train,CTEH,http://192.168.0.19:8042/instances/6c581a71-43b252a6-00464b68-2a4251d3-29907b6c/preview
1812,11464,left,train,CTEH,http://192.168.0.19:8042/instances/0e02352c-1fcd1d9d-2dc7794f-9380267c-f2f4aae8/preview
1813,11463,left,train,CTEH,http://192.168.0.19:8042/instances/f0533ae7-98097637-60a08549-5bd3c520-63905eee/preview
1814,11462,right,train,CTEH,http://192.168.0.19:8042/instances/dd0adf3a-5c77ebb6-073c6114-4b8f5eb6-0164b741/preview
1815,11461,left,train,CTEH,http://192.168.0.19:8042/instances/01825fe1-b56d2e14-517254ae-6508d6ce-8f31491b/preview
1816,11460,left,train,CTEH,http://192.168.0.19:8042/instances/356c03cb-e42c028a-3d111b86-fdb3bce0-4411540b/preview
1817,11459,left,train,CTEH,http://192.168.0.19:8042/instances/8a322b4d-ccbc9e0a-b4153c33-e9410efe-22034fdc/preview
1818,11458,left,train,CTEH,http://192.168.0.19:8042/instances/8e652ddd-b5fcd225-bbdb39e6-586e2453-1d94d8bf/preview
1819,11457,right,train,CTEH,http://192.168.0.19:8042/instances/b63d20e0-ac942c94-bb526413-83581079-dd37887f/preview
1820,11456,right,train,CTEH,http://192.168.0.19:8042/instances/75d404a2-51298b8f-969db31c-49296bc2-91218d28/preview
1821,11455,right,train,CTEH,http://192.168.0.19:8042/instances/71f86150-a72205e8-e402905b-627ea9b0-ed7da3f2/preview
1822,11454,right,train,CTEH,http://192.168.0.19:8042/instances/88514140-1f0ec705-d2fda254-8bbbec32-c121753b/preview
1823,11453,right,train,CTEH,http://192.168.0.19:8042/instances/5aeb4cad-695e6639-dfb6c3f4-4267bf20-ae75d853/preview
1824,11452,right,train,CTEH,http://192.168.0.19:8042/instances/25d71bdf-4098bb13-68cb06f5-5621c1bd-9843355a/preview
1825,11451,right,train,CTEH,http://192.168.0.19:8042/instances/e50f7f62-3e9e6df6-cd3ca96b-d183b2d5-469ecc56/preview
1826,11450,right,train,CTEH,http://192.168.0.19:8042/instances/9e128d03-1ca30d93-508d3fed-b6942565-2e5106e5/preview
1827,11449,left,train,CTEH,http://192.168.0.19:8042/instances/6b988a20-c83c5da1-756d4c0a-05006974-5acaf904/preview
1828,11448,left,train,CTEH,http://192.168.0.19:8042/instances/80a48373-2e09fcd5-796ee267-404b6ace-f197b1a1/preview
1829,11447,left,train,CTEH,http://192.168.0.19:8042/instances/709f82ac-8ab01013-a883fb30-2ace00cc-ef66ed0a/preview
1830,11446,left,train,CTEH,http://192.168.0.19:8042/instances/2c5d08c5-59367a50-7beb56a0-4de57cba-d5190299/preview
1831,11445,left,train,CTEH,http://192.168.0.19:8042/instances/f9f3a14d-c969779e-dacb7e4c-b0ceff37-7ea2d4cc/preview
1832,11444,left,train,CTEH,http://192.168.0.19:8042/instances/a3118457-a577ac4b-be6072d5-70d530d3-87a95f88/preview
1833,11443,left,train,CTEH,http://192.168.0.19:8042/instances/42faa433-66571aac-5fc59f5c-2dcb8f0b-8c84e6eb/preview
1834,11442,left,train,CTEH,http://192.168.0.19:8042/instances/b2b4a045-bcfb4e4c-2b841fc9-649cf4ca-c3ac48b0/preview
1835,11441,right,train,CTEH,http://192.168.0.19:8042/instances/752d06b5-1bdc2f0c-471d1c52-220ed7b2-fd8dc6d2/preview
1836,11440,right,train,CTEH,http://192.168.0.19:8042/instances/59dd0974-60452e81-84093516-9197d7ce-fdcdb1c2/preview
1837,11439,right,train,CTEH,http://192.168.0.19:8042/instances/6689c48b-a64f9700-adc060d7-eded00cd-bbab9a29/preview
1838,11438,right,train,CTEH,http://192.168.0.19:8042/instances/64ca968c-6e8afa4d-02844d0c-a38c7f98-7bf151e4/preview
1839,11437,right,train,CTEH,http://192.168.0.19:8042/instances/dc74db32-7ff28b88-f4b7d8dc-e0564617-2f1195ee/preview
1840,11436,right,train,CTEH,http://192.168.0.19:8042/instances/ef9473a0-604a47af-23a1b3db-3b91b29c-dada6a84/preview
1841,11435,right,train,CTEH,http://192.168.0.19:8042/instances/5b9ce743-6c0b3635-f3d67533-93080b32-262453ce/preview
1842,11434,right,train,CTEH,http://192.168.0.19:8042/instances/ba3dab23-09207044-010e4c3f-18bfbb54-1ed1e54e/preview
1843,11433,right,train,CTEH,http://192.168.0.19:8042/instances/4e1d8535-a56ce59b-1b59433b-c68e5685-35cf0dd9/preview
1844,11432,right,train,CTEH,http://192.168.0.19:8042/instances/dd85a4f3-0af27bd2-b5379737-1ff86e88-076aeb7d/preview
1845,11431,right,train,CTEH,http://192.168.0.19:8042/instances/738995c6-3d0e2f38-5d3b871b-e123fe4b-27828997/preview
1846,11430,left,train,CTEH,http://192.168.0.19:8042/instances/fd2c5a2d-f4e03700-3da4ac79-12d6a382-837db624/preview
1847,11429,left,train,CTEH,http://192.168.0.19:8042/instances/369cc92f-35f6aa67-4218540a-e4516f5c-89ecbd99/preview
1848,11428,left,train,CTEH,http://192.168.0.19:8042/instances/9dcd8f86-81fd1b9b-7ecebd4b-eed4d0d5-1c87e78c/preview
1849,11427,left,train,CTEH,http://192.168.0.19:8042/instances/af039edb-c2467218-7d39e803-c88ed500-fed400cd/preview
1850,11426,left,train,CTEH,http://192.168.0.19:8042/instances/355c1473-64acb26b-b703cfc7-7c3e5e14-a01902d1/preview
1851,11425,left,train,CTEH,http://192.168.0.19:8042/instances/fff334cf-d14a6c0e-69bef350-c8e400aa-57ba5008/preview
1852,11424,left,train,CTEH,http://192.168.0.19:8042/instances/c9e748e7-171656e0-d5df3f53-960b7b80-81ddbd9a/preview
1853,11423,left,train,CTEH,http://192.168.0.19:8042/instances/5020919e-3322a5d6-781cbb46-cee0d162-eceba8e5/preview
1854,11422,right,train,CTEH,http://192.168.0.19:8042/instances/d27db486-51b73f4b-87742c87-109b42b6-4b16b410/preview
1855,11421,right,train,CTEH,http://192.168.0.19:8042/instances/f0004599-d2398d37-2143194c-599ea715-8dec51f2/preview
1856,11420,right,train,CTEH,http://192.168.0.19:8042/instances/e7b922d6-273536d5-64b216a2-18d2f6b0-8131b033/preview
1857,11419,right,train,CTEH,http://192.168.0.19:8042/instances/5e84dee1-13c92aa4-8da03742-0828ce38-32666a34/preview
1858,11418,right,train,CTEH,http://192.168.0.19:8042/instances/8bc39b56-e8a2a83a-a8983452-528fa003-0a0654ad/preview
1859,11417,right,train,CTEH,http://192.168.0.19:8042/instances/0a5bf2c2-7468775f-0a783f17-41a9ec60-f945d68d/preview
1860,11416,right,train,CTEH,http://192.168.0.19:8042/instances/d6c5789d-1c6ecc7e-3ac8ff32-1f85dcb0-7268b2cc/preview
1861,11415,right,train,CTEH,http://192.168.0.19:8042/instances/110df239-a72b3531-92f31a0e-7e04ecf4-e571d044/preview
1862,11414,right,train,CTEH,http://192.168.0.19:8042/instances/217e83b7-4b70441c-002b90cc-6cd6f5ef-63f98a58/preview
1863,11413,right,train,CTEH,http://192.168.0.19:8042/instances/6c266dda-5cfe1f34-255965eb-04cdac26-ce8a3713/preview
1864,11412,left,train,CTEH,http://192.168.0.19:8042/instances/dc3a6aea-a95ee4b3-faee18c1-6af0a1e2-342ec744/preview
1865,11411,left,train,CTEH,http://192.168.0.19:8042/instances/3a3e132d-5f9e0763-5d709b16-3faebdd5-2cf93185/preview
1866,11410,left,train,CTEH,http://192.168.0.19:8042/instances/f66ceb0f-9b89cf12-772f0964-76bbc55a-14a4eb1b/preview
1867,11409,left,train,CTEH,http://192.168.0.19:8042/instances/30b17161-2c088f05-e80e0401-6e542471-8b475294/preview
1868,11408,left,train,CTEH,http://192.168.0.19:8042/instances/8a85e7fd-187f9081-43a40045-447be031-15ac9e92/preview
1869,11407,left,train,CTEH,http://192.168.0.19:8042/instances/31304936-916e0521-1588622b-2639a32c-ca1cc341/preview
1870,11406,left,train,CTEH,http://192.168.0.19:8042/instances/971764bd-a228564f-7919633a-73d67797-83d6884e/preview
1871,11405,left,train,CTEH,http://192.168.0.19:8042/instances/289de431-351b01de-5f859493-3e2618a3-264d61e9/preview
1872,11404,left,train,BAIDU,http://192.168.0.21:8080/data/local-files/?d=BAIDU/BAIDU-A0006.jpg
1873,11403,left,train,BAIDU,http://192.168.0.21:8080/data/local-files/?d=BAIDU/BAIDU-A0007.jpg
1874,11402,left,train,BAIDU,http://192.168.0.21:8080/data/local-files/?d=BAIDU/BAIDU-A0008.jpg
1875,11401,left,train,BAIDU,http://192.168.0.21:8080/data/local-files/?d=BAIDU/BAIDU-A0081.jpg
1876,11400,left,train,BAIDU,http://192.168.0.21:8080/data/local-files/?d=BAIDU/BAIDU-N0056.jpg
1877,11399,left,train,BAIDU,http://192.168.0.21:8080/data/local-files/?d=BAIDU/BAIDU-N0240.jpg
1878,11398,left,train,BAIDU,http://192.168.0.21:8080/data/local-files/?d=BAIDU/BAIDU-N0257.jpg
1879,11397,left,train,BAIDU,http://192.168.0.21:8080/data/local-files/?d=BAIDU/BAIDU-N0281.jpg
1880,11396,left,train,BAIDU,http://192.168.0.21:8080/data/local-files/?d=BAIDU/BAIDU-N0300.jpg
1881,11395,left,train,BAIDU,http://192.168.0.21:8080/data/local-files/?d=BAIDU/BAIDU-N0308.jpg
1882,11394,left,train,BAIDU,http://192.168.0.21:8080/data/local-files/?d=BAIDU/BAIDU-N0304.jpg
1883,11393,left,train,BAIDU,http://192.168.0.21:8080/data/local-files/?d=BAIDU/BAIDU-N0311.jpg
1884,11392,left,train,BAIDU,http://192.168.0.21:8080/data/local-files/?d=BAIDU/BAIDU-N0028.jpg
1885,11391,left,train,BAIDU,http://192.168.0.21:8080/data/local-files/?d=BAIDU/BAIDU-A0038.jpg
1886,11390,right,train,EYESCAN,http://192.168.0.21:8080/data/local-files/?d=EYESCAN/21_0002CR0D.png
1887,11389,right,train,EYESCAN,http://192.168.0.21:8080/data/local-files/?d=EYESCAN/5_0002CR0D.png
1888,11388,right,train,EYESCAN,http://192.168.0.21:8080/data/local-files/?d=EYESCAN/12_0001CR0D.png
1889,11387,right,train,EYESCAN,http://192.168.0.21:8080/data/local-files/?d=EYESCAN/15_0002CR0D.png
1890,11386,right,train,EYESCAN,http://192.168.0.21:8080/data/local-files/?d=EYESCAN/17_0002CR0D.png
1891,11385,right,train,EYESCAN,http://192.168.0.21:8080/data/local-files/?d=EYESCAN/23_0002CR0D.png
1892,11384,right,train,EYESCAN,http://192.168.0.21:8080/data/local-files/?d=EYESCAN/31_0001CR0D.png
1893,11383,right,train,EYESCAN,http://192.168.0.21:8080/data/local-files/?d=EYESCAN/32_0002CR0D.png
1894,11382,right,train,EYESCAN,http://192.168.0.21:8080/data/local-files/?d=EYESCAN/33_0001CR0D.png
1895,11381,right,train,EYESCAN,http://192.168.0.21:8080/data/local-files/?d=EYESCAN/34_0002CR0D.png
1896,11380,right,train,EYESCAN,http://192.168.0.21:8080/data/local-files/?d=EYESCAN/36_0002CR0D.png
1897,11379,right,train,EYESCAN,http://192.168.0.21:8080/data/local-files/?d=EYESCAN/39_0002CR0D.png
1898,11378,right,train,EYESCAN,http://192.168.0.21:8080/data/local-files/?d=EYESCAN/40_0001CR0D.png
1899,11377,right,train,EYESCAN,http://192.168.0.21:8080/data/local-files/?d=EYESCAN/44_0001CR0D.png
1900,11376,right,train,EYESCAN,http://192.168.0.21:8080/data/local-files/?d=EYESCAN/49_0002CR0D.png
1901,11375,right,train,EYESCAN,http://192.168.0.21:8080/data/local-files/?d=EYESCAN/51_0002CR0D.png
1902,11374,right,train,EYESCAN,http://192.168.0.21:8080/data/local-files/?d=EYESCAN/55_0002CR0D.png
1903,11373,right,train,EYESCAN,http://192.168.0.21:8080/data/local-files/?d=EYESCAN/56_0001CR0D.png
1904,11372,right,train,EYESCAN,http://192.168.0.21:8080/data/local-files/?d=EYESCAN/35_0001CR0D.png
1905,11371,right,train,EYESCAN,http://192.168.0.21:8080/data/local-files/?d=EYESCAN/53_0002CR0D.png
1906,11370,right,train,EYESCAN,http://192.168.0.21:8080/data/local-files/?d=EYESCAN/54_0001CR0D.png
1907,11369,right,train,EYESCAN,http://192.168.0.21:8080/data/local-files/?d=EYESCAN/64_0004CL0D.png
1908,11368,right,train,EYESCAN,http://192.168.0.21:8080/data/local-files/?d=EYESCAN/67_0002CR0D.png
1909,11367,left,train,EYESCAN,http://192.168.0.21:8080/data/local-files/?d=EYESCAN/70_0004CL0D.png
1910,11366,right,train,EYESCAN,http://192.168.0.21:8080/data/local-files/?d=EYESCAN/87_0002CR0D.png
1911,11365,right,train,EYESCAN,http://192.168.0.21:8080/data/local-files/?d=EYESCAN/95_0002CR0D.png
1912,11364,right,train,EYESCAN,http://192.168.0.21:8080/data/local-files/?d=EYESCAN/103_0002CR0D.png
1913,11363,right,train,EYESCAN,http://192.168.0.21:8080/data/local-files/?d=EYESCAN/105_0002CR0D.png
1914,11362,right,train,EYESCAN,http://192.168.0.21:8080/data/local-files/?d=EYESCAN/111_0002CR0D.png
1915,11361,right,train,EYESCAN,http://192.168.0.21:8080/data/local-files/?d=EYESCAN/22_0001CR0D.png
1916,11360,left,train,BAIDU,http://192.168.0.21:8080/data/local-files/?d=BAIDU/BAIDU-A0013.jpg
1917,11359,left,train,BAIDU,http://192.168.0.21:8080/data/local-files/?d=BAIDU/BAIDU-A0009.jpg
1918,11358,left,train,BAIDU,http://192.168.0.21:8080/data/local-files/?d=BAIDU/BAIDU-A0010.jpg
1919,11357,left,train,BAIDU,http://192.168.0.21:8080/data/local-files/?d=BAIDU/BAIDU-A0011.jpg
1920,11356,left,train,BAIDU,http://192.168.0.21:8080/data/local-files/?d=BAIDU/BAIDU-A0015.jpg
1921,11355,left,train,BAIDU,http://192.168.0.21:8080/data/local-files/?d=BAIDU/BAIDU-A0016.jpg
1922,11354,left,train,BAIDU,http://192.168.0.21:8080/data/local-files/?d=BAIDU/BAIDU-A0019.jpg
1923,11353,left,train,BAIDU,http://192.168.0.21:8080/data/local-files/?d=BAIDU/BAIDU-A0033.jpg
1924,11352,left,train,BAIDU,http://192.168.0.21:8080/data/local-files/?d=BAIDU/BAIDU-A0057.jpg
1925,11351,left,train,BAIDU,http://192.168.0.21:8080/data/local-files/?d=BAIDU/BAIDU-A0071.jpg
1926,11350,left,train,BAIDU,http://192.168.0.21:8080/data/local-files/?d=BAIDU/BAIDU-N0004.jpg
1927,11349,left,train,BAIDU,http://192.168.0.21:8080/data/local-files/?d=BAIDU/BAIDU-N0023.jpg
1928,11348,left,train,BAIDU,http://192.168.0.21:8080/data/local-files/?d=BAIDU/BAIDU-N0021.jpg
1929,11347,left,train,BAIDU,http://192.168.0.21:8080/data/local-files/?d=BAIDU/BAIDU-N0027.jpg
1930,11346,left,train,BAIDU,http://192.168.0.21:8080/data/local-files/?d=BAIDU/BAIDU-N0040.jpg
1931,11345,left,train,BAIDU,http://192.168.0.21:8080/data/local-files/?d=BAIDU/BAIDU-N0043.jpg
1932,11344,left,train,BAIDU,http://192.168.0.21:8080/data/local-files/?d=BAIDU/BAIDU-N0057.jpg
1933,11343,left,train,BAIDU,http://192.168.0.21:8080/data/local-files/?d=BAIDU/BAIDU-N0061.jpg
1934,11342,left,train,BAIDU,http://192.168.0.21:8080/data/local-files/?d=BAIDU/BAIDU-N0063.jpg
1935,11341,left,train,BAIDU,http://192.168.0.21:8080/data/local-files/?d=BAIDU/BAIDU-N0071.jpg
1936,11340,left,train,BAIDU,http://192.168.0.21:8080/data/local-files/?d=BAIDU/BAIDU-N0089.jpg
1937,11339,left,train,BAIDU,http://192.168.0.21:8080/data/local-files/?d=BAIDU/BAIDU-N0094.jpg
1938,11338,left,train,BAIDU,http://192.168.0.21:8080/data/local-files/?d=BAIDU/BAIDU-N0097.jpg
1939,11337,left,train,BAIDU,http://192.168.0.21:8080/data/local-files/?d=BAIDU/BAIDU-N0107.jpg
1940,11336,left,train,BAIDU,http://192.168.0.21:8080/data/local-files/?d=BAIDU/BAIDU-N0109.jpg
1941,11335,left,train,BAIDU,http://192.168.0.21:8080/data/local-files/?d=BAIDU/BAIDU-N0110.jpg
1942,11334,left,train,BAIDU,http://192.168.0.21:8080/data/local-files/?d=BAIDU/BAIDU-N0117.jpg
1943,11333,left,train,BAIDU,http://192.168.0.21:8080/data/local-files/?d=BAIDU/BAIDU-N0122.jpg
1944,11332,left,train,BAIDU,http://192.168.0.21:8080/data/local-files/?d=BAIDU/BAIDU-N0123.jpg
1945,11331,left,train,BAIDU,http://192.168.0.21:8080/data/local-files/?d=BAIDU/BAIDU-N0138.jpg
1946,11330,left,train,BAIDU,http://192.168.0.21:8080/data/local-files/?d=BAIDU/BAIDU-N0146.jpg
1947,11329,left,train,BAIDU,http://192.168.0.21:8080/data/local-files/?d=BAIDU/BAIDU-N0158.jpg
1948,11328,left,train,BAIDU,http://192.168.0.21:8080/data/local-files/?d=BAIDU/BAIDU-N0162.jpg
1949,11327,left,train,BAIDU,http://192.168.0.21:8080/data/local-files/?d=BAIDU/BAIDU-N0163.jpg
1950,11326,left,train,BAIDU,http://192.168.0.21:8080/data/local-files/?d=BAIDU/BAIDU-N0187.jpg
1951,11325,left,train,BAIDU,http://192.168.0.21:8080/data/local-files/?d=BAIDU/BAIDU-N0192.jpg
1952,11324,left,train,BAIDU,http://192.168.0.21:8080/data/local-files/?d=BAIDU/BAIDU-N0197.jpg
1953,11323,left,train,BAIDU,http://192.168.0.21:8080/data/local-files/?d=BAIDU/BAIDU-N0199.jpg
1954,11322,left,train,BAIDU,http://192.168.0.21:8080/data/local-files/?d=BAIDU/BAIDU-N0200.jpg
1955,11321,left,train,BAIDU,http://192.168.0.21:8080/data/local-files/?d=BAIDU/BAIDU-N0201.jpg
1956,11320,left,train,BAIDU,http://192.168.0.21:8080/data/local-files/?d=BAIDU/BAIDU-N0203.jpg
1957,11319,left,train,BAIDU,http://192.168.0.21:8080/data/local-files/?d=BAIDU/BAIDU-N0208.jpg
1958,11318,left,train,BAIDU,http://192.168.0.21:8080/data/local-files/?d=BAIDU/BAIDU-N0219.jpg
1959,11317,left,train,BAIDU,http://192.168.0.21:8080/data/local-files/?d=BAIDU/BAIDU-N0222.jpg
1960,11316,left,train,BAIDU,http://192.168.0.21:8080/data/local-files/?d=BAIDU/BAIDU-N0223.jpg
1961,11315,left,train,BAIDU,http://192.168.0.21:8080/data/local-files/?d=BAIDU/BAIDU-N0234.jpg
1962,11314,left,train,BAIDU,http://192.168.0.21:8080/data/local-files/?d=BAIDU/BAIDU-N0238.jpg
1963,11313,left,train,BAIDU,http://192.168.0.21:8080/data/local-files/?d=BAIDU/BAIDU-N0245.jpg
1964,11312,left,train,BAIDU,http://192.168.0.21:8080/data/local-files/?d=BAIDU/BAIDU-N0270.jpg
1965,11311,left,train,BAIDU,http://192.168.0.21:8080/data/local-files/?d=BAIDU/BAIDU-N0274.jpg
1966,11310,left,train,BAIDU,http://192.168.0.21:8080/data/local-files/?d=BAIDU/BAIDU-N0282.jpg
1967,11309,left,train,BAIDU,http://192.168.0.21:8080/data/local-files/?d=BAIDU/BAIDU-N0292.jpg
1968,11308,left,train,BAIDU,http://192.168.0.21:8080/data/local-files/?d=BAIDU/BAIDU-N0296.jpg
1969,11307,left,train,BAIDU,http://192.168.0.21:8080/data/local-files/?d=BAIDU/BAIDU-N0309.jpg
1970,11306,left,train,BAIDU,http://192.168.0.21:8080/data/local-files/?d=BAIDU/BAIDU-N0310.jpg
1971,11305,left,train,CTEH,http://192.168.0.19:8042/instances/f59b09b6-1dd7a519-574a3e39-483189b3-6b4d7927/preview
1972,11304,left,train,CTEH,http://192.168.0.19:8042/instances/6ece50d6-296103d9-fad5e532-f9c316e5-76354ce6/preview
1973,11303,right,train,CTEH,http://192.168.0.19:8042/instances/486e769c-5bc3c543-3fcecdef-cd2a6e08-489059d3/preview
1974,11302,right,train,CTEH,http://192.168.0.19:8042/instances/45ebb383-3c1515e9-dbda590d-642e9b8c-fa92ee97/preview
1975,11301,right,train,CTEH,http://192.168.0.19:8042/instances/ea776f46-d64da387-b34a8c00-5dac1df6-0824d457/preview
1976,11300,right,train,CTEH,http://192.168.0.19:8042/instances/8086f565-25b2e11c-83c55ac5-90cc6dbe-032cea3f/preview
1977,11299,right,train,CTEH,http://192.168.0.19:8042/instances/6548d736-c479c846-22cdb6b9-a7f1def3-a00bd98b/preview
1978,11298,right,train,CTEH,http://192.168.0.19:8042/instances/5c505349-755de3ac-d3d9017b-22d0c5ac-6c2ce40d/preview
1979,11297,right,train,CTEH,http://192.168.0.19:8042/instances/bc853080-3f5c6c27-0999ff8c-5a1e4c03-0db60e1e/preview
1980,11296,right,train,CTEH,http://192.168.0.19:8042/instances/0dac0580-c362204c-32a0def8-f208b507-52099ff5/preview
1981,11295,right,train,CTEH,http://192.168.0.19:8042/instances/42a65e61-fbbf7294-9e32253a-54cda472-28434377/preview
1982,11294,right,train,CTEH,http://192.168.0.19:8042/instances/935d20b9-a9efa810-cfe02122-4b380c65-b9f361b5/preview
1983,11293,left,train,CTEH,http://192.168.0.19:8042/instances/b1faceaf-7b6c3b6e-be8902d4-3c5b89f1-d2a64ad2/preview
1984,11292,right,train,CTEH,http://192.168.0.19:8042/instances/bb2b297f-718a2936-7e5cf056-ea9e6927-103a3981/preview
1985,11291,right,train,CTEH,http://192.168.0.19:8042/instances/f50a2434-b993d742-ca9fb390-a1c97fa5-5c7455c1/preview
1986,11290,left,train,CTEH,http://192.168.0.19:8042/instances/dd380364-16041a0c-25045b63-0f7923e1-c7d3e25f/preview
1987,11289,left,train,CTEH,http://192.168.0.19:8042/instances/5d17f78b-d751f35a-3fce35f7-0ce98954-b5def49f/preview
1988,11288,right,train,CTEH,http://192.168.0.19:8042/instances/0a1af7dc-c75b0eb3-df29b36c-1bac79e0-b8c3c6cf/preview
1989,11287,left,train,CTEH,http://192.168.0.19:8042/instances/400d6cb8-5f39a344-dae2ef5d-86a8c63f-1bfa0c61/preview
1990,11286,left,train,CTEH,http://192.168.0.19:8042/instances/773d58fc-2fd107f2-56cf662e-efa1ff23-c769f8f9/preview
1991,11285,left,train,CTEH,http://192.168.0.19:8042/instances/54dde843-25f41c38-910fff05-f46ef785-40db05b3/preview
1992,11284,left,train,CTEH,http://192.168.0.19:8042/instances/cdc5905b-20c770ff-8ea649a1-1270f054-e17828bc/preview
1993,11283,right,train,CTEH,http://192.168.0.19:8042/instances/65cb0cab-fb2a7e4a-5ff1349a-390ceba9-da76ccdd/preview
1994,11282,right,train,CTEH,http://192.168.0.19:8042/instances/03bfbee6-780620a1-164724bb-58ba6d4d-5d251254/preview
1995,11281,right,train,CTEH,http://192.168.0.19:8042/instances/5796406f-73247c0e-644989dc-13f82ab0-1e630233/preview
1996,11280,right,train,CTEH,http://192.168.0.19:8042/instances/7987376e-68bb3c6a-405852b9-95df3ae9-f8e28988/preview
1997,11279,right,train,CTEH,http://192.168.0.19:8042/instances/5f2d818b-6352d14f-7dd23425-993e7f25-7fad41ed/preview
1998,11278,right,train,CTEH,http://192.168.0.19:8042/instances/920df653-ce3fa26b-46b7d673-b5db3507-ee1c78a9/preview
1999,11277,right,train,CTEH,http://192.168.0.19:8042/instances/6eac19df-e139752d-c8e08d9a-04951182-018ce2be/preview
2000,11276,right,train,CTEH,http://192.168.0.19:8042/instances/12df59c7-32802e3e-91451d8e-81eb94d4-00ddc0c4/preview
2001,11275,right,train,CTEH,http://192.168.0.19:8042/instances/a06423ab-fbed42f6-5c122e6d-4f91b110-2a9f7b5f/preview
2002,11274,right,train,CTEH,http://192.168.0.19:8042/instances/6e6f15f0-4b7a6a55-714e1ad6-94760510-b0fec310/preview
2003,11273,right,train,CTEH,http://192.168.0.19:8042/instances/aa4a9dbe-d1330a4a-a3ce6625-3ff2624e-a18845c5/preview
2004,11272,right,train,CTEH,http://192.168.0.19:8042/instances/5df19fa6-71398f0d-9cd6f5f8-e56353b2-19d71718/preview
2005,11271,right,train,CTEH,http://192.168.0.19:8042/instances/05a7be3f-775a96d5-824a8d5f-c1e74594-d37af060/preview
2006,11270,right,train,CTEH,http://192.168.0.19:8042/instances/a787f6f8-e5a0a66f-5763dab9-3aa947dc-6df1b82e/preview
2007,11269,right,train,CTEH,http://192.168.0.19:8042/instances/a4b93505-5ca0544e-3424b6b5-d92df47f-c5f09f67/preview
2008,11268,right,train,CTEH,http://192.168.0.19:8042/instances/a3b7af83-e50149f0-2be21cd8-3fee611a-33398b21/preview
2009,11267,right,train,CTEH,http://192.168.0.19:8042/instances/d85d300b-40ac8461-9b412b3a-be7cecfa-70994e5c/preview
2010,11266,right,train,CTEH,http://192.168.0.19:8042/instances/4c366807-224b7898-8f7a2cc6-131d7ecf-d70cbd77/preview
2011,11265,right,train,CTEH,http://192.168.0.19:8042/instances/65d16caa-b0700b35-3e89e8b8-f2c44761-670ed7e2/preview
2012,11264,right,train,CTEH,http://192.168.0.19:8042/instances/b79d132b-2ff03854-eef6f44a-b21826b8-2f7d0928/preview
2013,11263,right,train,CTEH,http://192.168.0.19:8042/instances/6113f16c-7d8e4fe6-0397d9d6-d9cac67c-c02ca18b/preview
2014,11262,right,train,CTEH,http://192.168.0.19:8042/instances/36b17759-09a02426-97720833-c7d3050d-7ff062de/preview
2015,11260,right,train,CTEH,http://192.168.0.19:8042/instances/10bf8a9d-5e641ec5-da18f1aa-e7fb716b-ed29d7fb/preview
2016,11259,right,train,CTEH,http://192.168.0.19:8042/instances/a9f24a00-c691c285-f0ae1eff-c174b48c-5919b68c/preview
2017,11258,right,train,CTEH,http://192.168.0.19:8042/instances/37645052-2cc47735-43d1b638-737b9697-167360a6/preview
2018,11257,right,train,CTEH,http://192.168.0.19:8042/instances/576f6135-14b69690-b5fa100a-32a7e8ca-6c272c3b/preview
2019,11256,right,train,CTEH,http://192.168.0.19:8042/instances/6e4b392f-54c3a299-cd5ae2db-f50101bb-86326e56/preview
2020,11255,right,train,CTEH,http://192.168.0.19:8042/instances/aae7b3b2-f7a40746-a5d2cd62-24c5790a-b9485cc2/preview
2021,11254,left,train,CTEH,http://192.168.0.19:8042/instances/f7e6fbf0-9c601517-120cd524-9d97bd92-bb618d72/preview
2022,11253,right,train,CTEH,http://192.168.0.19:8042/instances/12f52b8d-dcef4382-7d7a5215-7b3410df-8c1c8636/preview
2023,11252,right,train,CTEH,http://192.168.0.19:8042/instances/f674eff3-5e8f1e68-d28a9bcb-290d09c8-ccfcf9d8/preview
2024,11251,right,train,CTEH,http://192.168.0.19:8042/instances/17582e13-a2fd24f3-cfbf501d-75576026-a82f534d/preview
2025,11250,right,train,CTEH,http://192.168.0.19:8042/instances/24308447-842d6f48-2c4a1754-6dcf50de-eb49016b/preview
2026,11249,right,train,CTEH,http://192.168.0.19:8042/instances/8cb49a77-1167fa61-4810ff08-41cc9958-857f2f4b/preview
2027,11248,right,train,CTEH,http://192.168.0.19:8042/instances/37563fe8-95126c52-421fd84d-a62fd661-da783f51/preview
2028,11247,right,train,CTEH,http://192.168.0.19:8042/instances/7d0c0669-59ae5e9d-7f8b3c27-491e9a88-ab0ec175/preview
2029,11246,right,train,CTEH,http://192.168.0.19:8042/instances/a0bbab5c-6c11430f-1aabc9c2-847722f7-080ca66f/preview
2030,11245,right,train,CTEH,http://192.168.0.19:8042/instances/fad30afd-9822d28d-6b16b0fd-53e4dd25-4ac71d03/preview
2031,11244,right,train,CTEH,http://192.168.0.19:8042/instances/4fe11743-a6b6fc7e-f7c29896-3b80219e-8b617fa3/preview
2032,11243,right,train,CTEH,http://192.168.0.19:8042/instances/63644720-7ffff604-1d381dd9-229c6783-558d3357/preview
2033,11242,right,train,CTEH,http://192.168.0.19:8042/instances/61d287b5-c63668ab-8c9564fd-3ece2804-799d9dd8/preview
2034,11241,right,train,CTEH,http://192.168.0.19:8042/instances/e9718ad3-71f4ec92-bc2e66ec-4cdafeaf-08ac634f/preview
2035,11240,right,train,CTEH,http://192.168.0.19:8042/instances/8bb0443b-2742e7b7-03ea8a0f-c652e607-08367e1e/preview
2036,11239,right,train,CTEH,http://192.168.0.19:8042/instances/f8b03cbf-a4e3f423-e416a09d-28d08907-c6080a2f/preview
2037,11238,right,train,CTEH,http://192.168.0.19:8042/instances/93562f02-f1abe35b-d927d3a3-b87fedf8-e6e17366/preview
2038,11237,right,train,CTEH,http://192.168.0.19:8042/instances/a55c0657-55363c76-e9b06790-63b2e1ce-fc2ea54e/preview
2039,11236,left,train,CTEH,http://192.168.0.19:8042/instances/5401961d-8ac0da7c-f2bdc62b-cc76d72b-5b7c6c1d/preview
2040,11235,right,train,CTEH,http://192.168.0.19:8042/instances/ceb99cc6-924e218d-e11ae8ca-cf7e0eab-4210995f/preview
2041,11234,right,train,CTEH,http://192.168.0.19:8042/instances/b7cb0a28-53fb40fa-a3d8a59a-22b3f4cd-64eefc5d/preview
2042,11233,right,train,CTEH,http://192.168.0.19:8042/instances/1d9d5744-6a943dbf-ba9eea89-a41f9451-32167ddb/preview
2043,11232,right,train,CTEH,http://192.168.0.19:8042/instances/522ba76a-0c64ddcd-53b454e6-a3c735d1-80bda931/preview
2044,11231,right,train,CTEH,http://192.168.0.19:8042/instances/f1da9eed-02d4cae9-98626846-b03a0b3c-a2a26d7c/preview
2045,11230,left,train,CTEH,http://192.168.0.19:8042/instances/49b89a1b-8d413def-452c51a4-e2611be0-9a86736a/preview
2046,11229,left,train,CTEH,http://192.168.0.19:8042/instances/848c42d7-d33a3676-db59587e-d4acc9b9-bc09c707/preview
2047,11228,right,train,CTEH,http://192.168.0.19:8042/instances/5eaae155-62f2dab3-d0089a1a-763f787d-d7daa67e/preview
2048,11227,right,train,CTEH,http://192.168.0.19:8042/instances/eaf303f4-e826e9a0-78146d0a-1dec310e-7a1a121b/preview
2049,11226,right,train,CTEH,http://192.168.0.19:8042/instances/385afa5c-b3b342c9-9e129c77-98b58cd6-ae211ad0/preview
2050,11225,right,train,CTEH,http://192.168.0.19:8042/instances/57f2eec1-7ccb01b1-dadcf6ce-4a3c025f-66e6101c/preview
2051,11224,right,train,CTEH,http://192.168.0.19:8042/instances/265b2615-091229cb-7552ed33-1c52d980-78010c7e/preview
2052,11223,right,train,CTEH,http://192.168.0.19:8042/instances/7f4b0f5d-12995a94-0601f775-3acf3a84-c19ec39d/preview
2053,11222,right,train,CTEH,http://192.168.0.19:8042/instances/0c5cb861-62d0bd20-3ca9088c-a0ece4a9-207330ac/preview
2054,11221,right,train,CTEH,http://192.168.0.19:8042/instances/3ad5d1ba-205d4181-c0e834f0-8e581704-136385d0/preview
2055,11220,right,train,CTEH,http://192.168.0.19:8042/instances/d6d5a528-e68e2ed4-68e0c3ff-a3b3aad3-ddda8af5/preview
2056,11219,right,train,CTEH,http://192.168.0.19:8042/instances/03d6361f-a35ce631-8e5d3ed4-33eccc21-d1621316/preview
2057,11218,right,train,CTEH,http://192.168.0.19:8042/instances/cedfe47e-832420ee-e7bb4bca-23798f93-3c35f799/preview
2058,11217,right,train,CTEH,http://192.168.0.19:8042/instances/43038133-129cb0e4-0212df36-a29b4f31-7ad41e00/preview
2059,11216,left,train,CTEH,http://192.168.0.19:8042/instances/949ba86f-e02deeca-c2671d84-9e2af13e-4f46f5d8/preview
2060,11215,right,train,CTEH,http://192.168.0.19:8042/instances/e3c61a89-b4cb90ca-1585ce6a-39f0374a-2f4837db/preview
2061,11214,right,train,CTEH,http://192.168.0.19:8042/instances/f364f11a-76c694a3-7ee2a8af-86865c27-eababd40/preview
2062,11213,left,train,CTEH,http://192.168.0.19:8042/instances/aaa5b8b7-5ff59641-300f152b-117fc53b-fb211ad6/preview
2063,11212,right,train,CTEH,http://192.168.0.19:8042/instances/dd3d31ec-88d46624-7589c15d-d4c8504f-46b05867/preview
2064,11211,right,train,CTEH,http://192.168.0.19:8042/instances/5c88ee94-f2b32712-d1fc4260-7b81ef2b-3b1ba712/preview
2065,11210,left,train,CTEH,http://192.168.0.19:8042/instances/9726dcda-d5aaa18c-ba44f1ee-31d4ec0c-67091c76/preview
2066,11209,right,train,CTEH,http://192.168.0.19:8042/instances/a5f11fba-87df2615-32624679-122edd5d-a02ea8ae/preview
2067,11208,left,train,CTEH,http://192.168.0.19:8042/instances/4ccab316-3df313d0-1ec23189-8706375c-689740e4/preview
