Unnamed: 0,ID,label_cp,train_val_predict,src,URL
0,12552,central,train,EYESCAN,http://192.168.0.21:8080/data/local-files/?d=EYESCAN/63_0002CR0D.png
1,12546,central,train,EYESCAN,http://192.168.0.21:8080/data/local-files/?d=EYESCAN/89_0002CR0D.png
2,12542,central,train,EYESCAN,http://192.168.0.21:8080/data/local-files/?d=EYESCAN/98_0003CR0D.png
3,12515,central,train,EYESCAN,http://192.168.0.21:8080/data/local-files/?d=EYESCAN/141_0005CL0D.png
4,12512,central,train,EYESCAN,http://192.168.0.21:8080/data/local-files/?d=EYESCAN/145_0002CR0D.png
5,12513,central,train,EYESCAN,http://192.168.0.21:8080/data/local-files/?d=EYESCAN/144_0001CR0D.png
6,12505,central,train,EYESCAN,http://192.168.0.21:8080/data/local-files/?d=EYESCAN/154_0001CR0D.png
7,12500,central,train,EYESCAN,http://192.168.0.21:8080/data/local-files/?d=EYESCAN/160_0002CR0D.png
8,12484,central,train,EYESCAN,http://192.168.0.21:8080/data/local-files/?d=EYESCAN/182_0003CL0D.png
9,12476,central,train,EYESCAN,http://192.168.0.21:8080/data/local-files/?d=EYESCAN/192_0002CR0D.png
10,12472,central,train,EYESCAN,http://192.168.0.21:8080/data/local-files/?d=EYESCAN/197_0001CR0D.png
11,12466,central,train,EYESCAN,http://192.168.0.21:8080/data/local-files/?d=EYESCAN/204_0002CL0D.png
12,12465,central,train,EYESCAN,http://192.168.0.21:8080/data/local-files/?d=EYESCAN/205_0001CL0D.png
13,12458,central,train,EYESCAN,http://192.168.0.21:8080/data/local-files/?d=EYESCAN/212_0001CR0D.png
14,12446,peripheral,train,EYESCAN,http://192.168.0.21:8080/data/local-files/?d=EYESCAN/226_0005CL0D.png
15,12447,central,train,EYESCAN,http://192.168.0.21:8080/data/local-files/?d=EYESCAN/225_0003CR0D.png
16,12445,central,train,EYESCAN,http://192.168.0.21:8080/data/local-files/?d=EYESCAN/227_0004CL0D.png
17,12435,central,train,EYESCAN,http://192.168.0.21:8080/data/local-files/?d=EYESCAN/239_0001CR0D.png
18,12432,central,train,EYESCAN,http://192.168.0.21:8080/data/local-files/?d=EYESCAN/243_0001CR0D.png
19,12429,central,train,EYESCAN,http://192.168.0.21:8080/data/local-files/?d=EYESCAN/246_0004CL0D.png
20,12427,central,train,EYESCAN,http://192.168.0.21:8080/data/local-files/?d=EYESCAN/248_0007CL0D.png
21,12421,central,train,EYESCAN,http://192.168.0.21:8080/data/local-files/?d=EYESCAN/256_0002CR0D.png
22,12419,central,train,EYESCAN,http://192.168.0.21:8080/data/local-files/?d=EYESCAN/258_0004CL0D.png
23,12403,central,train,EYESCAN,http://192.168.0.21:8080/data/local-files/?d=EYESCAN/281_0003CR0D.png
24,12398,central,train,EYESCAN,http://192.168.0.21:8080/data/local-files/?d=EYESCAN/289_0005CL0D.png
25,12397,central,train,EYESCAN,http://192.168.0.21:8080/data/local-files/?d=EYESCAN/290_0004CL0D.png
26,12394,central,train,EYESCAN,http://192.168.0.21:8080/data/local-files/?d=EYESCAN/295_0001CR0D.png
27,12391,central,train,EYESCAN,http://192.168.0.21:8080/data/local-files/?d=EYESCAN/298_0003CR0D.png
28,12385,central,train,EYESCAN,http://192.168.0.21:8080/data/local-files/?d=EYESCAN/305_0004CL0D.png
29,12388,central,train,EYESCAN,http://192.168.0.21:8080/data/local-files/?d=EYESCAN/301_0002CR0D.png
30,12387,central,train,EYESCAN,http://192.168.0.21:8080/data/local-files/?d=EYESCAN/302_0001CR0D.png
31,12381,central,train,EYESCAN,http://192.168.0.21:8080/data/local-files/?d=EYESCAN/310_0001CR0D.png
32,12380,central,train,EYESCAN,http://192.168.0.21:8080/data/local-files/?d=EYESCAN/311_0002CR0D.png
33,12366,central,train,EYESCAN,http://192.168.0.21:8080/data/local-files/?d=EYESCAN/327_0004CL0D.png
34,12362,central,train,EYESCAN,http://192.168.0.21:8080/data/local-files/?d=EYESCAN/331_0003CR0D.png
35,12361,central,train,EYESCAN,http://192.168.0.21:8080/data/local-files/?d=EYESCAN/332_0002CR0D.png
36,12357,central,train,EYESCAN,http://192.168.0.21:8080/data/local-files/?d=EYESCAN/336_0002CR0D.png
37,12353,central,train,EYESCAN,http://192.168.0.21:8080/data/local-files/?d=EYESCAN/342_0001CR0D.png
38,12350,central,train,EYESCAN,http://192.168.0.21:8080/data/local-files/?d=EYESCAN/346_0005CL0D.png
39,12348,central,train,EYESCAN,http://192.168.0.21:8080/data/local-files/?d=EYESCAN/348_0001CR0D.png
40,12343,central,train,EYESCAN,http://192.168.0.21:8080/data/local-files/?d=EYESCAN/353_0003CL0D.png
41,12327,central,train,EYESCAN,http://192.168.0.21:8080/data/local-files/?d=EYESCAN/379_0004CL0D.png
42,12326,central,train,EYESCAN,http://192.168.0.21:8080/data/local-files/?d=EYESCAN/380_0001CR0D.png
43,12325,central,train,EYESCAN,http://192.168.0.21:8080/data/local-files/?d=EYESCAN/382_0004CL0D.png
44,12318,central,train,EYESCAN,http://192.168.0.21:8080/data/local-files/?d=EYESCAN/392_0004CL0D.png
45,12317,central,train,EYESCAN,http://192.168.0.21:8080/data/local-files/?d=EYESCAN/393_0003CL0D.png
46,12309,central,train,EYESCAN,http://192.168.0.21:8080/data/local-files/?d=EYESCAN/403_0004CL0D.png
47,12294,central,train,EYESCAN,http://192.168.0.21:8080/data/local-files/?d=EYESCAN/422_0004CL0D.png
48,12293,central,train,EYESCAN,http://192.168.0.21:8080/data/local-files/?d=EYESCAN/423_0003CL0D.png
49,12287,central,train,EYESCAN,http://192.168.0.21:8080/data/local-files/?d=EYESCAN/431_0004CL0D.png
50,12286,central,train,EYESCAN,http://192.168.0.21:8080/data/local-files/?d=EYESCAN/432_0003CL0D.png
51,12278,central,train,EYESCAN,http://192.168.0.21:8080/data/local-files/?d=EYESCAN/442_0002CR0D.png
52,12269,central,train,EYESCAN,http://192.168.0.21:8080/data/local-files/?d=EYESCAN/453_0003CL0D.png
53,12267,central,train,EYESCAN,http://192.168.0.21:8080/data/local-files/?d=EYESCAN/456_0004CL0D.png
54,12263,central,train,EYESCAN,http://192.168.0.21:8080/data/local-files/?d=EYESCAN/460_0004CL0D.png
55,12251,central,train,EYESCAN,http://192.168.0.21:8080/data/local-files/?d=EYESCAN/473_0003CL0D.png
56,12250,central,train,EYESCAN,http://192.168.0.21:8080/data/local-files/?d=EYESCAN/475_0002CR0D.png
57,12244,central,train,EYESCAN,http://192.168.0.21:8080/data/local-files/?d=EYESCAN/482_0004CL0D.png
58,12237,central,train,EYESCAN,http://192.168.0.21:8080/data/local-files/?d=EYESCAN/491_0004CL0D.png
59,12238,central,train,EYESCAN,http://192.168.0.21:8080/data/local-files/?d=EYESCAN/490_0002CR0D.png
60,12236,central,train,EYESCAN,http://192.168.0.21:8080/data/local-files/?d=EYESCAN/493_0001CR0D.png
61,12225,central,train,EYESCAN,http://192.168.0.21:8080/data/local-files/?d=EYESCAN/504_0004CL0D.png
62,12217,central,train,EYESCAN,http://192.168.0.21:8080/data/local-files/?d=EYESCAN/515_0002CR0D.png
63,12218,central,train,EYESCAN,http://192.168.0.21:8080/data/local-files/?d=EYESCAN/514_0001CR0D.png
64,12195,central,train,EYESCAN,http://192.168.0.21:8080/data/local-files/?d=EYESCAN/542_0003CL0D.png
65,12191,central,train,EYESCAN,http://192.168.0.21:8080/data/local-files/?d=EYESCAN/547_0003CL0D.png
66,12190,central,train,EYESCAN,http://192.168.0.21:8080/data/local-files/?d=EYESCAN/548_0001CR0D.png
67,12189,central,train,EYESCAN,http://192.168.0.21:8080/data/local-files/?d=EYESCAN/549_0002CR0D.png
68,12184,central,train,EYESCAN,http://192.168.0.21:8080/data/local-files/?d=EYESCAN/554_0004CL0D.png
69,12182,central,train,EYESCAN,http://192.168.0.21:8080/data/local-files/?d=EYESCAN/556_0001CR0D.png
70,12181,central,train,EYESCAN,http://192.168.0.21:8080/data/local-files/?d=EYESCAN/558_0004CL0D.png
71,12171,central,train,EYESCAN,http://192.168.0.21:8080/data/local-files/?d=EYESCAN/570_0001CR0D.png
72,12167,central,train,EYESCAN,http://192.168.0.21:8080/data/local-files/?d=EYESCAN/575_0002CR0D.png
73,12164,central,train,EYESCAN,http://192.168.0.21:8080/data/local-files/?d=EYESCAN/578_0004CL0D.png
74,12160,central,train,EYESCAN,http://192.168.0.21:8080/data/local-files/?d=EYESCAN/583_0002CR0D.png
75,12161,central,train,EYESCAN,http://192.168.0.21:8080/data/local-files/?d=EYESCAN/582_0001CR0D.png
76,12155,central,train,EYESCAN,http://192.168.0.21:8080/data/local-files/?d=EYESCAN/590_0001CR0D.png
78,12151,central,train,EYESCAN,http://192.168.0.21:8080/data/local-files/?d=EYESCAN/595_0003CL0D.png
79,12149,central,train,EYESCAN,http://192.168.0.21:8080/data/local-files/?d=EYESCAN/597_0003CL0D.png
80,12148,central,train,EYESCAN,http://192.168.0.21:8080/data/local-files/?d=EYESCAN/598_0001CR0D.png
81,12146,central,train,EYESCAN,http://192.168.0.21:8080/data/local-files/?d=EYESCAN/600_0002CL0D.png
82,12144,central,train,EYESCAN,http://192.168.0.21:8080/data/local-files/?d=EYESCAN/604_0001CR0D.png
83,12141,central,train,EYESCAN,http://192.168.0.21:8080/data/local-files/?d=EYESCAN/608_0001CR0D.png
84,12138,central,train,EYESCAN,http://192.168.0.21:8080/data/local-files/?d=EYESCAN/614_0001CR0D.png
85,12137,central,train,EYESCAN,http://192.168.0.21:8080/data/local-files/?d=EYESCAN/615_0002CR0D.png
86,12136,central,train,EYESCAN,http://192.168.0.21:8080/data/local-files/?d=EYESCAN/616_0004CL0D.png
87,12132,central,train,EYESCAN,http://192.168.0.21:8080/data/local-files/?d=EYESCAN/621_0003CL0D.png
88,12128,central,train,EYESCAN,http://192.168.0.21:8080/data/local-files/?d=EYESCAN/626_0004CR0D.png
89,12887,central,train,BAIDU,http://192.168.0.21:8080/data/local-files/?d=BAIDU/BAIDU-A0017.jpg
90,12883,central,train,BAIDU,http://192.168.0.21:8080/data/local-files/?d=BAIDU/BAIDU-A0022.jpg
91,12876,central,train,BAIDU,http://192.168.0.21:8080/data/local-files/?d=BAIDU/BAIDU-A0029.jpg
92,12873,central,train,BAIDU,http://192.168.0.21:8080/data/local-files/?d=BAIDU/BAIDU-A0032.jpg
93,12865,central,train,BAIDU,http://192.168.0.21:8080/data/local-files/?d=BAIDU/BAIDU-A0042.jpg
94,12858,central,train,BAIDU,http://192.168.0.21:8080/data/local-files/?d=BAIDU/BAIDU-A0049.jpg
95,12840,central,train,BAIDU,http://192.168.0.21:8080/data/local-files/?d=BAIDU/BAIDU-A0068.jpg
96,12836,central,train,BAIDU,http://192.168.0.21:8080/data/local-files/?d=BAIDU/BAIDU-A0073.jpg
97,12818,central,train,BAIDU,http://192.168.0.21:8080/data/local-files/?d=BAIDU/BAIDU-N0003.jpg
98,12809,central,train,BAIDU,http://192.168.0.21:8080/data/local-files/?d=BAIDU/BAIDU-N0013.jpg
99,12791,central,train,BAIDU,http://192.168.0.21:8080/data/local-files/?d=BAIDU/BAIDU-N0035.jpg
100,12780,central,train,BAIDU,http://192.168.0.21:8080/data/local-files/?d=BAIDU/BAIDU-N0048.jpg
101,12778,central,train,BAIDU,http://192.168.0.21:8080/data/local-files/?d=BAIDU/BAIDU-N0050.jpg
102,12770,central,train,BAIDU,http://192.168.0.21:8080/data/local-files/?d=BAIDU/BAIDU-N0060.jpg
103,12766,central,train,BAIDU,http://192.168.0.21:8080/data/local-files/?d=BAIDU/BAIDU-N0066.jpg
104,12765,central,train,BAIDU,http://192.168.0.21:8080/data/local-files/?d=BAIDU/BAIDU-N0067.jpg
105,12761,central,train,BAIDU,http://192.168.0.21:8080/data/local-files/?d=BAIDU/BAIDU-N0072.jpg
106,12757,central,train,BAIDU,http://192.168.0.21:8080/data/local-files/?d=BAIDU/BAIDU-N0076.jpg
107,12752,central,train,BAIDU,http://192.168.0.21:8080/data/local-files/?d=BAIDU/BAIDU-N0081.jpg
108,12733,central,train,BAIDU,http://192.168.0.21:8080/data/local-files/?d=BAIDU/BAIDU-N0103.jpg
109,12748,central,train,BAIDU,http://192.168.0.21:8080/data/local-files/?d=BAIDU/BAIDU-N0085.jpg
110,12730,central,train,BAIDU,http://192.168.0.21:8080/data/local-files/?d=BAIDU/BAIDU-N0106.jpg
111,12727,central,train,BAIDU,http://192.168.0.21:8080/data/local-files/?d=BAIDU/BAIDU-N0112.jpg
112,12721,central,train,BAIDU,http://192.168.0.21:8080/data/local-files/?d=BAIDU/BAIDU-N0119.jpg
113,12715,central,train,BAIDU,http://192.168.0.21:8080/data/local-files/?d=BAIDU/BAIDU-N0127.jpg
114,12714,central,train,BAIDU,http://192.168.0.21:8080/data/local-files/?d=BAIDU/BAIDU-N0128.jpg
115,12705,central,train,BAIDU,http://192.168.0.21:8080/data/local-files/?d=BAIDU/BAIDU-N0137.jpg
116,12702,central,train,BAIDU,http://192.168.0.21:8080/data/local-files/?d=BAIDU/BAIDU-N0141.jpg
117,12701,central,train,BAIDU,http://192.168.0.21:8080/data/local-files/?d=BAIDU/BAIDU-N0142.jpg
118,12682,central,train,BAIDU,http://192.168.0.21:8080/data/local-files/?d=BAIDU/BAIDU-N0165.jpg
119,12671,central,train,BAIDU,http://192.168.0.21:8080/data/local-files/?d=BAIDU/BAIDU-N0176.jpg
120,12673,central,train,BAIDU,http://192.168.0.21:8080/data/local-files/?d=BAIDU/BAIDU-N0174.jpg
121,12675,central,train,BAIDU,http://192.168.0.21:8080/data/local-files/?d=BAIDU/BAIDU-N0172.jpg
122,12668,central,train,BAIDU,http://192.168.0.21:8080/data/local-files/?d=BAIDU/BAIDU-N0179.jpg
123,12667,central,train,BAIDU,http://192.168.0.21:8080/data/local-files/?d=BAIDU/BAIDU-N0180.jpg
124,12664,central,train,BAIDU,http://192.168.0.21:8080/data/local-files/?d=BAIDU/BAIDU-N0183.jpg
125,12658,central,train,BAIDU,http://192.168.0.21:8080/data/local-files/?d=BAIDU/BAIDU-N0190.jpg
126,12659,central,train,BAIDU,http://192.168.0.21:8080/data/local-files/?d=BAIDU/BAIDU-N0189.jpg
127,12657,central,train,BAIDU,http://192.168.0.21:8080/data/local-files/?d=BAIDU/BAIDU-N0191.jpg
128,12654,central,train,BAIDU,http://192.168.0.21:8080/data/local-files/?d=BAIDU/BAIDU-N0195.jpg
129,12641,central,train,BAIDU,http://192.168.0.21:8080/data/local-files/?d=BAIDU/BAIDU-N0214.jpg
130,12637,central,train,BAIDU,http://192.168.0.21:8080/data/local-files/?d=BAIDU/BAIDU-N0218.jpg
131,12639,central,train,BAIDU,http://192.168.0.21:8080/data/local-files/?d=BAIDU/BAIDU-N0216.jpg
132,12633,central,train,BAIDU,http://192.168.0.21:8080/data/local-files/?d=BAIDU/BAIDU-N0225.jpg
133,12627,central,train,BAIDU,http://192.168.0.21:8080/data/local-files/?d=BAIDU/BAIDU-N0231.jpg
134,12625,central,train,BAIDU,http://192.168.0.21:8080/data/local-files/?d=BAIDU/BAIDU-N0233.jpg
135,12622,central,train,BAIDU,http://192.168.0.21:8080/data/local-files/?d=BAIDU/BAIDU-N0237.jpg
136,12617,central,train,BAIDU,http://192.168.0.21:8080/data/local-files/?d=BAIDU/BAIDU-N0244.jpg
137,12612,central,train,BAIDU,http://192.168.0.21:8080/data/local-files/?d=BAIDU/BAIDU-N0250.jpg
138,12611,central,train,BAIDU,http://192.168.0.21:8080/data/local-files/?d=BAIDU/BAIDU-N0251.jpg
139,12130,central,train,EYESCAN,http://192.168.0.21:8080/data/local-files/?d=EYESCAN/624_0006CL0D.png
140,12596,central,train,BAIDU,http://192.168.0.21:8080/data/local-files/?d=BAIDU/BAIDU-N0267.jpg
141,12595,central,train,BAIDU,http://192.168.0.21:8080/data/local-files/?d=BAIDU/BAIDU-N0268.jpg
142,12592,central,train,BAIDU,http://192.168.0.21:8080/data/local-files/?d=BAIDU/BAIDU-N0272.jpg
143,12589,central,train,BAIDU,http://192.168.0.21:8080/data/local-files/?d=BAIDU/BAIDU-N0276.jpg
144,12583,central,train,BAIDU,http://192.168.0.21:8080/data/local-files/?d=BAIDU/BAIDU-N0284.jpg
145,12579,central,train,BAIDU,http://192.168.0.21:8080/data/local-files/?d=BAIDU/BAIDU-N0288.jpg
146,12580,central,train,BAIDU,http://192.168.0.21:8080/data/local-files/?d=BAIDU/BAIDU-N0287.jpg
147,12578,central,train,BAIDU,http://192.168.0.21:8080/data/local-files/?d=BAIDU/BAIDU-N0289.jpg
148,12576,central,train,BAIDU,http://192.168.0.21:8080/data/local-files/?d=BAIDU/BAIDU-N0291.jpg
149,12573,central,train,BAIDU,http://192.168.0.21:8080/data/local-files/?d=BAIDU/BAIDU-N0295.jpg
150,12572,central,train,BAIDU,http://192.168.0.21:8080/data/local-files/?d=BAIDU/BAIDU-N0297.jpg
151,12571,central,train,BAIDU,http://192.168.0.21:8080/data/local-files/?d=BAIDU/BAIDU-N0298.jpg
152,12569,peripheral,train,BAIDU,http://192.168.0.21:8080/data/local-files/?d=BAIDU/BAIDU-N0301.jpg
153,12568,central,train,BAIDU,http://192.168.0.21:8080/data/local-files/?d=BAIDU/BAIDU-N0302.jpg
154,12126,central,train,EYESCAN,http://192.168.0.21:8080/data/local-files/?d=EYESCAN/629_0002CR0D.png
155,12119,central,train,CTEH,http://192.168.0.19:8042/instances/6577b514-456c6181-d9502b47-30b3d51e-d9887894/preview
156,12118,central,train,CTEH,http://192.168.0.19:8042/instances/d21a232d-d2926151-ad3502e1-06d91ead-6b02ae18/preview
157,12114,central,train,CTEH,http://192.168.0.19:8042/instances/b80ad947-3551a49e-0b0f751a-0a0c65db-35076dda/preview
158,12110,central,train,CTEH,http://192.168.0.19:8042/instances/2b5cbc3f-321d32e1-215a2b4c-21dcd035-3cca189d/preview
159,12112,central,train,CTEH,http://192.168.0.19:8042/instances/9e6a1bac-931a85ce-ed1f1a15-64c417ef-37cbbdf1/preview
160,12103,peripheral,train,CTEH,http://192.168.0.19:8042/instances/60f1d2bd-e17e0ae1-e290c97b-385743b5-983ab52b/preview
161,12093,peripheral,train,CTEH,http://192.168.0.19:8042/instances/e6b95df6-0685509a-c269867e-d07ca21f-42e8731d/preview
162,12091,central,train,CTEH,http://192.168.0.19:8042/instances/3ebb5e12-360aba45-f43dd61b-97840fd4-dd499c2e/preview
163,12090,central,train,CTEH,http://192.168.0.19:8042/instances/2c323d1c-661dfc33-6fcd205e-f3b204f2-7b1cf545/preview
164,12083,central,train,CTEH,http://192.168.0.19:8042/instances/3cdaff01-27b55b88-03116c82-68db5b64-70cc9cd4/preview
165,12082,central,train,CTEH,http://192.168.0.19:8042/instances/f5e8a20d-dfa8dc01-81a7738e-fe364561-a78fdc04/preview
166,12072,central,train,CTEH,http://192.168.0.19:8042/instances/c5149193-de51e6b6-a931e47d-613fccf0-ce0ca2cf/preview
167,12064,peripheral,train,CTEH,http://192.168.0.19:8042/instances/7b337835-84976308-1ccc1e31-d9155fcc-9e6b8852/preview
168,12047,central,train,CTEH,http://192.168.0.19:8042/instances/e948f94c-788c6bf5-89da88ba-45687fb7-a5729b9b/preview
169,12046,central,train,CTEH,http://192.168.0.19:8042/instances/895ba3e2-ca0dfaa2-ac40c86e-df5be209-c5273fca/preview
170,12044,peripheral,train,CTEH,http://192.168.0.19:8042/instances/4f5c32c4-8fd493e9-19bca0ed-4dadacb9-a24b71ea/preview
171,12039,central,train,CTEH,http://192.168.0.19:8042/instances/ddba9edc-b73c7404-6f96b3c8-479e5e86-fb80c964/preview
172,12035,peripheral,train,CTEH,http://192.168.0.19:8042/instances/08ecf9a2-062a5ef0-dc727878-00b51182-ef63e5fc/preview
173,12034,central,train,CTEH,http://192.168.0.19:8042/instances/7b4153dd-f39d33d4-d20209cd-57a09d2b-fd9cb2d2/preview
174,12032,central,train,CTEH,http://192.168.0.19:8042/instances/88a98c1c-487dfb3c-73627f80-7ca37a35-51b42405/preview
175,11649,peripheral,train,CTEH,http://192.168.0.19:8042/instances/79f83c04-a5e30d4e-f79087ec-70376df1-40d2493f/preview
176,12031,peripheral,train,CTEH,http://192.168.0.19:8042/instances/58b0aa84-09ac0878-4a608c3a-baded9c3-6076ebd5/preview
177,12030,peripheral,train,CTEH,http://192.168.0.19:8042/instances/83a8ce4a-c57c992d-a9d87498-25566ea7-460c8b11/preview
178,12029,central,train,CTEH,http://192.168.0.19:8042/instances/668d8552-11e14478-00ac5e0d-e584e9b7-4deb4b26/preview
179,12028,central,train,CTEH,http://192.168.0.19:8042/instances/3fb61e2e-0abafa70-1f1fde40-3b6f88d5-3c604f22/preview
180,12027,central,train,CTEH,http://192.168.0.19:8042/instances/702c57ed-92c62230-205b11aa-a4989bb2-69f90c6e/preview
181,12026,central,train,CTEH,http://192.168.0.19:8042/instances/00968d67-c4e91d79-53c9126a-03deecdf-ed2cd2f8/preview
182,12021,peripheral,train,CTEH,http://192.168.0.19:8042/instances/843a04f7-e8840177-cff4074c-0c0683b1-e786334d/preview
183,12018,central,train,CTEH,http://192.168.0.19:8042/instances/e382986d-351b6fb3-c9f46e42-c913c472-05b34115/preview
184,12014,peripheral,train,CTEH,http://192.168.0.19:8042/instances/99f4333d-50e03d6c-cad5dc44-1ee70744-15101f5f/preview
185,12008,peripheral,train,CTEH,http://192.168.0.19:8042/instances/57e9b092-f5797640-112ad459-92ddc721-0e56c4d1/preview
186,12007,central,train,CTEH,http://192.168.0.19:8042/instances/fdac60c0-c3e09a4b-7101f085-506bc78a-d0dbe70c/preview
187,12006,peripheral,train,CTEH,http://192.168.0.19:8042/instances/17999102-98366828-78d8a0c5-9f23a4ce-e9cc81de/preview
188,12005,central,train,CTEH,http://192.168.0.19:8042/instances/007c4648-384f8db4-2d3d21b8-3177af40-dd7f717d/preview
189,12004,central,train,CTEH,http://192.168.0.19:8042/instances/7e847c05-95492441-0fb2fc8b-6f5d349c-bd23b77e/preview
190,11998,central,train,CTEH,http://192.168.0.19:8042/instances/c9dab348-4d5fbc5b-9d5c0909-471b61b8-a4397a28/preview
191,11996,peripheral,train,CTEH,http://192.168.0.19:8042/instances/6ff6e476-511cab16-b2de8db4-c3960b03-fb84cf0d/preview
192,11994,central,train,CTEH,http://192.168.0.19:8042/instances/0ac67a5a-d08b60b8-cbcda1e8-152df700-fc1d0296/preview
193,11993,central,train,CTEH,http://192.168.0.19:8042/instances/fae6e780-a186fc39-993db2a2-90a9d6f6-738784c8/preview
194,11986,peripheral,train,CTEH,http://192.168.0.19:8042/instances/e7d61fbf-676219a5-734b08de-d307db01-8bbbacdb/preview
195,11982,central,train,CTEH,http://192.168.0.19:8042/instances/38fbc427-d4787803-affeaab9-9e1988b6-10f362be/preview
196,11983,central,train,CTEH,http://192.168.0.19:8042/instances/0a31c15e-06a1b386-63b2fdc4-ac2ffc90-50572ef2/preview
197,11975,central,train,CTEH,http://192.168.0.19:8042/instances/f5822dad-7e66f0ee-65aef275-0977d638-e9c05866/preview
198,11976,central,train,CTEH,http://192.168.0.19:8042/instances/5d2a5f05-0c694515-28bda045-ef554045-eabd5e66/preview
199,11972,central,train,CTEH,http://192.168.0.19:8042/instances/2dc8bbf8-88e6fb91-67732a70-9009dab6-e2a3bc38/preview
200,11970,central,train,CTEH,http://192.168.0.19:8042/instances/c48d2285-52eba47d-6cd58546-af38d3c6-8df92d8a/preview
201,11955,peripheral,train,CTEH,http://192.168.0.19:8042/instances/492bd768-08e21891-4fcf00c2-e1706f2e-d5d2fe41/preview
202,11947,peripheral,train,CTEH,http://192.168.0.19:8042/instances/f9487b3f-bce2315f-fc0530e1-be806327-fec63d8e/preview
203,11943,peripheral,train,CTEH,http://192.168.0.19:8042/instances/ffc604da-7dd5bd28-8fdbb48f-90fb440d-d76efad5/preview
204,11941,peripheral,train,CTEH,http://192.168.0.19:8042/instances/792d44b9-da0db84a-fb0bc239-f5df8439-5e1e296f/preview
205,11919,central,train,CTEH,http://192.168.0.19:8042/instances/26c3ebcf-8af0a063-12029ebc-d7d2762d-5129964b/preview
206,11911,peripheral,train,CTEH,http://192.168.0.19:8042/instances/e316a2a7-04e3696a-131ae0b1-af243aeb-4a74d0f1/preview
207,11908,central,train,CTEH,http://192.168.0.19:8042/instances/45d6e692-eee429c9-cb439bc1-09215418-76530c95/preview
208,11906,peripheral,train,CTEH,http://192.168.0.19:8042/instances/8d64e106-705c62c1-299b85d4-bcbd2851-c8f1f2aa/preview
209,11902,peripheral,train,CTEH,http://192.168.0.19:8042/instances/74eb6ba7-b7496af5-33ea0b1a-94971a6b-afba8a84/preview
210,11901,central,train,CTEH,http://192.168.0.19:8042/instances/f3d5730c-4083124d-08c97feb-1641aaee-e7b18c65/preview
211,11900,central,train,CTEH,http://192.168.0.19:8042/instances/e0134187-992a5597-a44023b6-a63ec075-ca66a822/preview
212,11898,peripheral,train,CTEH,http://192.168.0.19:8042/instances/11939ea3-4ad8a9e4-5920f2c9-a4914fbb-94eeecb2/preview
213,11894,central,train,CTEH,http://192.168.0.19:8042/instances/efd2d8b7-a8c6ddc2-facbfde4-ba50fdc6-054052fa/preview
214,11882,peripheral,train,CTEH,http://192.168.0.19:8042/instances/0a2ab73e-efcc75cc-c18b0491-258832bf-11cf8a3d/preview
215,11884,peripheral,train,CTEH,http://192.168.0.19:8042/instances/7c917119-7c36e5c3-c1c793d9-163a7292-01c0e973/preview
216,11880,central,train,CTEH,http://192.168.0.19:8042/instances/956e6c00-d8e171be-2a95ada0-7027857c-11f2423d/preview
217,11873,peripheral,train,CTEH,http://192.168.0.19:8042/instances/188a92bf-7060a2d2-2a7c8be7-9d567b64-0e17f009/preview
218,11865,peripheral,train,CTEH,http://192.168.0.19:8042/instances/ce111924-f92fac01-1f6aa48e-4ef08db6-233ef5d7/preview
219,11861,peripheral,train,CTEH,http://192.168.0.19:8042/instances/f24321f4-d611f4a4-ddaebcb3-fdf3f0c7-947cb2a0/preview
220,11843,peripheral,train,CTEH,http://192.168.0.19:8042/instances/0d8b60f5-795a7bf8-83f68ebf-024ccbd4-7e0801fe/preview
221,11839,peripheral,train,CTEH,http://192.168.0.19:8042/instances/6e381dfc-1ca56d98-61ba4d21-2ddfb455-7e4d3d1d/preview
222,11838,central,train,CTEH,http://192.168.0.19:8042/instances/b19fad63-b80db989-621c006a-7c424519-ca747612/preview
223,11834,peripheral,train,CTEH,http://192.168.0.19:8042/instances/f4bb0a58-62c45a29-ccd57cdd-d2f364bb-95a515c6/preview
224,11830,central,train,CTEH,http://192.168.0.19:8042/instances/5f913321-842efde0-6f3f8772-9f6cc80e-d67b4b70/preview
225,11829,peripheral,train,CTEH,http://192.168.0.19:8042/instances/920dcbdb-56a0a338-000df695-1b8cc122-bae13eab/preview
226,11826,peripheral,train,CTEH,http://192.168.0.19:8042/instances/a09e5517-47a12641-79b60852-eccfef53-65dd83a3/preview
227,11823,central,train,CTEH,http://192.168.0.19:8042/instances/f77d0046-7d0809c9-8acce73e-c1d15811-103e779c/preview
228,11820,peripheral,train,CTEH,http://192.168.0.19:8042/instances/4d3be0b3-7f4dfb46-93f5779d-9882128d-2235aabe/preview
229,11804,central,train,CTEH,http://192.168.0.19:8042/instances/ff2e3743-31cd9f6e-4d05274e-26b11852-67b9ff6e/preview
230,11801,central,train,CTEH,http://192.168.0.19:8042/instances/97d8373b-82bdfaef-dafa4f39-2cabba36-327fe9a8/preview
231,11800,peripheral,train,CTEH,http://192.168.0.19:8042/instances/054d42c6-9ac8de7a-3d81d1cd-cec6fdf2-8d8777d8/preview
232,11796,peripheral,train,CTEH,http://192.168.0.19:8042/instances/43553c0b-892164e5-b55e2dde-d33e09e3-b7267e55/preview
233,11772,peripheral,train,CTEH,http://192.168.0.19:8042/instances/a6331194-94177e08-3a62f84d-0e178919-5fd5962f/preview
234,11767,central,train,CTEH,http://192.168.0.19:8042/instances/c2746175-12291f65-8a851935-30e39709-c1d8892c/preview
235,11727,peripheral,train,CTEH,http://192.168.0.19:8042/instances/95f76716-62f83a41-6adb2e01-afa4d82b-11b2fee6/preview
236,11723,central,train,CTEH,http://192.168.0.19:8042/instances/931ac995-0e94e4ab-9e3dab5e-0ae62dbb-9b3276f3/preview
237,11720,central,train,CTEH,http://192.168.0.19:8042/instances/6838553e-e1bd49e6-327011af-bb9f5bcc-22cc3d5c/preview
238,11717,peripheral,train,CTEH,http://192.168.0.19:8042/instances/210ff88a-c2954a72-c09ca6da-8a2425d3-87435706/preview
239,11716,peripheral,train,CTEH,http://192.168.0.19:8042/instances/37a9fa6f-32a0da95-e8db1573-924226a5-d14be663/preview
240,11715,peripheral,train,CTEH,http://192.168.0.19:8042/instances/f9cdc8f9-26e6e393-193658a2-7956d19e-92b5404a/preview
241,11712,central,train,CTEH,http://192.168.0.19:8042/instances/6e2d50ad-7e23089f-990315e4-be226ec0-238ecf63/preview
242,11713,central,train,CTEH,http://192.168.0.19:8042/instances/ad862f19-385ac5af-71496075-83e2722c-26843195/preview
243,11710,peripheral,train,CTEH,http://192.168.0.19:8042/instances/78df136e-da3a2cbc-62a06342-14416408-6ea78291/preview
244,11707,peripheral,train,CTEH,http://192.168.0.19:8042/instances/ea97d769-6c8040a6-250b83a2-0c56493d-bb12a04a/preview
245,11703,central,train,CTEH,http://192.168.0.19:8042/instances/1df72f7d-03515569-111fe83f-07ffe65a-d417279c/preview
246,11701,peripheral,train,CTEH,http://192.168.0.19:8042/instances/30a3465b-09fd73f9-b9b29a19-692c272a-51929784/preview
247,11699,peripheral,train,CTEH,http://192.168.0.19:8042/instances/a725da56-bd066c2c-c109baca-e9c7f145-8f9f32ee/preview
248,11697,peripheral,train,CTEH,http://192.168.0.19:8042/instances/a73f9a85-d5785a4b-c99dbc87-e2e807b3-ca3107a7/preview
249,11696,peripheral,train,CTEH,http://192.168.0.19:8042/instances/9da21d9b-b933ccbb-04a8e92e-5f6fc4d9-a20e8efc/preview
250,11693,peripheral,train,CTEH,http://192.168.0.19:8042/instances/11857183-872d02fd-e8921982-ec0f5d80-97b0379c/preview
251,11692,peripheral,train,CTEH,http://192.168.0.19:8042/instances/44d806d7-c2ce423c-f40236df-c3c5e9e8-cdc8b856/preview
252,11694,peripheral,train,CTEH,http://192.168.0.19:8042/instances/362211c7-4faf1bcf-3b7e0f41-da482703-0a48e15b/preview
253,11685,peripheral,train,CTEH,http://192.168.0.19:8042/instances/47dd1432-62124ad5-12829c91-582be213-b573dfdf/preview
254,11682,peripheral,train,CTEH,http://192.168.0.19:8042/instances/2f0ddd8e-55742496-80f38977-a52e5597-2449d1e2/preview
255,11681,peripheral,train,CTEH,http://192.168.0.19:8042/instances/5b6f9d3b-61cf84f7-8847e70d-1509f72f-67565ea6/preview
256,11679,peripheral,train,CTEH,http://192.168.0.19:8042/instances/98f9c0d1-fee70ed0-0009fbeb-04a8bab0-ebcc464c/preview
257,11677,peripheral,train,CTEH,http://192.168.0.19:8042/instances/ac6c53ba-fc8b0bde-1ac23e4b-7115e8c8-b4c7593d/preview
258,11671,peripheral,train,CTEH,http://192.168.0.19:8042/instances/d30e6197-58873676-69b68e8e-6e5c7785-179f2f6c/preview
259,11672,peripheral,train,CTEH,http://192.168.0.19:8042/instances/206a115e-e7331b36-40d2ed64-75359061-3736fd47/preview
260,11673,peripheral,train,CTEH,http://192.168.0.19:8042/instances/8c62a6fb-aaf559a8-468864db-3bccd1b4-4f31ebb5/preview
261,11670,peripheral,train,CTEH,http://192.168.0.19:8042/instances/efd82e83-f042a9d1-b50f316b-f548d6f4-5f6bb18c/preview
262,11668,peripheral,train,CTEH,http://192.168.0.19:8042/instances/1289b7da-4151ca1b-3596fdee-9e93164c-bbfe0d6e/preview
263,11669,peripheral,train,CTEH,http://192.168.0.19:8042/instances/5ab838ea-fdb5180b-fe48c64d-94fefcd7-7bbdfed2/preview
264,11666,central,train,CTEH,http://192.168.0.19:8042/instances/3752cdbf-270b208a-01942133-34d2a047-1955c372/preview
265,11665,peripheral,train,CTEH,http://192.168.0.19:8042/instances/1e49f916-c109794a-167ed10c-2cbd55ea-ec921aae/preview
266,11664,peripheral,train,CTEH,http://192.168.0.19:8042/instances/17b56abc-322d16b8-4a34c2a4-be837fdd-10ffd257/preview
267,11663,peripheral,train,CTEH,http://192.168.0.19:8042/instances/c55dfa0e-d9f9e899-87e985d1-da1302e9-8b1fd689/preview
268,11662,peripheral,train,CTEH,http://192.168.0.19:8042/instances/0876acfd-78e058ab-61a1f23d-3960a0d5-5ac7b71c/preview
269,11660,central,train,CTEH,http://192.168.0.19:8042/instances/d2a79e39-24148be3-f6c05cb1-2fff423c-d2bf5327/preview
270,11659,peripheral,train,CTEH,http://192.168.0.19:8042/instances/60fea5da-14213bb8-6ce80a36-e004b0f3-7d7d01dd/preview
271,11658,central,train,CTEH,http://192.168.0.19:8042/instances/3160c580-35aaa568-54e261c0-00ef5da9-e6e17698/preview
272,11657,central,train,CTEH,http://192.168.0.19:8042/instances/6525b191-1a594fbc-e83b1f4b-21cd0162-fbf5c5fe/preview
273,11656,central,train,CTEH,http://192.168.0.19:8042/instances/7d782959-613a4284-2ccd6b47-3ce065de-d5dcd671/preview
274,11652,peripheral,train,CTEH,http://192.168.0.19:8042/instances/5659c9fb-2c19bdfd-09e1a85e-86763608-695dc8b5/preview
275,11650,peripheral,train,CTEH,http://192.168.0.19:8042/instances/973ea319-0de68b05-d875fc45-4822af0c-3e586b6b/preview
276,11651,peripheral,train,CTEH,http://192.168.0.19:8042/instances/265e8fd9-cfeb1b55-f18beb80-77b0a872-ba3ae355/preview
277,11655,central,train,CTEH,http://192.168.0.19:8042/instances/2d47e8fa-dbfc30ec-6a4458d9-a1f67da7-9dcdf6f9/preview
278,11644,peripheral,train,CTEH,http://192.168.0.19:8042/instances/e1a51601-7c5edbc3-1fd09826-da02dbe0-5599a725/preview
279,11646,central,train,CTEH,http://192.168.0.19:8042/instances/aca8110c-15ef9045-de80dc64-a8ba96cc-42628590/preview
280,11642,peripheral,train,CTEH,http://192.168.0.19:8042/instances/800c4707-20372018-63855a0b-e77659c7-15c6453f/preview
281,11637,peripheral,train,CTEH,http://192.168.0.19:8042/instances/ee48815e-86bb56b9-7d7abf7c-673a8181-c9f375f2/preview
282,11593,central,train,CTEH,http://192.168.0.19:8042/instances/2dcf1a44-d3ffb718-0857b8ff-529201de-084ac83c/preview
283,11591,central,train,CTEH,http://192.168.0.19:8042/instances/6d423656-a009275e-19fd6a02-4f47ffb8-d18ff142/preview
284,11590,peripheral,train,CTEH,http://192.168.0.19:8042/instances/b1daaa5d-a1dc83ac-95df0555-c52de258-e8d26cec/preview
285,11584,peripheral,train,CTEH,http://192.168.0.19:8042/instances/9aab627a-4f7f69db-7aec22ff-afda871c-48818802/preview
286,11585,peripheral,train,CTEH,http://192.168.0.19:8042/instances/2cc148be-48bf7c63-46f1fe6b-66c79da4-d3b1f0fb/preview
287,11583,peripheral,train,CTEH,http://192.168.0.19:8042/instances/3bbc82fd-14690fd8-719706e4-f425922f-751a7531/preview
288,11581,central,train,CTEH,http://192.168.0.19:8042/instances/5b52863c-f05c6f6f-4f976c0b-350bfd1c-4418d8d7/preview
289,11577,central,train,CTEH,http://192.168.0.19:8042/instances/c4bd361e-bf920a25-72d601d8-b7d91af8-71b068d2/preview
290,11576,central,train,CTEH,http://192.168.0.19:8042/instances/79764fd7-a24d2eae-65d16e91-8efd66ba-0658230a/preview
291,11573,peripheral,train,CTEH,http://192.168.0.19:8042/instances/0b1895a9-759291c1-3ff33546-19aafbd9-fd1d2178/preview
292,11567,central,train,CTEH,http://192.168.0.19:8042/instances/62bb0b3b-cd1dc28f-ce35811d-bd267882-c921b3c0/preview
293,11568,peripheral,train,CTEH,http://192.168.0.19:8042/instances/4b2895e3-d23a9c9f-bb8556a9-69236e5c-3d267d05/preview
294,11569,central,train,CTEH,http://192.168.0.19:8042/instances/bd05d453-d708e639-efe293ef-c7e42fe8-950908a7/preview
295,11563,peripheral,train,CTEH,http://192.168.0.19:8042/instances/f191f727-57fb4a1c-55ac405f-c1fab695-ad66e033/preview
296,11564,peripheral,train,CTEH,http://192.168.0.19:8042/instances/448d963e-893cd9ec-f0183836-c8296aed-7fef89dc/preview
297,11565,peripheral,train,CTEH,http://192.168.0.19:8042/instances/99ce2cc2-c82a859c-6a28c2e1-5a6a9f12-fd6d2017/preview
298,11561,central,train,CTEH,http://192.168.0.19:8042/instances/cb790fd6-a75c786e-878848d9-d18804ee-e8be80e8/preview
299,11560,peripheral,train,CTEH,http://192.168.0.19:8042/instances/e3a30798-2568fc3f-f8ed3f62-6fd37f40-34d9a191/preview
300,11557,central,train,CTEH,http://192.168.0.19:8042/instances/d6dd02af-f8f2cc7b-0d1174cc-b71d31be-5cc18a30/preview
301,11556,peripheral,train,CTEH,http://192.168.0.19:8042/instances/e9f3b168-923cce52-8dfa1256-0c3ebf28-cb94f2d0/preview
302,11555,central,train,CTEH,http://192.168.0.19:8042/instances/75a9ec33-d691a568-1345df19-f1526e38-782e0cda/preview
303,11554,peripheral,train,CTEH,http://192.168.0.19:8042/instances/272d1bf8-83124654-ded6fa54-0e59fe20-6cae2ef7/preview
304,11553,peripheral,train,CTEH,http://192.168.0.19:8042/instances/3954f0ef-41c1c586-ddb3f5e9-735d0d27-ef3b04ef/preview
305,11552,peripheral,train,CTEH,http://192.168.0.19:8042/instances/ccd73d9e-0288c4b2-02bd472a-7015256b-13438630/preview
306,11542,peripheral,train,CTEH,http://192.168.0.19:8042/instances/7a411d6b-d617bfa3-e6c138ef-7eec78c3-3decbabc/preview
307,11541,peripheral,train,CTEH,http://192.168.0.19:8042/instances/39493cf4-2ff4f9f3-8fd65931-6281ba69-deaa7445/preview
308,11540,peripheral,train,CTEH,http://192.168.0.19:8042/instances/07c9b854-31bded3e-3ba9aa13-94e6165c-691b164c/preview
309,11538,central,train,CTEH,http://192.168.0.19:8042/instances/507cb1e4-23c4cba6-f88836c0-4e7be8ea-38b260ee/preview
310,11537,peripheral,train,CTEH,http://192.168.0.19:8042/instances/3523eea5-5164f9e6-af3a6a0e-790bbabe-fe553e97/preview
311,11536,central,train,CTEH,http://192.168.0.19:8042/instances/97e39bb2-bfdbf506-60271e3d-749cba94-61867f55/preview
312,11535,central,train,CTEH,http://192.168.0.19:8042/instances/379257c0-63fe62c8-77219133-fde204d3-f3087d0f/preview
313,11534,peripheral,train,CTEH,http://192.168.0.19:8042/instances/343d632a-e20c0fba-401885f4-e5331231-46489352/preview
314,11533,peripheral,train,CTEH,http://192.168.0.19:8042/instances/af3810c2-bd7f0d71-f6d8c45a-883008ab-b3bd0242/preview
315,11532,peripheral,train,CTEH,http://192.168.0.19:8042/instances/0bbf72a5-3edb9fa9-3f7f148a-5163730f-42db9474/preview
316,11531,peripheral,train,CTEH,http://192.168.0.19:8042/instances/507c0738-e47b0518-2e505f1a-714e98e0-8bd7b5b4/preview
317,11530,peripheral,train,CTEH,http://192.168.0.19:8042/instances/392aa23a-3f3634e2-9bb61fd6-af64948a-08648114/preview
318,11529,central,train,CTEH,http://192.168.0.19:8042/instances/40d2ee94-2da583c4-5bc32359-7a5aed7f-b813abe1/preview
319,11528,peripheral,train,CTEH,http://192.168.0.19:8042/instances/b9f0a99e-0259a505-bc9e44b0-c6bbfa7d-aac5f576/preview
320,11527,peripheral,train,CTEH,http://192.168.0.19:8042/instances/9d3412a5-3957a10b-83652e04-e402bdab-00fae0d3/preview
321,11526,peripheral,train,CTEH,http://192.168.0.19:8042/instances/bbaaccc1-d1cdcc15-fb04da1e-a7877bfd-5caf9702/preview
322,11525,peripheral,train,CTEH,http://192.168.0.19:8042/instances/4be96adb-8502f27d-5a7d5ace-dda1b6b3-c69d5c04/preview
323,11524,peripheral,train,CTEH,http://192.168.0.19:8042/instances/46385119-35fb26cf-5b96c97f-b869ff3a-8c441ca6/preview
324,11523,peripheral,train,CTEH,http://192.168.0.19:8042/instances/f788a70a-6574932c-49a7f431-87a13840-7bdeb203/preview
325,11522,peripheral,train,CTEH,http://192.168.0.19:8042/instances/ea274a69-e0669105-6b5a65c8-217cb5cf-afabb035/preview
326,11520,peripheral,train,CTEH,http://192.168.0.19:8042/instances/61124d1c-a2f3e562-89679023-88f22dae-1f15d1f8/preview
327,11518,central,train,CTEH,http://192.168.0.19:8042/instances/ed21e347-df853556-d800b939-59bc55d1-b6e3062b/preview
328,11517,central,train,CTEH,http://192.168.0.19:8042/instances/748cde1a-2ee2337e-f36d3035-3dac4d82-0fc0dc71/preview
329,11516,central,train,CTEH,http://192.168.0.19:8042/instances/a5341eee-e3ffad53-6f478178-4aa5ba8e-9b4fa707/preview
330,11515,central,train,CTEH,http://192.168.0.19:8042/instances/d9d09579-8ed00556-71754635-b6080870-1bb458e0/preview
331,11514,central,train,CTEH,http://192.168.0.19:8042/instances/ca0cf7cd-98781537-11c913a9-51f6a903-2364aaf1/preview
332,11513,central,train,CTEH,http://192.168.0.19:8042/instances/ff79eb3e-0de099eb-9ec4c765-145cc1de-e20ff1f4/preview
333,11512,central,train,CTEH,http://192.168.0.19:8042/instances/7f2ad5f1-ab9e1bd9-5485a204-871af9f0-814bfc1e/preview
334,11511,peripheral,train,CTEH,http://192.168.0.19:8042/instances/4a26e650-e0dab4e8-184436c4-0f1a9743-1bcb3c31/preview
438,11755,central,train,CTEH,http://192.168.0.19:8042/instances/335becf6-2990eb07-a031cf63-a28f8551-11dec1fd/preview
1765,11510,central,train,BAIDU,http://192.168.0.21:8080/data/local-files/?d=BAIDU/BAIDU-A0001.jpg
1766,11509,central,train,BAIDU,http://192.168.0.21:8080/data/local-files/?d=BAIDU/BAIDU-A0002.jpg
1767,11508,central,train,BAIDU,http://192.168.0.21:8080/data/local-files/?d=BAIDU/BAIDU-A0003.jpg
1768,11507,central,train,BAIDU,http://192.168.0.21:8080/data/local-files/?d=BAIDU/BAIDU-A0004.jpg
1769,11506,central,train,BAIDU,http://192.168.0.21:8080/data/local-files/?d=BAIDU/BAIDU-A0005.jpg
1770,11505,central,train,EYESCAN,http://192.168.0.21:8080/data/local-files/?d=EYESCAN/0_0001CR0D.png
1771,11504,central,train,EYESCAN,http://192.168.0.21:8080/data/local-files/?d=EYESCAN/1_0002CR0D.png
1772,11503,central,train,EYESCAN,http://192.168.0.21:8080/data/local-files/?d=EYESCAN/2_0001CR0D.png
1773,11502,central,train,EYESCAN,http://192.168.0.21:8080/data/local-files/?d=EYESCAN/3_0002CR0D.png
1774,11501,central,train,EYESCAN,http://192.168.0.21:8080/data/local-files/?d=EYESCAN/4_0003CR0D.png
1775,11500,central,train,EYESCAN,http://192.168.0.21:8080/data/local-files/?d=EYESCAN/6_0003CR0D.png
1776,11499,central,train,EYESCAN,http://192.168.0.21:8080/data/local-files/?d=EYESCAN/7_0002CR0D.png
1777,11498,central,train,EYESCAN,http://192.168.0.21:8080/data/local-files/?d=EYESCAN/8_0001CR0D.png
1778,11497,central,train,EYESCAN,http://192.168.0.21:8080/data/local-files/?d=EYESCAN/10_0001CR0D.png
1779,11496,central,train,EYESCAN,http://192.168.0.21:8080/data/local-files/?d=EYESCAN/11_0002CR0D.png
1780,11495,central,train,EYESCAN,http://192.168.0.21:8080/data/local-files/?d=EYESCAN/29_0002CR0D.png
1781,11494,central,train,EYESCAN,http://192.168.0.21:8080/data/local-files/?d=EYESCAN/26_0001CR0D.png
1782,11493,central,train,EYESCAN,http://192.168.0.21:8080/data/local-files/?d=EYESCAN/27_0002CR0D.png
1783,11492,central,train,EYESCAN,http://192.168.0.21:8080/data/local-files/?d=EYESCAN/28_0001CR0D.png
1784,11491,central,train,EYESCAN,http://192.168.0.21:8080/data/local-files/?d=EYESCAN/24_0001CR0D.png
1785,11490,central,train,EYESCAN,http://192.168.0.21:8080/data/local-files/?d=EYESCAN/25_0002CR0D.png
1786,11489,central,train,EYESCAN,http://192.168.0.21:8080/data/local-files/?d=EYESCAN/57_0002CR0D.png
1787,11488,central,train,EYESCAN,http://192.168.0.21:8080/data/local-files/?d=EYESCAN/59_0002CR0D.png
1788,11487,central,train,EYESCAN,http://192.168.0.21:8080/data/local-files/?d=EYESCAN/65_0003CL0D.png
1789,11486,central,train,EYESCAN,http://192.168.0.21:8080/data/local-files/?d=EYESCAN/71_0003CL0D.png
1790,11485,central,train,EYESCAN,http://192.168.0.21:8080/data/local-files/?d=EYESCAN/74_0001CR0D.png
1791,11484,central,train,EYESCAN,http://192.168.0.21:8080/data/local-files/?d=EYESCAN/75_0002CR0D.png
1792,11483,central,train,EYESCAN,http://192.168.0.21:8080/data/local-files/?d=EYESCAN/76_0001CR0D.png
1793,11482,central,train,EYESCAN,http://192.168.0.21:8080/data/local-files/?d=EYESCAN/79_0002CR0D.png
1794,11481,central,train,EYESCAN,http://192.168.0.21:8080/data/local-files/?d=EYESCAN/80_0004CL0D.png
1795,11480,central,train,EYESCAN,http://192.168.0.21:8080/data/local-files/?d=EYESCAN/82_0001CR0D.png
1796,11479,central,train,EYESCAN,http://192.168.0.21:8080/data/local-files/?d=EYESCAN/83_0002CR0D.png
1797,11478,central,train,EYESCAN,http://192.168.0.21:8080/data/local-files/?d=EYESCAN/91_0003CL0D.png
1798,11477,central,train,EYESCAN,http://192.168.0.21:8080/data/local-files/?d=EYESCAN/92_0004CL0D.png
1799,11476,central,train,CTEH,http://192.168.0.19:8042/instances/01ea4e52-9110b5bb-c69833ac-6d4065ca-be5c7b77/preview
1800,11475,central,train,CTEH,http://192.168.0.19:8042/instances/52164466-78ad9e73-133a1fd5-cac9366d-ad8f8bfb/preview
1801,11474,central,train,CTEH,http://192.168.0.19:8042/instances/b097ba4e-15f2a053-f1443357-44ba19c5-2fff0fac/preview
1802,11473,central,train,CTEH,http://192.168.0.19:8042/instances/ff46cba7-f14d863f-71bc77f3-42fbd446-4c6a5c78/preview
1803,11472,central,train,CTEH,http://192.168.0.19:8042/instances/2ab12aee-d5e1dda7-3c22393b-c6ca5b0e-1c4c811b/preview
1804,11471,central,train,CTEH,http://192.168.0.19:8042/instances/759dd763-5a7670ea-5d60fb7c-3bfffcf8-97af173c/preview
1805,11470,central,train,CTEH,http://192.168.0.19:8042/instances/d296cb77-72cb6301-e5489d39-07da81e6-63286e0e/preview
1806,11469,central,train,CTEH,http://192.168.0.19:8042/instances/70b55fff-a1a6e843-092bd146-bc27a093-e9b40e32/preview
1807,11468,central,train,CTEH,http://192.168.0.19:8042/instances/ac9d134e-3f85aceb-195cee47-5ecac616-a05c8e75/preview
1808,11467,central,train,CTEH,http://192.168.0.19:8042/instances/8dc2035a-d363204b-ebe8a3bb-ed8c92fd-6c656f47/preview
1809,11466,central,train,CTEH,http://192.168.0.19:8042/instances/f96fed1d-990bcb61-944cc6ec-31ce853d-ed73720d/preview
1810,11465,central,train,CTEH,http://192.168.0.19:8042/instances/6c581a71-43b252a6-00464b68-2a4251d3-29907b6c/preview
1811,11464,central,train,CTEH,http://192.168.0.19:8042/instances/0e02352c-1fcd1d9d-2dc7794f-9380267c-f2f4aae8/preview
1812,11463,central,train,CTEH,http://192.168.0.19:8042/instances/f0533ae7-98097637-60a08549-5bd3c520-63905eee/preview
1813,11462,central,train,CTEH,http://192.168.0.19:8042/instances/dd0adf3a-5c77ebb6-073c6114-4b8f5eb6-0164b741/preview
1814,11461,central,train,CTEH,http://192.168.0.19:8042/instances/01825fe1-b56d2e14-517254ae-6508d6ce-8f31491b/preview
1815,11460,central,train,CTEH,http://192.168.0.19:8042/instances/356c03cb-e42c028a-3d111b86-fdb3bce0-4411540b/preview
1816,11459,central,train,CTEH,http://192.168.0.19:8042/instances/8a322b4d-ccbc9e0a-b4153c33-e9410efe-22034fdc/preview
1817,11458,central,train,CTEH,http://192.168.0.19:8042/instances/8e652ddd-b5fcd225-bbdb39e6-586e2453-1d94d8bf/preview
1818,11457,central,train,CTEH,http://192.168.0.19:8042/instances/b63d20e0-ac942c94-bb526413-83581079-dd37887f/preview
1819,11456,peripheral,train,CTEH,http://192.168.0.19:8042/instances/75d404a2-51298b8f-969db31c-49296bc2-91218d28/preview
1820,11455,peripheral,train,CTEH,http://192.168.0.19:8042/instances/71f86150-a72205e8-e402905b-627ea9b0-ed7da3f2/preview
1821,11454,peripheral,train,CTEH,http://192.168.0.19:8042/instances/88514140-1f0ec705-d2fda254-8bbbec32-c121753b/preview
1822,11453,peripheral,train,CTEH,http://192.168.0.19:8042/instances/5aeb4cad-695e6639-dfb6c3f4-4267bf20-ae75d853/preview
1823,11452,peripheral,train,CTEH,http://192.168.0.19:8042/instances/25d71bdf-4098bb13-68cb06f5-5621c1bd-9843355a/preview
1824,11451,peripheral,train,CTEH,http://192.168.0.19:8042/instances/e50f7f62-3e9e6df6-cd3ca96b-d183b2d5-469ecc56/preview
1825,11450,peripheral,train,CTEH,http://192.168.0.19:8042/instances/9e128d03-1ca30d93-508d3fed-b6942565-2e5106e5/preview
1826,11449,peripheral,train,CTEH,http://192.168.0.19:8042/instances/6b988a20-c83c5da1-756d4c0a-05006974-5acaf904/preview
1827,11448,peripheral,train,CTEH,http://192.168.0.19:8042/instances/80a48373-2e09fcd5-796ee267-404b6ace-f197b1a1/preview
1828,11447,peripheral,train,CTEH,http://192.168.0.19:8042/instances/709f82ac-8ab01013-a883fb30-2ace00cc-ef66ed0a/preview
1829,11446,peripheral,train,CTEH,http://192.168.0.19:8042/instances/2c5d08c5-59367a50-7beb56a0-4de57cba-d5190299/preview
1830,11445,peripheral,train,CTEH,http://192.168.0.19:8042/instances/f9f3a14d-c969779e-dacb7e4c-b0ceff37-7ea2d4cc/preview
1831,11444,peripheral,train,CTEH,http://192.168.0.19:8042/instances/a3118457-a577ac4b-be6072d5-70d530d3-87a95f88/preview
1832,11443,peripheral,train,CTEH,http://192.168.0.19:8042/instances/42faa433-66571aac-5fc59f5c-2dcb8f0b-8c84e6eb/preview
1833,11442,peripheral,train,CTEH,http://192.168.0.19:8042/instances/b2b4a045-bcfb4e4c-2b841fc9-649cf4ca-c3ac48b0/preview
1834,11441,central,train,CTEH,http://192.168.0.19:8042/instances/752d06b5-1bdc2f0c-471d1c52-220ed7b2-fd8dc6d2/preview
1835,11440,peripheral,train,CTEH,http://192.168.0.19:8042/instances/59dd0974-60452e81-84093516-9197d7ce-fdcdb1c2/preview
1836,11439,peripheral,train,CTEH,http://192.168.0.19:8042/instances/6689c48b-a64f9700-adc060d7-eded00cd-bbab9a29/preview
1837,11438,peripheral,train,CTEH,http://192.168.0.19:8042/instances/64ca968c-6e8afa4d-02844d0c-a38c7f98-7bf151e4/preview
1838,11437,peripheral,train,CTEH,http://192.168.0.19:8042/instances/dc74db32-7ff28b88-f4b7d8dc-e0564617-2f1195ee/preview
1839,11436,peripheral,train,CTEH,http://192.168.0.19:8042/instances/ef9473a0-604a47af-23a1b3db-3b91b29c-dada6a84/preview
1840,11435,peripheral,train,CTEH,http://192.168.0.19:8042/instances/5b9ce743-6c0b3635-f3d67533-93080b32-262453ce/preview
1841,11434,peripheral,train,CTEH,http://192.168.0.19:8042/instances/ba3dab23-09207044-010e4c3f-18bfbb54-1ed1e54e/preview
1842,11433,peripheral,train,CTEH,http://192.168.0.19:8042/instances/4e1d8535-a56ce59b-1b59433b-c68e5685-35cf0dd9/preview
1843,11432,peripheral,train,CTEH,http://192.168.0.19:8042/instances/dd85a4f3-0af27bd2-b5379737-1ff86e88-076aeb7d/preview
1844,11431,peripheral,train,CTEH,http://192.168.0.19:8042/instances/738995c6-3d0e2f38-5d3b871b-e123fe4b-27828997/preview
1845,11430,peripheral,train,CTEH,http://192.168.0.19:8042/instances/fd2c5a2d-f4e03700-3da4ac79-12d6a382-837db624/preview
1846,11429,peripheral,train,CTEH,http://192.168.0.19:8042/instances/369cc92f-35f6aa67-4218540a-e4516f5c-89ecbd99/preview
1847,11428,peripheral,train,CTEH,http://192.168.0.19:8042/instances/9dcd8f86-81fd1b9b-7ecebd4b-eed4d0d5-1c87e78c/preview
1848,11427,peripheral,train,CTEH,http://192.168.0.19:8042/instances/af039edb-c2467218-7d39e803-c88ed500-fed400cd/preview
1849,11426,peripheral,train,CTEH,http://192.168.0.19:8042/instances/355c1473-64acb26b-b703cfc7-7c3e5e14-a01902d1/preview
1850,11425,peripheral,train,CTEH,http://192.168.0.19:8042/instances/fff334cf-d14a6c0e-69bef350-c8e400aa-57ba5008/preview
1851,11424,peripheral,train,CTEH,http://192.168.0.19:8042/instances/c9e748e7-171656e0-d5df3f53-960b7b80-81ddbd9a/preview
1852,11423,peripheral,train,CTEH,http://192.168.0.19:8042/instances/5020919e-3322a5d6-781cbb46-cee0d162-eceba8e5/preview
1853,11422,peripheral,train,CTEH,http://192.168.0.19:8042/instances/d27db486-51b73f4b-87742c87-109b42b6-4b16b410/preview
1854,11421,peripheral,train,CTEH,http://192.168.0.19:8042/instances/f0004599-d2398d37-2143194c-599ea715-8dec51f2/preview
1855,11420,peripheral,train,CTEH,http://192.168.0.19:8042/instances/e7b922d6-273536d5-64b216a2-18d2f6b0-8131b033/preview
1856,11419,peripheral,train,CTEH,http://192.168.0.19:8042/instances/5e84dee1-13c92aa4-8da03742-0828ce38-32666a34/preview
1857,11418,peripheral,train,CTEH,http://192.168.0.19:8042/instances/8bc39b56-e8a2a83a-a8983452-528fa003-0a0654ad/preview
1858,11417,peripheral,train,CTEH,http://192.168.0.19:8042/instances/0a5bf2c2-7468775f-0a783f17-41a9ec60-f945d68d/preview
1859,11416,peripheral,train,CTEH,http://192.168.0.19:8042/instances/d6c5789d-1c6ecc7e-3ac8ff32-1f85dcb0-7268b2cc/preview
1860,11415,peripheral,train,CTEH,http://192.168.0.19:8042/instances/110df239-a72b3531-92f31a0e-7e04ecf4-e571d044/preview
1861,11414,peripheral,train,CTEH,http://192.168.0.19:8042/instances/217e83b7-4b70441c-002b90cc-6cd6f5ef-63f98a58/preview
1862,11413,peripheral,train,CTEH,http://192.168.0.19:8042/instances/6c266dda-5cfe1f34-255965eb-04cdac26-ce8a3713/preview
1863,11412,peripheral,train,CTEH,http://192.168.0.19:8042/instances/dc3a6aea-a95ee4b3-faee18c1-6af0a1e2-342ec744/preview
1864,11411,peripheral,train,CTEH,http://192.168.0.19:8042/instances/3a3e132d-5f9e0763-5d709b16-3faebdd5-2cf93185/preview
1865,11410,peripheral,train,CTEH,http://192.168.0.19:8042/instances/f66ceb0f-9b89cf12-772f0964-76bbc55a-14a4eb1b/preview
1866,11409,peripheral,train,CTEH,http://192.168.0.19:8042/instances/30b17161-2c088f05-e80e0401-6e542471-8b475294/preview
1867,11408,peripheral,train,CTEH,http://192.168.0.19:8042/instances/8a85e7fd-187f9081-43a40045-447be031-15ac9e92/preview
1868,11407,peripheral,train,CTEH,http://192.168.0.19:8042/instances/31304936-916e0521-1588622b-2639a32c-ca1cc341/preview
1869,11406,peripheral,train,CTEH,http://192.168.0.19:8042/instances/971764bd-a228564f-7919633a-73d67797-83d6884e/preview
1870,11405,peripheral,train,CTEH,http://192.168.0.19:8042/instances/289de431-351b01de-5f859493-3e2618a3-264d61e9/preview
1871,11404,central,train,BAIDU,http://192.168.0.21:8080/data/local-files/?d=BAIDU/BAIDU-A0006.jpg
1872,11403,central,train,BAIDU,http://192.168.0.21:8080/data/local-files/?d=BAIDU/BAIDU-A0007.jpg
1873,11402,central,train,BAIDU,http://192.168.0.21:8080/data/local-files/?d=BAIDU/BAIDU-A0008.jpg
1874,11401,central,train,BAIDU,http://192.168.0.21:8080/data/local-files/?d=BAIDU/BAIDU-A0081.jpg
1875,11400,central,train,BAIDU,http://192.168.0.21:8080/data/local-files/?d=BAIDU/BAIDU-N0056.jpg
1876,11399,central,train,BAIDU,http://192.168.0.21:8080/data/local-files/?d=BAIDU/BAIDU-N0240.jpg
1877,11398,central,train,BAIDU,http://192.168.0.21:8080/data/local-files/?d=BAIDU/BAIDU-N0257.jpg
1878,11397,central,train,BAIDU,http://192.168.0.21:8080/data/local-files/?d=BAIDU/BAIDU-N0281.jpg
1879,11396,central,train,BAIDU,http://192.168.0.21:8080/data/local-files/?d=BAIDU/BAIDU-N0300.jpg
1880,11395,peripheral,train,BAIDU,http://192.168.0.21:8080/data/local-files/?d=BAIDU/BAIDU-N0308.jpg
1881,11394,central,train,BAIDU,http://192.168.0.21:8080/data/local-files/?d=BAIDU/BAIDU-N0304.jpg
1882,11393,central,train,BAIDU,http://192.168.0.21:8080/data/local-files/?d=BAIDU/BAIDU-N0311.jpg
1883,11392,central,train,BAIDU,http://192.168.0.21:8080/data/local-files/?d=BAIDU/BAIDU-N0028.jpg
1884,11391,central,train,BAIDU,http://192.168.0.21:8080/data/local-files/?d=BAIDU/BAIDU-A0038.jpg
1885,11390,central,train,EYESCAN,http://192.168.0.21:8080/data/local-files/?d=EYESCAN/21_0002CR0D.png
1886,11389,central,train,EYESCAN,http://192.168.0.21:8080/data/local-files/?d=EYESCAN/5_0002CR0D.png
1887,11388,central,train,EYESCAN,http://192.168.0.21:8080/data/local-files/?d=EYESCAN/12_0001CR0D.png
1888,11387,central,train,EYESCAN,http://192.168.0.21:8080/data/local-files/?d=EYESCAN/15_0002CR0D.png
1889,11386,central,train,EYESCAN,http://192.168.0.21:8080/data/local-files/?d=EYESCAN/17_0002CR0D.png
1890,11385,central,train,EYESCAN,http://192.168.0.21:8080/data/local-files/?d=EYESCAN/23_0002CR0D.png
1891,11384,central,train,EYESCAN,http://192.168.0.21:8080/data/local-files/?d=EYESCAN/31_0001CR0D.png
1892,11383,central,train,EYESCAN,http://192.168.0.21:8080/data/local-files/?d=EYESCAN/32_0002CR0D.png
1893,11382,central,train,EYESCAN,http://192.168.0.21:8080/data/local-files/?d=EYESCAN/33_0001CR0D.png
1894,11381,central,train,EYESCAN,http://192.168.0.21:8080/data/local-files/?d=EYESCAN/34_0002CR0D.png
1895,11380,central,train,EYESCAN,http://192.168.0.21:8080/data/local-files/?d=EYESCAN/36_0002CR0D.png
1896,11379,central,train,EYESCAN,http://192.168.0.21:8080/data/local-files/?d=EYESCAN/39_0002CR0D.png
1897,11378,central,train,EYESCAN,http://192.168.0.21:8080/data/local-files/?d=EYESCAN/40_0001CR0D.png
1898,11377,central,train,EYESCAN,http://192.168.0.21:8080/data/local-files/?d=EYESCAN/44_0001CR0D.png
1899,11376,central,train,EYESCAN,http://192.168.0.21:8080/data/local-files/?d=EYESCAN/49_0002CR0D.png
1900,11375,central,train,EYESCAN,http://192.168.0.21:8080/data/local-files/?d=EYESCAN/51_0002CR0D.png
1901,11374,central,train,EYESCAN,http://192.168.0.21:8080/data/local-files/?d=EYESCAN/55_0002CR0D.png
1902,11373,central,train,EYESCAN,http://192.168.0.21:8080/data/local-files/?d=EYESCAN/56_0001CR0D.png
1903,11372,central,train,EYESCAN,http://192.168.0.21:8080/data/local-files/?d=EYESCAN/35_0001CR0D.png
1904,11371,central,train,EYESCAN,http://192.168.0.21:8080/data/local-files/?d=EYESCAN/53_0002CR0D.png
1905,11370,central,train,EYESCAN,http://192.168.0.21:8080/data/local-files/?d=EYESCAN/54_0001CR0D.png
1906,11369,central,train,EYESCAN,http://192.168.0.21:8080/data/local-files/?d=EYESCAN/64_0004CL0D.png
1907,11368,central,train,EYESCAN,http://192.168.0.21:8080/data/local-files/?d=EYESCAN/67_0002CR0D.png
1908,11367,central,train,EYESCAN,http://192.168.0.21:8080/data/local-files/?d=EYESCAN/70_0004CL0D.png
1909,11366,central,train,EYESCAN,http://192.168.0.21:8080/data/local-files/?d=EYESCAN/87_0002CR0D.png
1910,11365,central,train,EYESCAN,http://192.168.0.21:8080/data/local-files/?d=EYESCAN/95_0002CR0D.png
1911,11364,central,train,EYESCAN,http://192.168.0.21:8080/data/local-files/?d=EYESCAN/103_0002CR0D.png
1912,11363,central,train,EYESCAN,http://192.168.0.21:8080/data/local-files/?d=EYESCAN/105_0002CR0D.png
1913,11362,central,train,EYESCAN,http://192.168.0.21:8080/data/local-files/?d=EYESCAN/111_0002CR0D.png
1914,11361,central,train,EYESCAN,http://192.168.0.21:8080/data/local-files/?d=EYESCAN/22_0001CR0D.png
1915,11360,central,train,BAIDU,http://192.168.0.21:8080/data/local-files/?d=BAIDU/BAIDU-A0013.jpg
1916,11359,central,train,BAIDU,http://192.168.0.21:8080/data/local-files/?d=BAIDU/BAIDU-A0009.jpg
1917,11358,central,train,BAIDU,http://192.168.0.21:8080/data/local-files/?d=BAIDU/BAIDU-A0010.jpg
1918,11357,central,train,BAIDU,http://192.168.0.21:8080/data/local-files/?d=BAIDU/BAIDU-A0011.jpg
1919,11356,central,train,BAIDU,http://192.168.0.21:8080/data/local-files/?d=BAIDU/BAIDU-A0015.jpg
1920,11355,central,train,BAIDU,http://192.168.0.21:8080/data/local-files/?d=BAIDU/BAIDU-A0016.jpg
1921,11354,central,train,BAIDU,http://192.168.0.21:8080/data/local-files/?d=BAIDU/BAIDU-A0019.jpg
1922,11353,central,train,BAIDU,http://192.168.0.21:8080/data/local-files/?d=BAIDU/BAIDU-A0033.jpg
1923,11352,central,train,BAIDU,http://192.168.0.21:8080/data/local-files/?d=BAIDU/BAIDU-A0057.jpg
1924,11351,central,train,BAIDU,http://192.168.0.21:8080/data/local-files/?d=BAIDU/BAIDU-A0071.jpg
1925,11350,central,train,BAIDU,http://192.168.0.21:8080/data/local-files/?d=BAIDU/BAIDU-N0004.jpg
1926,11349,peripheral,train,BAIDU,http://192.168.0.21:8080/data/local-files/?d=BAIDU/BAIDU-N0023.jpg
1927,11348,peripheral,train,BAIDU,http://192.168.0.21:8080/data/local-files/?d=BAIDU/BAIDU-N0021.jpg
1928,11347,peripheral,train,BAIDU,http://192.168.0.21:8080/data/local-files/?d=BAIDU/BAIDU-N0027.jpg
1929,11346,central,train,BAIDU,http://192.168.0.21:8080/data/local-files/?d=BAIDU/BAIDU-N0040.jpg
1930,11345,peripheral,train,BAIDU,http://192.168.0.21:8080/data/local-files/?d=BAIDU/BAIDU-N0043.jpg
1931,11344,peripheral,train,BAIDU,http://192.168.0.21:8080/data/local-files/?d=BAIDU/BAIDU-N0057.jpg
1932,11343,peripheral,train,BAIDU,http://192.168.0.21:8080/data/local-files/?d=BAIDU/BAIDU-N0061.jpg
1933,11342,peripheral,train,BAIDU,http://192.168.0.21:8080/data/local-files/?d=BAIDU/BAIDU-N0063.jpg
1934,11341,peripheral,train,BAIDU,http://192.168.0.21:8080/data/local-files/?d=BAIDU/BAIDU-N0071.jpg
1935,11340,peripheral,train,BAIDU,http://192.168.0.21:8080/data/local-files/?d=BAIDU/BAIDU-N0089.jpg
1936,11339,peripheral,train,BAIDU,http://192.168.0.21:8080/data/local-files/?d=BAIDU/BAIDU-N0094.jpg
1937,11338,peripheral,train,BAIDU,http://192.168.0.21:8080/data/local-files/?d=BAIDU/BAIDU-N0097.jpg
1938,11337,peripheral,train,BAIDU,http://192.168.0.21:8080/data/local-files/?d=BAIDU/BAIDU-N0107.jpg
1939,11336,peripheral,train,BAIDU,http://192.168.0.21:8080/data/local-files/?d=BAIDU/BAIDU-N0109.jpg
1940,11335,peripheral,train,BAIDU,http://192.168.0.21:8080/data/local-files/?d=BAIDU/BAIDU-N0110.jpg
1941,11334,peripheral,train,BAIDU,http://192.168.0.21:8080/data/local-files/?d=BAIDU/BAIDU-N0117.jpg
1942,11333,peripheral,train,BAIDU,http://192.168.0.21:8080/data/local-files/?d=BAIDU/BAIDU-N0122.jpg
1943,11332,peripheral,train,BAIDU,http://192.168.0.21:8080/data/local-files/?d=BAIDU/BAIDU-N0123.jpg
1944,11331,peripheral,train,BAIDU,http://192.168.0.21:8080/data/local-files/?d=BAIDU/BAIDU-N0138.jpg
1945,11330,peripheral,train,BAIDU,http://192.168.0.21:8080/data/local-files/?d=BAIDU/BAIDU-N0146.jpg
1946,11329,peripheral,train,BAIDU,http://192.168.0.21:8080/data/local-files/?d=BAIDU/BAIDU-N0158.jpg
1947,11328,central,train,BAIDU,http://192.168.0.21:8080/data/local-files/?d=BAIDU/BAIDU-N0162.jpg
1948,11327,central,train,BAIDU,http://192.168.0.21:8080/data/local-files/?d=BAIDU/BAIDU-N0163.jpg
1949,11326,peripheral,train,BAIDU,http://192.168.0.21:8080/data/local-files/?d=BAIDU/BAIDU-N0187.jpg
1950,11325,central,train,BAIDU,http://192.168.0.21:8080/data/local-files/?d=BAIDU/BAIDU-N0192.jpg
1951,11324,peripheral,train,BAIDU,http://192.168.0.21:8080/data/local-files/?d=BAIDU/BAIDU-N0197.jpg
1952,11323,peripheral,train,BAIDU,http://192.168.0.21:8080/data/local-files/?d=BAIDU/BAIDU-N0199.jpg
1953,11322,peripheral,train,BAIDU,http://192.168.0.21:8080/data/local-files/?d=BAIDU/BAIDU-N0200.jpg
1954,11321,central,train,BAIDU,http://192.168.0.21:8080/data/local-files/?d=BAIDU/BAIDU-N0201.jpg
1955,11320,peripheral,train,BAIDU,http://192.168.0.21:8080/data/local-files/?d=BAIDU/BAIDU-N0203.jpg
1956,11319,peripheral,train,BAIDU,http://192.168.0.21:8080/data/local-files/?d=BAIDU/BAIDU-N0208.jpg
1957,11318,peripheral,train,BAIDU,http://192.168.0.21:8080/data/local-files/?d=BAIDU/BAIDU-N0219.jpg
1958,11317,central,train,BAIDU,http://192.168.0.21:8080/data/local-files/?d=BAIDU/BAIDU-N0222.jpg
1959,11316,peripheral,train,BAIDU,http://192.168.0.21:8080/data/local-files/?d=BAIDU/BAIDU-N0223.jpg
1960,11315,peripheral,train,BAIDU,http://192.168.0.21:8080/data/local-files/?d=BAIDU/BAIDU-N0234.jpg
1961,11314,central,train,BAIDU,http://192.168.0.21:8080/data/local-files/?d=BAIDU/BAIDU-N0238.jpg
1962,11313,peripheral,train,BAIDU,http://192.168.0.21:8080/data/local-files/?d=BAIDU/BAIDU-N0245.jpg
1963,11312,peripheral,train,BAIDU,http://192.168.0.21:8080/data/local-files/?d=BAIDU/BAIDU-N0270.jpg
1964,11311,peripheral,train,BAIDU,http://192.168.0.21:8080/data/local-files/?d=BAIDU/BAIDU-N0274.jpg
1965,11310,peripheral,train,BAIDU,http://192.168.0.21:8080/data/local-files/?d=BAIDU/BAIDU-N0282.jpg
1966,11309,peripheral,train,BAIDU,http://192.168.0.21:8080/data/local-files/?d=BAIDU/BAIDU-N0292.jpg
1967,11308,peripheral,train,BAIDU,http://192.168.0.21:8080/data/local-files/?d=BAIDU/BAIDU-N0296.jpg
1968,11307,peripheral,train,BAIDU,http://192.168.0.21:8080/data/local-files/?d=BAIDU/BAIDU-N0309.jpg
1969,11306,peripheral,train,BAIDU,http://192.168.0.21:8080/data/local-files/?d=BAIDU/BAIDU-N0310.jpg
1970,11305,central,train,CTEH,http://192.168.0.19:8042/instances/f59b09b6-1dd7a519-574a3e39-483189b3-6b4d7927/preview
1971,11304,central,train,CTEH,http://192.168.0.19:8042/instances/6ece50d6-296103d9-fad5e532-f9c316e5-76354ce6/preview
1972,11303,central,train,CTEH,http://192.168.0.19:8042/instances/486e769c-5bc3c543-3fcecdef-cd2a6e08-489059d3/preview
1973,11302,central,train,CTEH,http://192.168.0.19:8042/instances/45ebb383-3c1515e9-dbda590d-642e9b8c-fa92ee97/preview
1974,11301,central,train,CTEH,http://192.168.0.19:8042/instances/ea776f46-d64da387-b34a8c00-5dac1df6-0824d457/preview
1975,11300,central,train,CTEH,http://192.168.0.19:8042/instances/8086f565-25b2e11c-83c55ac5-90cc6dbe-032cea3f/preview
1976,11299,peripheral,train,CTEH,http://192.168.0.19:8042/instances/6548d736-c479c846-22cdb6b9-a7f1def3-a00bd98b/preview
1977,11298,central,train,CTEH,http://192.168.0.19:8042/instances/5c505349-755de3ac-d3d9017b-22d0c5ac-6c2ce40d/preview
1978,11297,central,train,CTEH,http://192.168.0.19:8042/instances/bc853080-3f5c6c27-0999ff8c-5a1e4c03-0db60e1e/preview
1979,11296,central,train,CTEH,http://192.168.0.19:8042/instances/0dac0580-c362204c-32a0def8-f208b507-52099ff5/preview
1980,11295,central,train,CTEH,http://192.168.0.19:8042/instances/42a65e61-fbbf7294-9e32253a-54cda472-28434377/preview
1981,11294,central,train,CTEH,http://192.168.0.19:8042/instances/935d20b9-a9efa810-cfe02122-4b380c65-b9f361b5/preview
1982,11293,peripheral,train,CTEH,http://192.168.0.19:8042/instances/b1faceaf-7b6c3b6e-be8902d4-3c5b89f1-d2a64ad2/preview
1983,11292,central,train,CTEH,http://192.168.0.19:8042/instances/bb2b297f-718a2936-7e5cf056-ea9e6927-103a3981/preview
1984,11291,central,train,CTEH,http://192.168.0.19:8042/instances/f50a2434-b993d742-ca9fb390-a1c97fa5-5c7455c1/preview
1985,11290,central,train,CTEH,http://192.168.0.19:8042/instances/dd380364-16041a0c-25045b63-0f7923e1-c7d3e25f/preview
1986,11289,central,train,CTEH,http://192.168.0.19:8042/instances/5d17f78b-d751f35a-3fce35f7-0ce98954-b5def49f/preview
1987,11288,central,train,CTEH,http://192.168.0.19:8042/instances/0a1af7dc-c75b0eb3-df29b36c-1bac79e0-b8c3c6cf/preview
1988,11287,central,train,CTEH,http://192.168.0.19:8042/instances/400d6cb8-5f39a344-dae2ef5d-86a8c63f-1bfa0c61/preview
1989,11286,central,train,CTEH,http://192.168.0.19:8042/instances/773d58fc-2fd107f2-56cf662e-efa1ff23-c769f8f9/preview
1990,11285,central,train,CTEH,http://192.168.0.19:8042/instances/54dde843-25f41c38-910fff05-f46ef785-40db05b3/preview
1991,11284,central,train,CTEH,http://192.168.0.19:8042/instances/cdc5905b-20c770ff-8ea649a1-1270f054-e17828bc/preview
1992,11283,central,train,CTEH,http://192.168.0.19:8042/instances/65cb0cab-fb2a7e4a-5ff1349a-390ceba9-da76ccdd/preview
1993,11282,peripheral,train,CTEH,http://192.168.0.19:8042/instances/03bfbee6-780620a1-164724bb-58ba6d4d-5d251254/preview
1994,11281,central,train,CTEH,http://192.168.0.19:8042/instances/5796406f-73247c0e-644989dc-13f82ab0-1e630233/preview
1995,11280,central,train,CTEH,http://192.168.0.19:8042/instances/7987376e-68bb3c6a-405852b9-95df3ae9-f8e28988/preview
1996,11279,central,train,CTEH,http://192.168.0.19:8042/instances/5f2d818b-6352d14f-7dd23425-993e7f25-7fad41ed/preview
1997,11278,central,train,CTEH,http://192.168.0.19:8042/instances/920df653-ce3fa26b-46b7d673-b5db3507-ee1c78a9/preview
1998,11277,central,train,CTEH,http://192.168.0.19:8042/instances/6eac19df-e139752d-c8e08d9a-04951182-018ce2be/preview
1999,11276,central,train,CTEH,http://192.168.0.19:8042/instances/12df59c7-32802e3e-91451d8e-81eb94d4-00ddc0c4/preview
2000,11275,central,train,CTEH,http://192.168.0.19:8042/instances/a06423ab-fbed42f6-5c122e6d-4f91b110-2a9f7b5f/preview
2001,11274,peripheral,train,CTEH,http://192.168.0.19:8042/instances/6e6f15f0-4b7a6a55-714e1ad6-94760510-b0fec310/preview
2002,11273,peripheral,train,CTEH,http://192.168.0.19:8042/instances/aa4a9dbe-d1330a4a-a3ce6625-3ff2624e-a18845c5/preview
2003,11272,peripheral,train,CTEH,http://192.168.0.19:8042/instances/5df19fa6-71398f0d-9cd6f5f8-e56353b2-19d71718/preview
2004,11271,peripheral,train,CTEH,http://192.168.0.19:8042/instances/05a7be3f-775a96d5-824a8d5f-c1e74594-d37af060/preview
2005,11270,peripheral,train,CTEH,http://192.168.0.19:8042/instances/a787f6f8-e5a0a66f-5763dab9-3aa947dc-6df1b82e/preview
2006,11269,peripheral,train,CTEH,http://192.168.0.19:8042/instances/a4b93505-5ca0544e-3424b6b5-d92df47f-c5f09f67/preview
2007,11268,peripheral,train,CTEH,http://192.168.0.19:8042/instances/a3b7af83-e50149f0-2be21cd8-3fee611a-33398b21/preview
2008,11267,peripheral,train,CTEH,http://192.168.0.19:8042/instances/d85d300b-40ac8461-9b412b3a-be7cecfa-70994e5c/preview
2009,11266,peripheral,train,CTEH,http://192.168.0.19:8042/instances/4c366807-224b7898-8f7a2cc6-131d7ecf-d70cbd77/preview
2010,11265,peripheral,train,CTEH,http://192.168.0.19:8042/instances/65d16caa-b0700b35-3e89e8b8-f2c44761-670ed7e2/preview
2011,11264,peripheral,train,CTEH,http://192.168.0.19:8042/instances/b79d132b-2ff03854-eef6f44a-b21826b8-2f7d0928/preview
2012,11263,peripheral,train,CTEH,http://192.168.0.19:8042/instances/6113f16c-7d8e4fe6-0397d9d6-d9cac67c-c02ca18b/preview
2013,11262,peripheral,train,CTEH,http://192.168.0.19:8042/instances/36b17759-09a02426-97720833-c7d3050d-7ff062de/preview
2015,11260,peripheral,train,CTEH,http://192.168.0.19:8042/instances/10bf8a9d-5e641ec5-da18f1aa-e7fb716b-ed29d7fb/preview
2016,11259,peripheral,train,CTEH,http://192.168.0.19:8042/instances/a9f24a00-c691c285-f0ae1eff-c174b48c-5919b68c/preview
2017,11258,peripheral,train,CTEH,http://192.168.0.19:8042/instances/37645052-2cc47735-43d1b638-737b9697-167360a6/preview
2018,11257,peripheral,train,CTEH,http://192.168.0.19:8042/instances/576f6135-14b69690-b5fa100a-32a7e8ca-6c272c3b/preview
2019,11256,peripheral,train,CTEH,http://192.168.0.19:8042/instances/6e4b392f-54c3a299-cd5ae2db-f50101bb-86326e56/preview
2020,11255,peripheral,train,CTEH,http://192.168.0.19:8042/instances/aae7b3b2-f7a40746-a5d2cd62-24c5790a-b9485cc2/preview
2021,11254,peripheral,train,CTEH,http://192.168.0.19:8042/instances/f7e6fbf0-9c601517-120cd524-9d97bd92-bb618d72/preview
2022,11253,peripheral,train,CTEH,http://192.168.0.19:8042/instances/12f52b8d-dcef4382-7d7a5215-7b3410df-8c1c8636/preview
2023,11252,peripheral,train,CTEH,http://192.168.0.19:8042/instances/f674eff3-5e8f1e68-d28a9bcb-290d09c8-ccfcf9d8/preview
2024,11251,peripheral,train,CTEH,http://192.168.0.19:8042/instances/17582e13-a2fd24f3-cfbf501d-75576026-a82f534d/preview
2025,11250,peripheral,train,CTEH,http://192.168.0.19:8042/instances/24308447-842d6f48-2c4a1754-6dcf50de-eb49016b/preview
2026,11249,peripheral,train,CTEH,http://192.168.0.19:8042/instances/8cb49a77-1167fa61-4810ff08-41cc9958-857f2f4b/preview
2027,11248,peripheral,train,CTEH,http://192.168.0.19:8042/instances/37563fe8-95126c52-421fd84d-a62fd661-da783f51/preview
2028,11247,peripheral,train,CTEH,http://192.168.0.19:8042/instances/7d0c0669-59ae5e9d-7f8b3c27-491e9a88-ab0ec175/preview
2029,11246,peripheral,train,CTEH,http://192.168.0.19:8042/instances/a0bbab5c-6c11430f-1aabc9c2-847722f7-080ca66f/preview
2030,11245,peripheral,train,CTEH,http://192.168.0.19:8042/instances/fad30afd-9822d28d-6b16b0fd-53e4dd25-4ac71d03/preview
2031,11244,peripheral,train,CTEH,http://192.168.0.19:8042/instances/4fe11743-a6b6fc7e-f7c29896-3b80219e-8b617fa3/preview
2032,11243,peripheral,train,CTEH,http://192.168.0.19:8042/instances/63644720-7ffff604-1d381dd9-229c6783-558d3357/preview
2033,11242,peripheral,train,CTEH,http://192.168.0.19:8042/instances/61d287b5-c63668ab-8c9564fd-3ece2804-799d9dd8/preview
2034,11241,peripheral,train,CTEH,http://192.168.0.19:8042/instances/e9718ad3-71f4ec92-bc2e66ec-4cdafeaf-08ac634f/preview
2035,11240,peripheral,train,CTEH,http://192.168.0.19:8042/instances/8bb0443b-2742e7b7-03ea8a0f-c652e607-08367e1e/preview
2036,11239,central,train,CTEH,http://192.168.0.19:8042/instances/f8b03cbf-a4e3f423-e416a09d-28d08907-c6080a2f/preview
2037,11238,peripheral,train,CTEH,http://192.168.0.19:8042/instances/93562f02-f1abe35b-d927d3a3-b87fedf8-e6e17366/preview
2038,11237,peripheral,train,CTEH,http://192.168.0.19:8042/instances/a55c0657-55363c76-e9b06790-63b2e1ce-fc2ea54e/preview
2039,11236,peripheral,train,CTEH,http://192.168.0.19:8042/instances/5401961d-8ac0da7c-f2bdc62b-cc76d72b-5b7c6c1d/preview
2040,11235,peripheral,train,CTEH,http://192.168.0.19:8042/instances/ceb99cc6-924e218d-e11ae8ca-cf7e0eab-4210995f/preview
2041,11234,central,train,CTEH,http://192.168.0.19:8042/instances/b7cb0a28-53fb40fa-a3d8a59a-22b3f4cd-64eefc5d/preview
2042,11233,peripheral,train,CTEH,http://192.168.0.19:8042/instances/1d9d5744-6a943dbf-ba9eea89-a41f9451-32167ddb/preview
2043,11232,peripheral,train,CTEH,http://192.168.0.19:8042/instances/522ba76a-0c64ddcd-53b454e6-a3c735d1-80bda931/preview
2044,11231,central,train,CTEH,http://192.168.0.19:8042/instances/f1da9eed-02d4cae9-98626846-b03a0b3c-a2a26d7c/preview
2045,11230,peripheral,train,CTEH,http://192.168.0.19:8042/instances/49b89a1b-8d413def-452c51a4-e2611be0-9a86736a/preview
2046,11229,peripheral,train,CTEH,http://192.168.0.19:8042/instances/848c42d7-d33a3676-db59587e-d4acc9b9-bc09c707/preview
2047,11228,central,train,CTEH,http://192.168.0.19:8042/instances/5eaae155-62f2dab3-d0089a1a-763f787d-d7daa67e/preview
2048,11227,central,train,CTEH,http://192.168.0.19:8042/instances/eaf303f4-e826e9a0-78146d0a-1dec310e-7a1a121b/preview
2049,11226,peripheral,train,CTEH,http://192.168.0.19:8042/instances/385afa5c-b3b342c9-9e129c77-98b58cd6-ae211ad0/preview
2050,11225,central,train,CTEH,http://192.168.0.19:8042/instances/57f2eec1-7ccb01b1-dadcf6ce-4a3c025f-66e6101c/preview
2051,11224,central,train,CTEH,http://192.168.0.19:8042/instances/265b2615-091229cb-7552ed33-1c52d980-78010c7e/preview
2052,11223,central,train,CTEH,http://192.168.0.19:8042/instances/7f4b0f5d-12995a94-0601f775-3acf3a84-c19ec39d/preview
2053,11222,central,train,CTEH,http://192.168.0.19:8042/instances/0c5cb861-62d0bd20-3ca9088c-a0ece4a9-207330ac/preview
2054,11221,central,train,CTEH,http://192.168.0.19:8042/instances/3ad5d1ba-205d4181-c0e834f0-8e581704-136385d0/preview
2055,11220,central,train,CTEH,http://192.168.0.19:8042/instances/d6d5a528-e68e2ed4-68e0c3ff-a3b3aad3-ddda8af5/preview
2056,11219,central,train,CTEH,http://192.168.0.19:8042/instances/03d6361f-a35ce631-8e5d3ed4-33eccc21-d1621316/preview
2057,11218,central,train,CTEH,http://192.168.0.19:8042/instances/cedfe47e-832420ee-e7bb4bca-23798f93-3c35f799/preview
2058,11217,central,train,CTEH,http://192.168.0.19:8042/instances/43038133-129cb0e4-0212df36-a29b4f31-7ad41e00/preview
2059,11216,central,train,CTEH,http://192.168.0.19:8042/instances/949ba86f-e02deeca-c2671d84-9e2af13e-4f46f5d8/preview
2060,11215,central,train,CTEH,http://192.168.0.19:8042/instances/e3c61a89-b4cb90ca-1585ce6a-39f0374a-2f4837db/preview
2061,11214,central,train,CTEH,http://192.168.0.19:8042/instances/f364f11a-76c694a3-7ee2a8af-86865c27-eababd40/preview
2062,11213,central,train,CTEH,http://192.168.0.19:8042/instances/aaa5b8b7-5ff59641-300f152b-117fc53b-fb211ad6/preview
2063,11212,central,train,CTEH,http://192.168.0.19:8042/instances/dd3d31ec-88d46624-7589c15d-d4c8504f-46b05867/preview
2064,11211,central,train,CTEH,http://192.168.0.19:8042/instances/5c88ee94-f2b32712-d1fc4260-7b81ef2b-3b1ba712/preview
2065,11210,central,train,CTEH,http://192.168.0.19:8042/instances/9726dcda-d5aaa18c-ba44f1ee-31d4ec0c-67091c76/preview
2066,11209,central,train,CTEH,http://192.168.0.19:8042/instances/a5f11fba-87df2615-32624679-122edd5d-a02ea8ae/preview
2067,11208,peripheral,train,CTEH,http://192.168.0.19:8042/instances/4ccab316-3df313d0-1ec23189-8706375c-689740e4/preview
335,12885,central,val,BAIDU,http://192.168.0.21:8080/data/local-files/?d=BAIDU/BAIDU-A0020.jpg
336,12889,central,val,BAIDU,http://192.168.0.21:8080/data/local-files/?d=BAIDU/BAIDU-A0012.jpg
337,12886,central,val,BAIDU,http://192.168.0.21:8080/data/local-files/?d=BAIDU/BAIDU-A0018.jpg
338,12878,central,val,BAIDU,http://192.168.0.21:8080/data/local-files/?d=BAIDU/BAIDU-A0027.jpg
339,12874,central,val,BAIDU,http://192.168.0.21:8080/data/local-files/?d=BAIDU/BAIDU-A0031.jpg
340,12859,central,val,BAIDU,http://192.168.0.21:8080/data/local-files/?d=BAIDU/BAIDU-A0048.jpg
341,12853,central,val,BAIDU,http://192.168.0.21:8080/data/local-files/?d=BAIDU/BAIDU-A0054.jpg
342,12851,central,val,BAIDU,http://192.168.0.21:8080/data/local-files/?d=BAIDU/BAIDU-A0056.jpg
343,12847,central,val,BAIDU,http://192.168.0.21:8080/data/local-files/?d=BAIDU/BAIDU-A0061.jpg
344,12844,central,val,BAIDU,http://192.168.0.21:8080/data/local-files/?d=BAIDU/BAIDU-A0064.jpg
345,12838,central,val,BAIDU,http://192.168.0.21:8080/data/local-files/?d=BAIDU/BAIDU-A0070.jpg
346,12828,central,val,BAIDU,http://192.168.0.21:8080/data/local-files/?d=BAIDU/BAIDU-A0082.jpg
347,12829,central,val,BAIDU,http://192.168.0.21:8080/data/local-files/?d=BAIDU/BAIDU-A0080.jpg
348,12823,central,val,BAIDU,http://192.168.0.21:8080/data/local-files/?d=BAIDU/BAIDU-A0087.jpg
349,12817,central,val,BAIDU,http://192.168.0.21:8080/data/local-files/?d=BAIDU/BAIDU-N0005.jpg
350,12795,central,val,BAIDU,http://192.168.0.21:8080/data/local-files/?d=BAIDU/BAIDU-N0031.jpg
351,12796,central,val,BAIDU,http://192.168.0.21:8080/data/local-files/?d=BAIDU/BAIDU-N0030.jpg
352,12774,central,val,BAIDU,http://192.168.0.21:8080/data/local-files/?d=BAIDU/BAIDU-N0054.jpg
353,12762,peripheral,val,BAIDU,http://192.168.0.21:8080/data/local-files/?d=BAIDU/BAIDU-N0070.jpg
354,12749,central,val,BAIDU,http://192.168.0.21:8080/data/local-files/?d=BAIDU/BAIDU-N0084.jpg
355,12745,central,val,BAIDU,http://192.168.0.21:8080/data/local-files/?d=BAIDU/BAIDU-N0088.jpg
356,12742,peripheral,val,BAIDU,http://192.168.0.21:8080/data/local-files/?d=BAIDU/BAIDU-N0092.jpg
357,12738,central,val,BAIDU,http://192.168.0.21:8080/data/local-files/?d=BAIDU/BAIDU-N0098.jpg
358,12728,central,val,BAIDU,http://192.168.0.21:8080/data/local-files/?d=BAIDU/BAIDU-N0111.jpg
359,12722,central,val,BAIDU,http://192.168.0.21:8080/data/local-files/?d=BAIDU/BAIDU-N0118.jpg
360,12716,central,val,BAIDU,http://192.168.0.21:8080/data/local-files/?d=BAIDU/BAIDU-N0126.jpg
361,12706,central,val,BAIDU,http://192.168.0.21:8080/data/local-files/?d=BAIDU/BAIDU-N0136.jpg
362,12691,central,val,BAIDU,http://192.168.0.21:8080/data/local-files/?d=BAIDU/BAIDU-N0153.jpg
363,12693,central,val,BAIDU,http://192.168.0.21:8080/data/local-files/?d=BAIDU/BAIDU-N0151.jpg
364,12690,central,val,BAIDU,http://192.168.0.21:8080/data/local-files/?d=BAIDU/BAIDU-N0154.jpg
365,12681,central,val,BAIDU,http://192.168.0.21:8080/data/local-files/?d=BAIDU/BAIDU-N0166.jpg
366,12674,central,val,BAIDU,http://192.168.0.21:8080/data/local-files/?d=BAIDU/BAIDU-N0173.jpg
367,12670,central,val,BAIDU,http://192.168.0.21:8080/data/local-files/?d=BAIDU/BAIDU-N0177.jpg
368,12669,central,val,BAIDU,http://192.168.0.21:8080/data/local-files/?d=BAIDU/BAIDU-N0178.jpg
369,12656,central,val,BAIDU,http://192.168.0.21:8080/data/local-files/?d=BAIDU/BAIDU-N0193.jpg
370,12651,central,val,BAIDU,http://192.168.0.21:8080/data/local-files/?d=BAIDU/BAIDU-N0202.jpg
371,12631,central,val,BAIDU,http://192.168.0.21:8080/data/local-files/?d=BAIDU/BAIDU-N0227.jpg
372,12621,central,val,BAIDU,http://192.168.0.21:8080/data/local-files/?d=BAIDU/BAIDU-N0239.jpg
373,12607,central,val,BAIDU,http://192.168.0.21:8080/data/local-files/?d=BAIDU/BAIDU-N0255.jpg
374,12591,peripheral,val,BAIDU,http://192.168.0.21:8080/data/local-files/?d=BAIDU/BAIDU-N0273.jpg
375,12581,central,val,BAIDU,http://192.168.0.21:8080/data/local-files/?d=BAIDU/BAIDU-N0286.jpg
376,12582,central,val,BAIDU,http://192.168.0.21:8080/data/local-files/?d=BAIDU/BAIDU-N0285.jpg
377,12574,peripheral,val,BAIDU,http://192.168.0.21:8080/data/local-files/?d=BAIDU/BAIDU-N0294.jpg
378,12566,central,val,BAIDU,http://192.168.0.21:8080/data/local-files/?d=BAIDU/BAIDU-N0305.jpg
379,12565,peripheral,val,BAIDU,http://192.168.0.21:8080/data/local-files/?d=BAIDU/BAIDU-N0306.jpg
380,12564,central,val,BAIDU,http://192.168.0.21:8080/data/local-files/?d=BAIDU/BAIDU-N0307.jpg
381,12276,central,val,EYESCAN,http://192.168.0.21:8080/data/local-files/?d=EYESCAN/444_0002CR0D.png
382,12277,central,val,EYESCAN,http://192.168.0.21:8080/data/local-files/?d=EYESCAN/443_0001CR0D.png
383,12270,central,val,EYESCAN,http://192.168.0.21:8080/data/local-files/?d=EYESCAN/452_0004CL0D.png
384,12261,central,val,EYESCAN,http://192.168.0.21:8080/data/local-files/?d=EYESCAN/462_0001CR0D.png
385,12243,central,val,EYESCAN,http://192.168.0.21:8080/data/local-files/?d=EYESCAN/483_0003CL0D.png
386,12228,peripheral,val,EYESCAN,http://192.168.0.21:8080/data/local-files/?d=EYESCAN/501_0007CR0D.png
387,12226,central,val,EYESCAN,http://192.168.0.21:8080/data/local-files/?d=EYESCAN/503_0002CR0D.png
388,12224,central,val,EYESCAN,http://192.168.0.21:8080/data/local-files/?d=EYESCAN/507_0002CR0D.png
389,12221,central,val,EYESCAN,http://192.168.0.21:8080/data/local-files/?d=EYESCAN/510_0001CR0D.png
390,12213,central,val,EYESCAN,http://192.168.0.21:8080/data/local-files/?d=EYESCAN/519_0002CR0D.png
391,12159,central,val,EYESCAN,http://192.168.0.21:8080/data/local-files/?d=EYESCAN/586_0001CR0D.png
392,12157,central,val,EYESCAN,http://192.168.0.21:8080/data/local-files/?d=EYESCAN/588_0004CL0D.png
393,12156,central,val,EYESCAN,http://192.168.0.21:8080/data/local-files/?d=EYESCAN/589_0003CL0D.png
394,12150,central,val,EYESCAN,http://192.168.0.21:8080/data/local-files/?d=EYESCAN/596_0004CL0D.png
395,12147,central,val,EYESCAN,http://192.168.0.21:8080/data/local-files/?d=EYESCAN/599_0002CR0D.png
396,12142,central,val,EYESCAN,http://192.168.0.21:8080/data/local-files/?d=EYESCAN/607_0003CL0D.png
397,12139,central,val,EYESCAN,http://192.168.0.21:8080/data/local-files/?d=EYESCAN/612_0005CL0D.png
398,12134,central,val,EYESCAN,http://192.168.0.21:8080/data/local-files/?d=EYESCAN/618_0001CR0D.png
399,12129,central,val,EYESCAN,http://192.168.0.21:8080/data/local-files/?d=EYESCAN/625_0007CL0D.png
400,12127,central,val,EYESCAN,http://192.168.0.21:8080/data/local-files/?d=EYESCAN/628_0001CR0D.png
401,12125,central,val,EYESCAN,http://192.168.0.21:8080/data/local-files/?d=EYESCAN/630_0004CL0D.png
402,11792,central,val,CTEH,http://192.168.0.19:8042/instances/3fd05d24-76d0f8c6-bdfcf6bc-93c8525f-46e990f4/preview
403,11790,peripheral,val,CTEH,http://192.168.0.19:8042/instances/0081fddd-e20909a6-0cc41dd1-85099abf-c2c6f542/preview
404,11782,central,val,CTEH,http://192.168.0.19:8042/instances/37217a31-13e21819-5fdea986-e2ab3ee8-fe2eb9cc/preview
405,11781,peripheral,val,CTEH,http://192.168.0.19:8042/instances/9468c458-74da7673-106e90f3-31800abb-faffe1a6/preview
406,11780,peripheral,val,CTEH,http://192.168.0.19:8042/instances/b59d09cb-0dd00fb2-da09fe6a-038c541f-f9fd6518/preview
407,11777,central,val,CTEH,http://192.168.0.19:8042/instances/fd3a0470-8f9a0c02-8a2b6b42-94b4094e-81b87d8b/preview
408,11778,central,val,CTEH,http://192.168.0.19:8042/instances/3851c1ee-b186f373-a61e7b33-e693bc0e-22a99a95/preview
409,11779,central,val,CTEH,http://192.168.0.19:8042/instances/e085f2a7-c6b22c24-e1f2a27c-1f30a71f-a3a8fe8d/preview
410,11763,central,val,CTEH,http://192.168.0.19:8042/instances/18391b3f-63589d97-3c9d3e52-a12f7fb2-86753a28/preview
411,11761,peripheral,val,CTEH,http://192.168.0.19:8042/instances/f6d9e3a5-56514100-869986c8-5213a097-b8f9aa03/preview
412,11752,peripheral,val,CTEH,http://192.168.0.19:8042/instances/b2a64296-0c048184-9e3556ae-da27b6dc-20a229cc/preview
413,11746,peripheral,val,CTEH,http://192.168.0.19:8042/instances/f77f7c61-afdc1efe-06ab28b5-44a2e8f0-ea4b30e5/preview
414,11740,central,val,CTEH,http://192.168.0.19:8042/instances/6e5b7b7e-2e7a799d-fb00c7d4-03915ac5-c61fb555/preview
415,11736,central,val,CTEH,http://192.168.0.19:8042/instances/472cb90c-9c65a59a-7e1d9895-e59b774c-95a98ee0/preview
416,11724,central,val,CTEH,http://192.168.0.19:8042/instances/9bd8e175-d955897d-2b6a8105-759c51cb-8dcc054a/preview
417,11718,peripheral,val,CTEH,http://192.168.0.19:8042/instances/02b3c39b-32ba777e-162f53bb-deae8135-6333bd4a/preview
418,11721,central,val,CTEH,http://192.168.0.19:8042/instances/bc0d8184-3b7aea99-4fd28362-cf53c6e6-8d441009/preview
419,11722,central,val,CTEH,http://192.168.0.19:8042/instances/a531b8fc-2a1e34b4-a138f5a1-5cc7eaea-f409c68a/preview
420,11719,central,val,CTEH,http://192.168.0.19:8042/instances/6edeb7a0-eef29b8f-fa6c50e9-9621df88-e7d3c92f/preview
421,11714,peripheral,val,CTEH,http://192.168.0.19:8042/instances/1b69ca6b-88abcba1-6da935a8-ba94751a-9187e5e2/preview
422,11704,peripheral,val,CTEH,http://192.168.0.19:8042/instances/6bf5f84b-5f0eb42e-659652f3-cc44a593-13250d78/preview
423,11702,central,val,CTEH,http://192.168.0.19:8042/instances/bb0893c9-797f314e-3a7145e9-bf96cfcc-41feed53/preview
424,11676,central,val,CTEH,http://192.168.0.19:8042/instances/5a135840-76e06d79-1883267b-3b21338d-399e048e/preview
425,11654,peripheral,val,CTEH,http://192.168.0.19:8042/instances/36d4c34c-4fd44a66-6d07ecf4-f1683b24-edbdd21e/preview
426,11643,central,val,CTEH,http://192.168.0.19:8042/instances/c3f2429d-850e8904-8bdec180-b87867a0-f5ee320f/preview
427,11630,central,val,CTEH,http://192.168.0.19:8042/instances/f37b39ce-65588f66-082f1bd9-aa705f86-b6e5d9a2/preview
428,11622,peripheral,val,CTEH,http://192.168.0.19:8042/instances/829960f8-1f882c46-b41551a9-c59ba1f7-791fcbc4/preview
429,11605,peripheral,val,CTEH,http://192.168.0.19:8042/instances/9caac609-6a02ceae-07abee59-43ea3afa-ba818682/preview
430,11600,peripheral,val,CTEH,http://192.168.0.19:8042/instances/4f001192-e06b2450-e93d61d2-ba9f808b-087d56b0/preview
431,11592,central,val,CTEH,http://192.168.0.19:8042/instances/a29d5b7e-88e1037f-2ebd13db-0f000088-e3b1d06b/preview
432,11580,central,val,CTEH,http://192.168.0.19:8042/instances/ff71c6c9-1a1cf716-178adbc3-f7d8b247-ef900650/preview
433,11579,central,val,CTEH,http://192.168.0.19:8042/instances/ddc1416f-3c460d31-c89d644f-bf913b30-487bf707/preview
434,11571,peripheral,val,CTEH,http://192.168.0.19:8042/instances/01a1cdd9-fd852d3e-17764a87-79b65fe2-0f83b175/preview
435,11559,central,val,CTEH,http://192.168.0.19:8042/instances/fd90ce75-8d140442-4219eccf-f72b33b5-10e5918c/preview
436,11578,central,val,CTEH,http://192.168.0.19:8042/instances/cf4473c1-7378c4f9-5f198bf1-115a5e3f-53acb076/preview
437,11764,peripheral,val,CTEH,http://192.168.0.19:8042/instances/a28b9dc3-ca67d71a-0e12f469-3d7769c6-c91b4e40/preview
439,11729,peripheral,val,CTEH,http://192.168.0.19:8042/instances/056c55c0-ebd01e61-c9376fd3-55c347b3-0e572b53/preview
440,11726,peripheral,val,CTEH,http://192.168.0.19:8042/instances/a734f49d-c4321007-41bae6cf-80a005d9-ffd9d268/preview
441,11711,central,val,CTEH,http://192.168.0.19:8042/instances/ab85929f-3c74b77a-3df78292-882c1e1b-8c6f790e/preview
442,11690,peripheral,val,CTEH,http://192.168.0.19:8042/instances/b555c35c-07d93943-ee1af30e-960c4364-d68d607d/preview
443,11680,peripheral,val,CTEH,http://192.168.0.19:8042/instances/c095ca06-07191128-f861e982-35caa624-a024d90f/preview
444,11678,peripheral,val,CTEH,http://192.168.0.19:8042/instances/ac0c7ecf-91194f83-e376a1f9-53298f45-2228608c/preview
445,11675,central,val,CTEH,http://192.168.0.19:8042/instances/1fe23722-234c1c04-318b2317-d16d95cb-fc6622b6/preview
446,11661,peripheral,val,CTEH,http://192.168.0.19:8042/instances/23bc0d5d-56bcd50a-7e79bf6b-be260fb3-b08b1f06/preview
447,11653,peripheral,val,CTEH,http://192.168.0.19:8042/instances/6f2e73a2-292c62ea-8f8ffb3c-2bd7a35c-cbac4609/preview
448,11645,central,val,CTEH,http://192.168.0.19:8042/instances/0bbf119e-4bd41a79-b7ff71c3-522292ee-c1484ef8/preview
449,11641,central,val,CTEH,http://192.168.0.19:8042/instances/344b45c2-785e33dc-2e55491a-597f1418-ed24f45d/preview
450,11632,central,val,CTEH,http://192.168.0.19:8042/instances/285c3a18-9e71e65a-733d4466-f3fb11ef-2b0def5c/preview
451,11626,peripheral,val,CTEH,http://192.168.0.19:8042/instances/7b3139af-9f32eedc-90d93f72-025be201-c6389f66/preview
452,11618,peripheral,val,CTEH,http://192.168.0.19:8042/instances/1fda5513-15d5a64d-fe0629bc-942f9a3d-810ea135/preview
453,11609,peripheral,val,CTEH,http://192.168.0.19:8042/instances/c2d356bb-22402d0f-a43e5248-f81bcc7f-6fb68dce/preview
454,11602,central,val,CTEH,http://192.168.0.19:8042/instances/97bbc382-9baadc70-c39a2296-f634f067-8a755b66/preview
455,11599,peripheral,val,CTEH,http://192.168.0.19:8042/instances/678a9083-bb65cafa-31baa140-b1a2b7a2-46a1a62c/preview
456,11594,peripheral,val,CTEH,http://192.168.0.19:8042/instances/18027e23-8c3c264b-859d2fd7-d5b63140-a37f8923/preview
457,11588,peripheral,val,CTEH,http://192.168.0.19:8042/instances/e66f4764-75f175b0-9276a549-32382cdb-e20fab1f/preview
458,11539,peripheral,val,CTEH,http://192.168.0.19:8042/instances/a46752fb-46de23df-a356e2b1-450a778c-4381a730/preview
459,11521,peripheral,val,CTEH,http://192.168.0.19:8042/instances/4bf1ddd8-b0b7d2d1-d3b924bf-cb0eb182-082cfb45/preview
460,11587,peripheral,val,CTEH,http://192.168.0.19:8042/instances/ec72d78d-ec13d94b-e7bd7407-f68882dc-c5ac1fd0/preview
461,11582,peripheral,val,CTEH,http://192.168.0.19:8042/instances/818fc42b-66dc5378-803d93d8-01800096-ddb948d5/preview
462,11566,peripheral,val,CTEH,http://192.168.0.19:8042/instances/fc2ee994-fb9bf973-dd1f823b-131fb2fa-f5d4c321/preview
463,11562,peripheral,val,CTEH,http://192.168.0.19:8042/instances/8fac3a2f-304a4871-92bfd106-81bc30a2-d3ff3aa0/preview
464,11558,peripheral,val,CTEH,http://192.168.0.19:8042/instances/a17e4785-5fb29c96-caac629a-88711da7-8572df70/preview
465,11547,central,val,CTEH,http://192.168.0.19:8042/instances/31c7ba38-71e0ebb8-cb73aea2-94770309-44dec961/preview
