Unnamed: 0,ID,label_odm,train_val_predict,src,URL
71,11970,macula,train,CTEH,http://192.168.0.19:8042/instances/c48d2285-52eba47d-6cd58546-af38d3c6-8df92d8a/preview
126,12887,macula,train,BAIDU,http://192.168.0.21:8080/data/local-files/?d=BAIDU/BAIDU-A0017.jpg
127,12885,macula,train,BAIDU,http://192.168.0.21:8080/data/local-files/?d=BAIDU/BAIDU-A0020.jpg
128,12865,macula,train,BAIDU,http://192.168.0.21:8080/data/local-files/?d=BAIDU/BAIDU-A0042.jpg
129,12866,macula,train,BAIDU,http://192.168.0.21:8080/data/local-files/?d=BAIDU/BAIDU-A0041.jpg
130,12864,macula,train,BAIDU,http://192.168.0.21:8080/data/local-files/?d=BAIDU/BAIDU-A0043.jpg
131,12862,macula,train,BAIDU,http://192.168.0.21:8080/data/local-files/?d=BAIDU/BAIDU-A0045.jpg
132,12860,macula,train,BAIDU,http://192.168.0.21:8080/data/local-files/?d=BAIDU/BAIDU-A0047.jpg
133,12858,macula,train,BAIDU,http://192.168.0.21:8080/data/local-files/?d=BAIDU/BAIDU-A0049.jpg
134,12856,macula,train,BAIDU,http://192.168.0.21:8080/data/local-files/?d=BAIDU/BAIDU-A0051.jpg
135,12850,macula,train,BAIDU,http://192.168.0.21:8080/data/local-files/?d=BAIDU/BAIDU-A0058.jpg
136,12843,macula,train,BAIDU,http://192.168.0.21:8080/data/local-files/?d=BAIDU/BAIDU-A0065.jpg
137,12837,macula,train,BAIDU,http://192.168.0.21:8080/data/local-files/?d=BAIDU/BAIDU-A0072.jpg
138,12834,macula,train,BAIDU,http://192.168.0.21:8080/data/local-files/?d=BAIDU/BAIDU-A0075.jpg
139,12833,macula,train,BAIDU,http://192.168.0.21:8080/data/local-files/?d=BAIDU/BAIDU-A0076.jpg
140,12832,macula,train,BAIDU,http://192.168.0.21:8080/data/local-files/?d=BAIDU/BAIDU-A0077.jpg
141,12828,macula,train,BAIDU,http://192.168.0.21:8080/data/local-files/?d=BAIDU/BAIDU-A0082.jpg
142,12809,macula,train,BAIDU,http://192.168.0.21:8080/data/local-files/?d=BAIDU/BAIDU-N0013.jpg
143,12796,macula,train,BAIDU,http://192.168.0.21:8080/data/local-files/?d=BAIDU/BAIDU-N0030.jpg
144,12792,macula,train,BAIDU,http://192.168.0.21:8080/data/local-files/?d=BAIDU/BAIDU-N0034.jpg
145,12791,macula,train,BAIDU,http://192.168.0.21:8080/data/local-files/?d=BAIDU/BAIDU-N0035.jpg
146,12780,macula,train,BAIDU,http://192.168.0.21:8080/data/local-files/?d=BAIDU/BAIDU-N0048.jpg
147,12776,macula,train,BAIDU,http://192.168.0.21:8080/data/local-files/?d=BAIDU/BAIDU-N0052.jpg
148,12775,macula,train,BAIDU,http://192.168.0.21:8080/data/local-files/?d=BAIDU/BAIDU-N0053.jpg
149,12737,od,train,BAIDU,http://192.168.0.21:8080/data/local-files/?d=BAIDU/BAIDU-N0099.jpg
150,12735,macula,train,BAIDU,http://192.168.0.21:8080/data/local-files/?d=BAIDU/BAIDU-N0101.jpg
151,12732,macula,train,BAIDU,http://192.168.0.21:8080/data/local-files/?d=BAIDU/BAIDU-N0104.jpg
152,12730,macula,train,BAIDU,http://192.168.0.21:8080/data/local-files/?d=BAIDU/BAIDU-N0106.jpg
153,12727,macula,train,BAIDU,http://192.168.0.21:8080/data/local-files/?d=BAIDU/BAIDU-N0112.jpg
154,12723,macula,train,BAIDU,http://192.168.0.21:8080/data/local-files/?d=BAIDU/BAIDU-N0116.jpg
155,12722,macula,train,BAIDU,http://192.168.0.21:8080/data/local-files/?d=BAIDU/BAIDU-N0118.jpg
156,12721,macula,train,BAIDU,http://192.168.0.21:8080/data/local-files/?d=BAIDU/BAIDU-N0119.jpg
157,12720,macula,train,BAIDU,http://192.168.0.21:8080/data/local-files/?d=BAIDU/BAIDU-N0120.jpg
158,12688,macula,train,BAIDU,http://192.168.0.21:8080/data/local-files/?d=BAIDU/BAIDU-N0156.jpg
159,12716,macula,train,BAIDU,http://192.168.0.21:8080/data/local-files/?d=BAIDU/BAIDU-N0126.jpg
160,12687,macula,train,BAIDU,http://192.168.0.21:8080/data/local-files/?d=BAIDU/BAIDU-N0157.jpg
161,12686,macula,train,BAIDU,http://192.168.0.21:8080/data/local-files/?d=BAIDU/BAIDU-N0159.jpg
162,12685,macula,train,BAIDU,http://192.168.0.21:8080/data/local-files/?d=BAIDU/BAIDU-N0160.jpg
163,12684,macula,train,BAIDU,http://192.168.0.21:8080/data/local-files/?d=BAIDU/BAIDU-N0161.jpg
164,12683,macula,train,BAIDU,http://192.168.0.21:8080/data/local-files/?d=BAIDU/BAIDU-N0164.jpg
165,12682,macula,train,BAIDU,http://192.168.0.21:8080/data/local-files/?d=BAIDU/BAIDU-N0165.jpg
166,12681,macula,train,BAIDU,http://192.168.0.21:8080/data/local-files/?d=BAIDU/BAIDU-N0166.jpg
167,12680,macula,train,BAIDU,http://192.168.0.21:8080/data/local-files/?d=BAIDU/BAIDU-N0167.jpg
168,12679,macula,train,BAIDU,http://192.168.0.21:8080/data/local-files/?d=BAIDU/BAIDU-N0168.jpg
169,12678,macula,train,BAIDU,http://192.168.0.21:8080/data/local-files/?d=BAIDU/BAIDU-N0169.jpg
170,12677,macula,train,BAIDU,http://192.168.0.21:8080/data/local-files/?d=BAIDU/BAIDU-N0170.jpg
171,12676,macula,train,BAIDU,http://192.168.0.21:8080/data/local-files/?d=BAIDU/BAIDU-N0171.jpg
172,12675,macula,train,BAIDU,http://192.168.0.21:8080/data/local-files/?d=BAIDU/BAIDU-N0172.jpg
173,12674,macula,train,BAIDU,http://192.168.0.21:8080/data/local-files/?d=BAIDU/BAIDU-N0173.jpg
174,12673,macula,train,BAIDU,http://192.168.0.21:8080/data/local-files/?d=BAIDU/BAIDU-N0174.jpg
175,12672,macula,train,BAIDU,http://192.168.0.21:8080/data/local-files/?d=BAIDU/BAIDU-N0175.jpg
176,12671,macula,train,BAIDU,http://192.168.0.21:8080/data/local-files/?d=BAIDU/BAIDU-N0176.jpg
177,12670,macula,train,BAIDU,http://192.168.0.21:8080/data/local-files/?d=BAIDU/BAIDU-N0177.jpg
178,12669,macula,train,BAIDU,http://192.168.0.21:8080/data/local-files/?d=BAIDU/BAIDU-N0178.jpg
179,12668,macula,train,BAIDU,http://192.168.0.21:8080/data/local-files/?d=BAIDU/BAIDU-N0179.jpg
180,12667,macula,train,BAIDU,http://192.168.0.21:8080/data/local-files/?d=BAIDU/BAIDU-N0180.jpg
181,12666,macula,train,BAIDU,http://192.168.0.21:8080/data/local-files/?d=BAIDU/BAIDU-N0181.jpg
182,12665,macula,train,BAIDU,http://192.168.0.21:8080/data/local-files/?d=BAIDU/BAIDU-N0182.jpg
183,12664,macula,train,BAIDU,http://192.168.0.21:8080/data/local-files/?d=BAIDU/BAIDU-N0183.jpg
184,12663,macula,train,BAIDU,http://192.168.0.21:8080/data/local-files/?d=BAIDU/BAIDU-N0184.jpg
185,12662,macula,train,BAIDU,http://192.168.0.21:8080/data/local-files/?d=BAIDU/BAIDU-N0185.jpg
186,12661,macula,train,BAIDU,http://192.168.0.21:8080/data/local-files/?d=BAIDU/BAIDU-N0186.jpg
187,12660,macula,train,BAIDU,http://192.168.0.21:8080/data/local-files/?d=BAIDU/BAIDU-N0188.jpg
188,12659,macula,train,BAIDU,http://192.168.0.21:8080/data/local-files/?d=BAIDU/BAIDU-N0189.jpg
189,12638,macula,train,BAIDU,http://192.168.0.21:8080/data/local-files/?d=BAIDU/BAIDU-N0217.jpg
190,12637,macula,train,BAIDU,http://192.168.0.21:8080/data/local-files/?d=BAIDU/BAIDU-N0218.jpg
191,12636,macula,train,BAIDU,http://192.168.0.21:8080/data/local-files/?d=BAIDU/BAIDU-N0220.jpg
192,12635,macula,train,BAIDU,http://192.168.0.21:8080/data/local-files/?d=BAIDU/BAIDU-N0221.jpg
193,12634,macula,train,BAIDU,http://192.168.0.21:8080/data/local-files/?d=BAIDU/BAIDU-N0224.jpg
194,12633,macula,train,BAIDU,http://192.168.0.21:8080/data/local-files/?d=BAIDU/BAIDU-N0225.jpg
195,12632,macula,train,BAIDU,http://192.168.0.21:8080/data/local-files/?d=BAIDU/BAIDU-N0226.jpg
196,12631,macula,train,BAIDU,http://192.168.0.21:8080/data/local-files/?d=BAIDU/BAIDU-N0227.jpg
197,12630,macula,train,BAIDU,http://192.168.0.21:8080/data/local-files/?d=BAIDU/BAIDU-N0228.jpg
198,12629,macula,train,BAIDU,http://192.168.0.21:8080/data/local-files/?d=BAIDU/BAIDU-N0229.jpg
199,12628,macula,train,BAIDU,http://192.168.0.21:8080/data/local-files/?d=BAIDU/BAIDU-N0230.jpg
200,12627,macula,train,BAIDU,http://192.168.0.21:8080/data/local-files/?d=BAIDU/BAIDU-N0231.jpg
201,12626,macula,train,BAIDU,http://192.168.0.21:8080/data/local-files/?d=BAIDU/BAIDU-N0232.jpg
202,12624,macula,train,BAIDU,http://192.168.0.21:8080/data/local-files/?d=BAIDU/BAIDU-N0235.jpg
203,12623,macula,train,BAIDU,http://192.168.0.21:8080/data/local-files/?d=BAIDU/BAIDU-N0236.jpg
204,12622,macula,train,BAIDU,http://192.168.0.21:8080/data/local-files/?d=BAIDU/BAIDU-N0237.jpg
205,12621,macula,train,BAIDU,http://192.168.0.21:8080/data/local-files/?d=BAIDU/BAIDU-N0239.jpg
206,12619,macula,train,BAIDU,http://192.168.0.21:8080/data/local-files/?d=BAIDU/BAIDU-N0242.jpg
207,12618,macula,train,BAIDU,http://192.168.0.21:8080/data/local-files/?d=BAIDU/BAIDU-N0243.jpg
208,12617,macula,train,BAIDU,http://192.168.0.21:8080/data/local-files/?d=BAIDU/BAIDU-N0244.jpg
209,12616,macula,train,BAIDU,http://192.168.0.21:8080/data/local-files/?d=BAIDU/BAIDU-N0246.jpg
210,12594,macula,train,BAIDU,http://192.168.0.21:8080/data/local-files/?d=BAIDU/BAIDU-N0269.jpg
211,12593,macula,train,BAIDU,http://192.168.0.21:8080/data/local-files/?d=BAIDU/BAIDU-N0271.jpg
212,12592,macula,train,BAIDU,http://192.168.0.21:8080/data/local-files/?d=BAIDU/BAIDU-N0272.jpg
213,12591,macula,train,BAIDU,http://192.168.0.21:8080/data/local-files/?d=BAIDU/BAIDU-N0273.jpg
214,12589,macula,train,BAIDU,http://192.168.0.21:8080/data/local-files/?d=BAIDU/BAIDU-N0276.jpg
215,12590,macula,train,BAIDU,http://192.168.0.21:8080/data/local-files/?d=BAIDU/BAIDU-N0275.jpg
216,12588,macula,train,BAIDU,http://192.168.0.21:8080/data/local-files/?d=BAIDU/BAIDU-N0277.jpg
217,12587,macula,train,BAIDU,http://192.168.0.21:8080/data/local-files/?d=BAIDU/BAIDU-N0278.jpg
218,12586,macula,train,BAIDU,http://192.168.0.21:8080/data/local-files/?d=BAIDU/BAIDU-N0279.jpg
219,12585,macula,train,BAIDU,http://192.168.0.21:8080/data/local-files/?d=BAIDU/BAIDU-N0280.jpg
220,12584,macula,train,BAIDU,http://192.168.0.21:8080/data/local-files/?d=BAIDU/BAIDU-N0283.jpg
221,12583,macula,train,BAIDU,http://192.168.0.21:8080/data/local-files/?d=BAIDU/BAIDU-N0284.jpg
222,12582,macula,train,BAIDU,http://192.168.0.21:8080/data/local-files/?d=BAIDU/BAIDU-N0285.jpg
223,12581,macula,train,BAIDU,http://192.168.0.21:8080/data/local-files/?d=BAIDU/BAIDU-N0286.jpg
224,12580,macula,train,BAIDU,http://192.168.0.21:8080/data/local-files/?d=BAIDU/BAIDU-N0287.jpg
225,12579,macula,train,BAIDU,http://192.168.0.21:8080/data/local-files/?d=BAIDU/BAIDU-N0288.jpg
226,12578,macula,train,BAIDU,http://192.168.0.21:8080/data/local-files/?d=BAIDU/BAIDU-N0289.jpg
227,12577,macula,train,BAIDU,http://192.168.0.21:8080/data/local-files/?d=BAIDU/BAIDU-N0290.jpg
228,12576,macula,train,BAIDU,http://192.168.0.21:8080/data/local-files/?d=BAIDU/BAIDU-N0291.jpg
229,12575,macula,train,BAIDU,http://192.168.0.21:8080/data/local-files/?d=BAIDU/BAIDU-N0293.jpg
230,12574,macula,train,BAIDU,http://192.168.0.21:8080/data/local-files/?d=BAIDU/BAIDU-N0294.jpg
231,12573,macula,train,BAIDU,http://192.168.0.21:8080/data/local-files/?d=BAIDU/BAIDU-N0295.jpg
232,12572,macula,train,BAIDU,http://192.168.0.21:8080/data/local-files/?d=BAIDU/BAIDU-N0297.jpg
233,12571,macula,train,BAIDU,http://192.168.0.21:8080/data/local-files/?d=BAIDU/BAIDU-N0298.jpg
234,12570,macula,train,BAIDU,http://192.168.0.21:8080/data/local-files/?d=BAIDU/BAIDU-N0299.jpg
235,12569,macula,train,BAIDU,http://192.168.0.21:8080/data/local-files/?d=BAIDU/BAIDU-N0301.jpg
236,12568,macula,train,BAIDU,http://192.168.0.21:8080/data/local-files/?d=BAIDU/BAIDU-N0302.jpg
237,12567,macula,train,BAIDU,http://192.168.0.21:8080/data/local-files/?d=BAIDU/BAIDU-N0303.jpg
238,12566,macula,train,BAIDU,http://192.168.0.21:8080/data/local-files/?d=BAIDU/BAIDU-N0305.jpg
239,12565,macula,train,BAIDU,http://192.168.0.21:8080/data/local-files/?d=BAIDU/BAIDU-N0306.jpg
240,12564,macula,train,BAIDU,http://192.168.0.21:8080/data/local-files/?d=BAIDU/BAIDU-N0307.jpg
241,12247,od,train,EYESCAN,http://192.168.0.21:8080/data/local-files/?d=EYESCAN/479_0002CR0D.png
242,12246,od,train,EYESCAN,http://192.168.0.21:8080/data/local-files/?d=EYESCAN/480_0004CL0D.png
243,12244,od,train,EYESCAN,http://192.168.0.21:8080/data/local-files/?d=EYESCAN/482_0004CL0D.png
244,12241,od,train,EYESCAN,http://192.168.0.21:8080/data/local-files/?d=EYESCAN/485_0002CR0D.png
245,12240,macula,train,EYESCAN,http://192.168.0.21:8080/data/local-files/?d=EYESCAN/488_0003CL0D.png
246,12239,macula,train,EYESCAN,http://192.168.0.21:8080/data/local-files/?d=EYESCAN/489_0001CR0D.png
247,12238,od,train,EYESCAN,http://192.168.0.21:8080/data/local-files/?d=EYESCAN/490_0002CR0D.png
248,12237,od,train,EYESCAN,http://192.168.0.21:8080/data/local-files/?d=EYESCAN/491_0004CL0D.png
249,12236,macula,train,EYESCAN,http://192.168.0.21:8080/data/local-files/?d=EYESCAN/493_0001CR0D.png
250,12235,od,train,EYESCAN,http://192.168.0.21:8080/data/local-files/?d=EYESCAN/494_0002CR0D.png
251,12234,od,train,EYESCAN,http://192.168.0.21:8080/data/local-files/?d=EYESCAN/495_0004CL0D.png
252,12233,macula,train,EYESCAN,http://192.168.0.21:8080/data/local-files/?d=EYESCAN/496_0003CL0D.png
253,12231,od,train,EYESCAN,http://192.168.0.21:8080/data/local-files/?d=EYESCAN/498_0002CR0D.png
254,12229,macula,train,EYESCAN,http://192.168.0.21:8080/data/local-files/?d=EYESCAN/500_0003CL0D.png
255,12230,od,train,EYESCAN,http://192.168.0.21:8080/data/local-files/?d=EYESCAN/499_0004CL0D.png
256,12228,null-centered,train,EYESCAN,http://192.168.0.21:8080/data/local-files/?d=EYESCAN/501_0007CR0D.png
257,12226,od,train,EYESCAN,http://192.168.0.21:8080/data/local-files/?d=EYESCAN/503_0002CR0D.png
258,12225,od,train,EYESCAN,http://192.168.0.21:8080/data/local-files/?d=EYESCAN/504_0004CL0D.png
259,12224,od,train,EYESCAN,http://192.168.0.21:8080/data/local-files/?d=EYESCAN/507_0002CR0D.png
260,12223,od,train,EYESCAN,http://192.168.0.21:8080/data/local-files/?d=EYESCAN/508_0004CL0D.png
261,12193,od,train,EYESCAN,http://192.168.0.21:8080/data/local-files/?d=EYESCAN/545_0005CL0D.png
262,12192,macula,train,EYESCAN,http://192.168.0.21:8080/data/local-files/?d=EYESCAN/546_0004CL0D.png
263,12191,od,train,EYESCAN,http://192.168.0.21:8080/data/local-files/?d=EYESCAN/547_0003CL0D.png
264,12190,od,train,EYESCAN,http://192.168.0.21:8080/data/local-files/?d=EYESCAN/548_0001CR0D.png
265,12189,od,train,EYESCAN,http://192.168.0.21:8080/data/local-files/?d=EYESCAN/549_0002CR0D.png
266,12188,od,train,EYESCAN,http://192.168.0.21:8080/data/local-files/?d=EYESCAN/550_0004CL0D.png
267,12187,macula,train,EYESCAN,http://192.168.0.21:8080/data/local-files/?d=EYESCAN/551_0003CL0D.png
268,12185,od,train,EYESCAN,http://192.168.0.21:8080/data/local-files/?d=EYESCAN/553_0002CR0D.png
269,12184,od,train,EYESCAN,http://192.168.0.21:8080/data/local-files/?d=EYESCAN/554_0004CL0D.png
270,12182,macula,train,EYESCAN,http://192.168.0.21:8080/data/local-files/?d=EYESCAN/556_0001CR0D.png
271,12181,od,train,EYESCAN,http://192.168.0.21:8080/data/local-files/?d=EYESCAN/558_0004CL0D.png
272,12180,od,train,EYESCAN,http://192.168.0.21:8080/data/local-files/?d=EYESCAN/559_0003CL0D.png
273,12179,od,train,EYESCAN,http://192.168.0.21:8080/data/local-files/?d=EYESCAN/560_0001CR0D.png
274,12178,od,train,EYESCAN,http://192.168.0.21:8080/data/local-files/?d=EYESCAN/562_0004CL0D.png
275,12177,macula,train,EYESCAN,http://192.168.0.21:8080/data/local-files/?d=EYESCAN/563_0003CL0D.png
276,12176,od,train,EYESCAN,http://192.168.0.21:8080/data/local-files/?d=EYESCAN/564_0004CL0D.png
277,12175,macula,train,EYESCAN,http://192.168.0.21:8080/data/local-files/?d=EYESCAN/565_0003CL0D.png
278,12174,macula,train,EYESCAN,http://192.168.0.21:8080/data/local-files/?d=EYESCAN/566_0001CR0D.png
279,12173,od,train,EYESCAN,http://192.168.0.21:8080/data/local-files/?d=EYESCAN/567_0002CR0D.png
280,12172,macula,train,EYESCAN,http://192.168.0.21:8080/data/local-files/?d=EYESCAN/569_0004CL0D.png
281,12171,macula,train,EYESCAN,http://192.168.0.21:8080/data/local-files/?d=EYESCAN/570_0001CR0D.png
282,12170,od,train,EYESCAN,http://192.168.0.21:8080/data/local-files/?d=EYESCAN/571_0003CR0D.png
283,12169,od,train,EYESCAN,http://192.168.0.21:8080/data/local-files/?d=EYESCAN/572_0004CL0D.png
284,12167,od,train,EYESCAN,http://192.168.0.21:8080/data/local-files/?d=EYESCAN/575_0002CR0D.png
285,12166,od,train,EYESCAN,http://192.168.0.21:8080/data/local-files/?d=EYESCAN/576_0001CR0D.png
286,12165,od,train,EYESCAN,http://192.168.0.21:8080/data/local-files/?d=EYESCAN/577_0002CR0D.png
287,12164,od,train,EYESCAN,http://192.168.0.21:8080/data/local-files/?d=EYESCAN/578_0004CL0D.png
288,12154,od,train,EYESCAN,http://192.168.0.21:8080/data/local-files/?d=EYESCAN/591_0002CR0D.png
289,12153,macula,train,EYESCAN,http://192.168.0.21:8080/data/local-files/?d=EYESCAN/592_0001CR0D.png
290,12152,od,train,EYESCAN,http://192.168.0.21:8080/data/local-files/?d=EYESCAN/593_0002CR0D.png
291,12151,od,train,EYESCAN,http://192.168.0.21:8080/data/local-files/?d=EYESCAN/595_0003CL0D.png
292,12150,od,train,EYESCAN,http://192.168.0.21:8080/data/local-files/?d=EYESCAN/596_0004CL0D.png
293,12149,macula,train,EYESCAN,http://192.168.0.21:8080/data/local-files/?d=EYESCAN/597_0003CL0D.png
294,12148,macula,train,EYESCAN,http://192.168.0.21:8080/data/local-files/?d=EYESCAN/598_0001CR0D.png
295,12147,od,train,EYESCAN,http://192.168.0.21:8080/data/local-files/?d=EYESCAN/599_0002CR0D.png
296,12146,od,train,EYESCAN,http://192.168.0.21:8080/data/local-files/?d=EYESCAN/600_0002CL0D.png
297,12145,macula,train,EYESCAN,http://192.168.0.21:8080/data/local-files/?d=EYESCAN/601_0001CL0D.png
298,12144,macula,train,EYESCAN,http://192.168.0.21:8080/data/local-files/?d=EYESCAN/604_0001CR0D.png
299,12143,od,train,EYESCAN,http://192.168.0.21:8080/data/local-files/?d=EYESCAN/605_0002CR0D.png
300,12142,macula,train,EYESCAN,http://192.168.0.21:8080/data/local-files/?d=EYESCAN/607_0003CL0D.png
301,12141,macula,train,EYESCAN,http://192.168.0.21:8080/data/local-files/?d=EYESCAN/608_0001CR0D.png
302,12139,od,train,EYESCAN,http://192.168.0.21:8080/data/local-files/?d=EYESCAN/612_0005CL0D.png
303,12138,macula,train,EYESCAN,http://192.168.0.21:8080/data/local-files/?d=EYESCAN/614_0001CR0D.png
304,12137,od,train,EYESCAN,http://192.168.0.21:8080/data/local-files/?d=EYESCAN/615_0002CR0D.png
305,12136,od,train,EYESCAN,http://192.168.0.21:8080/data/local-files/?d=EYESCAN/616_0004CL0D.png
306,12134,macula,train,EYESCAN,http://192.168.0.21:8080/data/local-files/?d=EYESCAN/618_0001CR0D.png
307,12133,od,train,EYESCAN,http://192.168.0.21:8080/data/local-files/?d=EYESCAN/620_0004CL0D.png
308,12132,macula,train,EYESCAN,http://192.168.0.21:8080/data/local-files/?d=EYESCAN/621_0003CL0D.png
309,12131,od,train,EYESCAN,http://192.168.0.21:8080/data/local-files/?d=EYESCAN/622_0001CR0D.png
310,12130,macula,train,EYESCAN,http://192.168.0.21:8080/data/local-files/?d=EYESCAN/624_0006CL0D.png
311,12129,od,train,EYESCAN,http://192.168.0.21:8080/data/local-files/?d=EYESCAN/625_0007CL0D.png
312,12128,macula,train,EYESCAN,http://192.168.0.21:8080/data/local-files/?d=EYESCAN/626_0004CR0D.png
313,12127,macula,train,EYESCAN,http://192.168.0.21:8080/data/local-files/?d=EYESCAN/628_0001CR0D.png
314,12126,od,train,EYESCAN,http://192.168.0.21:8080/data/local-files/?d=EYESCAN/629_0002CR0D.png
315,12125,od,train,EYESCAN,http://192.168.0.21:8080/data/local-files/?d=EYESCAN/630_0004CL0D.png
316,11928,od,train,CTEH,http://192.168.0.19:8042/instances/97c848b8-4607f46e-67e6254f-5a3a7ac0-42946cb0/preview
317,11920,null-centered,train,CTEH,http://192.168.0.19:8042/instances/3129f7af-3d8a5e94-6d457bdb-e60599fe-d5093479/preview
318,11918,macula,train,CTEH,http://192.168.0.19:8042/instances/bf6ab430-9ffac3e7-7cee185f-28c96a4d-dcb41382/preview
319,11917,macula,train,CTEH,http://192.168.0.19:8042/instances/f69f6823-8c9cecc1-09264f34-b203ec89-e2a00166/preview
320,11913,null-centered,train,CTEH,http://192.168.0.19:8042/instances/37d7890a-1be0766a-d60c272e-829bbc89-ff7d3363/preview
321,11909,macula,train,CTEH,http://192.168.0.19:8042/instances/9c0b37ae-829bc570-dec3e5cb-7f934744-f089dc62/preview
322,11908,macula,train,CTEH,http://192.168.0.19:8042/instances/45d6e692-eee429c9-cb439bc1-09215418-76530c95/preview
323,11907,null-centered,train,CTEH,http://192.168.0.19:8042/instances/0c343f4c-4513b81d-18865dfd-9fa7ac16-b2be421d/preview
324,11901,od,train,CTEH,http://192.168.0.19:8042/instances/f3d5730c-4083124d-08c97feb-1641aaee-e7b18c65/preview
325,11891,macula,train,CTEH,http://192.168.0.19:8042/instances/a3364500-1df61375-660a5a8c-3029368f-3a1ae2ed/preview
326,11890,od,train,CTEH,http://192.168.0.19:8042/instances/4ad66ed3-77000969-7cac1a77-bce97c9b-c9798a6e/preview
327,11887,null-centered,train,CTEH,http://192.168.0.19:8042/instances/519588b3-46c5f3f7-6dc84a17-81a85329-7012769a/preview
328,11885,null-centered,train,CTEH,http://192.168.0.19:8042/instances/3c4c6283-d973a685-0bbf94fc-57220d85-211eb777/preview
329,11882,null-centered,train,CTEH,http://192.168.0.19:8042/instances/0a2ab73e-efcc75cc-c18b0491-258832bf-11cf8a3d/preview
330,11880,macula,train,CTEH,http://192.168.0.19:8042/instances/956e6c00-d8e171be-2a95ada0-7027857c-11f2423d/preview
331,11877,null-centered,train,CTEH,http://192.168.0.19:8042/instances/06599611-97b611ff-67cdb5b2-230a1e13-8e87bf69/preview
332,11868,null-centered,train,CTEH,http://192.168.0.19:8042/instances/3deb4ec0-bccfca04-ccde17fa-58501e95-69485f75/preview
333,11863,null-centered,train,CTEH,http://192.168.0.19:8042/instances/8fd5935a-358d2ea8-3cda9f8d-66f7129e-9fceaef4/preview
334,11839,macula,train,CTEH,http://192.168.0.19:8042/instances/6e381dfc-1ca56d98-61ba4d21-2ddfb455-7e4d3d1d/preview
335,11838,od,train,CTEH,http://192.168.0.19:8042/instances/b19fad63-b80db989-621c006a-7c424519-ca747612/preview
336,11840,macula,train,CTEH,http://192.168.0.19:8042/instances/8fce532e-730d0f32-96312f02-7dba080d-3c4a2bf7/preview
337,11831,null-centered,train,CTEH,http://192.168.0.19:8042/instances/40eebbeb-1401efa7-5c723094-a00631c2-5d0c860f/preview
338,11828,null-centered,train,CTEH,http://192.168.0.19:8042/instances/f5c52119-a9f1df16-2fb1961a-317ceba0-36363a1a/preview
339,11818,null-centered,train,CTEH,http://192.168.0.19:8042/instances/4ff770c8-d8cc3c4b-8f7748a3-9d41da03-b3445132/preview
340,11816,null-centered,train,CTEH,http://192.168.0.19:8042/instances/414b22b1-5c17f178-ca75e963-067fa9c7-3f352f4b/preview
341,11814,od,train,CTEH,http://192.168.0.19:8042/instances/559a98e6-3c615692-77297c22-4ebb24dd-2060423d/preview
342,11804,macula,train,CTEH,http://192.168.0.19:8042/instances/ff2e3743-31cd9f6e-4d05274e-26b11852-67b9ff6e/preview
343,11770,null-centered,train,CTEH,http://192.168.0.19:8042/instances/aac1b1ce-b032296a-6cbc87c6-04c2a481-e098b6ae/preview
344,11768,null-centered,train,CTEH,http://192.168.0.19:8042/instances/827d8549-0567bc17-7f1ae825-3bbb8dcd-a7c62d64/preview
345,11765,null-centered,train,CTEH,http://192.168.0.19:8042/instances/f7264395-672debd2-00434426-644f18c7-bf2f9d93/preview
346,11762,null-centered,train,CTEH,http://192.168.0.19:8042/instances/8f111ece-426226ed-98dc1c4c-2b0bc47f-7f5144b4/preview
347,11758,null-centered,train,CTEH,http://192.168.0.19:8042/instances/c46af212-7c50f977-d171178d-6d276128-1758dce3/preview
348,11755,macula,train,CTEH,http://192.168.0.19:8042/instances/335becf6-2990eb07-a031cf63-a28f8551-11dec1fd/preview
349,11746,macula,train,CTEH,http://192.168.0.19:8042/instances/f77f7c61-afdc1efe-06ab28b5-44a2e8f0-ea4b30e5/preview
350,11747,null-centered,train,CTEH,http://192.168.0.19:8042/instances/137d9839-5737aab3-0393312d-18fad11b-03e368dd/preview
351,11739,null-centered,train,CTEH,http://192.168.0.19:8042/instances/f71abbbb-02a45598-4ba2984a-3747ede6-37bc46b5/preview
352,11735,null-centered,train,CTEH,http://192.168.0.19:8042/instances/d4816740-58bafd7e-1b69ed30-cadcc6d4-80c19dc2/preview
353,11692,null-centered,train,CTEH,http://192.168.0.19:8042/instances/44d806d7-c2ce423c-f40236df-c3c5e9e8-cdc8b856/preview
354,11690,null-centered,train,CTEH,http://192.168.0.19:8042/instances/b555c35c-07d93943-ee1af30e-960c4364-d68d607d/preview
355,11687,null-centered,train,CTEH,http://192.168.0.19:8042/instances/15ca0a75-3b01a524-b1ec6dab-d24af7cd-c935cc49/preview
356,11686,null-centered,train,CTEH,http://192.168.0.19:8042/instances/6f153a93-1bcf19fe-7b589fa0-8a2e035a-84480e4f/preview
357,11685,null-centered,train,CTEH,http://192.168.0.19:8042/instances/47dd1432-62124ad5-12829c91-582be213-b573dfdf/preview
358,11682,null-centered,train,CTEH,http://192.168.0.19:8042/instances/2f0ddd8e-55742496-80f38977-a52e5597-2449d1e2/preview
359,11681,null-centered,train,CTEH,http://192.168.0.19:8042/instances/5b6f9d3b-61cf84f7-8847e70d-1509f72f-67565ea6/preview
360,11680,null-centered,train,CTEH,http://192.168.0.19:8042/instances/c095ca06-07191128-f861e982-35caa624-a024d90f/preview
361,11679,null-centered,train,CTEH,http://192.168.0.19:8042/instances/98f9c0d1-fee70ed0-0009fbeb-04a8bab0-ebcc464c/preview
362,11674,macula,train,CTEH,http://192.168.0.19:8042/instances/d7aeccad-ad6c4465-7befc6ae-b4597675-4146660d/preview
363,11673,null-centered,train,CTEH,http://192.168.0.19:8042/instances/8c62a6fb-aaf559a8-468864db-3bccd1b4-4f31ebb5/preview
364,11670,null-centered,train,CTEH,http://192.168.0.19:8042/instances/efd82e83-f042a9d1-b50f316b-f548d6f4-5f6bb18c/preview
365,11663,null-centered,train,CTEH,http://192.168.0.19:8042/instances/c55dfa0e-d9f9e899-87e985d1-da1302e9-8b1fd689/preview
366,11661,null-centered,train,CTEH,http://192.168.0.19:8042/instances/23bc0d5d-56bcd50a-7e79bf6b-be260fb3-b08b1f06/preview
367,11660,macula,train,CTEH,http://192.168.0.19:8042/instances/d2a79e39-24148be3-f6c05cb1-2fff423c-d2bf5327/preview
368,11659,null-centered,train,CTEH,http://192.168.0.19:8042/instances/60fea5da-14213bb8-6ce80a36-e004b0f3-7d7d01dd/preview
369,11658,macula,train,CTEH,http://192.168.0.19:8042/instances/3160c580-35aaa568-54e261c0-00ef5da9-e6e17698/preview
370,11657,macula,train,CTEH,http://192.168.0.19:8042/instances/6525b191-1a594fbc-e83b1f4b-21cd0162-fbf5c5fe/preview
371,11656,od,train,CTEH,http://192.168.0.19:8042/instances/7d782959-613a4284-2ccd6b47-3ce065de-d5dcd671/preview
372,11655,od,train,CTEH,http://192.168.0.19:8042/instances/2d47e8fa-dbfc30ec-6a4458d9-a1f67da7-9dcdf6f9/preview
373,11654,null-centered,train,CTEH,http://192.168.0.19:8042/instances/36d4c34c-4fd44a66-6d07ecf4-f1683b24-edbdd21e/preview
374,11653,null-centered,train,CTEH,http://192.168.0.19:8042/instances/6f2e73a2-292c62ea-8f8ffb3c-2bd7a35c-cbac4609/preview
375,11645,macula,train,CTEH,http://192.168.0.19:8042/instances/0bbf119e-4bd41a79-b7ff71c3-522292ee-c1484ef8/preview
376,11643,od,train,CTEH,http://192.168.0.19:8042/instances/c3f2429d-850e8904-8bdec180-b87867a0-f5ee320f/preview
377,11644,macula,train,CTEH,http://192.168.0.19:8042/instances/e1a51601-7c5edbc3-1fd09826-da02dbe0-5599a725/preview
378,11642,od,train,CTEH,http://192.168.0.19:8042/instances/800c4707-20372018-63855a0b-e77659c7-15c6453f/preview
379,11640,od,train,CTEH,http://192.168.0.19:8042/instances/36895927-1b9fdf56-69274ea7-c9fc785b-2af9abe0/preview
380,11639,null-centered,train,CTEH,http://192.168.0.19:8042/instances/ee72c916-5a4321dc-452515bb-8136bedb-3dd467d8/preview
381,11638,null-centered,train,CTEH,http://192.168.0.19:8042/instances/06ff55ce-297b4a9b-a97a2c55-a180bb78-d30cd8d8/preview
382,11635,null-centered,train,CTEH,http://192.168.0.19:8042/instances/e91d1b79-290976e9-6dba6f78-8162e299-f7fac460/preview
383,11633,macula,train,CTEH,http://192.168.0.19:8042/instances/82585a53-320aadfe-5fbbb30c-b3c1c5fa-123c9f60/preview
384,11627,macula,train,CTEH,http://192.168.0.19:8042/instances/033eb66d-6fba1710-50f2564e-e2e21257-4fefaa9d/preview
385,11610,null-centered,train,CTEH,http://192.168.0.19:8042/instances/fff502e5-33dcb09e-fcf294b3-870220ce-ac3963ff/preview
386,11602,macula,train,CTEH,http://192.168.0.19:8042/instances/97bbc382-9baadc70-c39a2296-f634f067-8a755b66/preview
387,11597,null-centered,train,CTEH,http://192.168.0.19:8042/instances/48f1d0e0-ba42dd3f-0b6a3a03-9cd10181-08d1bd3f/preview
388,11593,od,train,CTEH,http://192.168.0.19:8042/instances/2dcf1a44-d3ffb718-0857b8ff-529201de-084ac83c/preview
389,11591,macula,train,CTEH,http://192.168.0.19:8042/instances/6d423656-a009275e-19fd6a02-4f47ffb8-d18ff142/preview
391,11862,null-centered,train,CTEH,http://192.168.0.19:8042/instances/89499449-93df7b53-2cdce201-14fb9024-bf7fcb81/preview
392,11836,null-centered,train,CTEH,http://192.168.0.19:8042/instances/b4780e83-e0ac3f0d-8ca96bd3-235dab1c-68edc417/preview
393,11832,null-centered,train,CTEH,http://192.168.0.19:8042/instances/91d01fbc-0e37365d-be44ee66-2ee8fe58-60c5d18e/preview
394,11829,null-centered,train,CTEH,http://192.168.0.19:8042/instances/920dcbdb-56a0a338-000df695-1b8cc122-bae13eab/preview
395,11826,null-centered,train,CTEH,http://192.168.0.19:8042/instances/a09e5517-47a12641-79b60852-eccfef53-65dd83a3/preview
396,11825,null-centered,train,CTEH,http://192.168.0.19:8042/instances/45f36e0d-63cf1591-23bb5e63-253530fd-7c027a7a/preview
397,11824,od,train,CTEH,http://192.168.0.19:8042/instances/d05bcc53-8846b330-15e6f4c5-24d5839c-1ad1a305/preview
398,11823,od,train,CTEH,http://192.168.0.19:8042/instances/f77d0046-7d0809c9-8acce73e-c1d15811-103e779c/preview
399,11822,macula,train,CTEH,http://192.168.0.19:8042/instances/203f75c3-32c789f0-643db928-c4365ac2-7e419b9e/preview
400,11821,macula,train,CTEH,http://192.168.0.19:8042/instances/e7975cb5-e94b3239-0c13e45a-2a85b744-10c1b4a9/preview
401,11819,null-centered,train,CTEH,http://192.168.0.19:8042/instances/72d5d533-8a9d5c1b-430130f8-beecc935-7791edb0/preview
402,11817,null-centered,train,CTEH,http://192.168.0.19:8042/instances/54ebd289-592221b8-009c24d5-f73f59b7-b8121717/preview
403,11815,null-centered,train,CTEH,http://192.168.0.19:8042/instances/34459654-dc3aa663-c1589536-22dcda4a-8e45195f/preview
404,11813,null-centered,train,CTEH,http://192.168.0.19:8042/instances/7aeb3f20-d7954e2b-be66e6ec-eb951260-a19d219b/preview
405,11812,null-centered,train,CTEH,http://192.168.0.19:8042/instances/5380110f-fc43aaa0-3fcea6cf-43cb7a8a-e74cbc43/preview
406,11811,od,train,CTEH,http://192.168.0.19:8042/instances/0aa984be-c7005d06-6becca57-b79d434a-ce6a6f79/preview
407,11810,od,train,CTEH,http://192.168.0.19:8042/instances/ad0bc530-d8074242-9c9c3fe0-b103fb40-f8571f09/preview
408,11809,od,train,CTEH,http://192.168.0.19:8042/instances/e1340005-c5ccf1b7-c3f4dd2f-e90cb396-b876069b/preview
409,11808,od,train,CTEH,http://192.168.0.19:8042/instances/6ce5c5c0-25407bef-82712072-29ebbce2-68add966/preview
410,11807,null-centered,train,CTEH,http://192.168.0.19:8042/instances/9c833a8b-a3b11583-dbfee8ca-f4e16416-053306ce/preview
411,11792,macula,train,CTEH,http://192.168.0.19:8042/instances/3fd05d24-76d0f8c6-bdfcf6bc-93c8525f-46e990f4/preview
412,11789,null-centered,train,CTEH,http://192.168.0.19:8042/instances/c6083d1e-3ef16922-91147c62-ba8e21b1-d3e08222/preview
413,11788,null-centered,train,CTEH,http://192.168.0.19:8042/instances/349d4b98-bd78d564-5b9c7d9f-29a2bce3-da05f6fb/preview
414,11786,null-centered,train,CTEH,http://192.168.0.19:8042/instances/eff6af4d-6df38be2-8eaae966-e900af05-662b2a95/preview
415,11784,null-centered,train,CTEH,http://192.168.0.19:8042/instances/804946da-b8269f3a-08c2b9c5-1d771106-3e985d3a/preview
416,11783,null-centered,train,CTEH,http://192.168.0.19:8042/instances/f8a9603b-879242c8-8b4aa0a5-41312ddc-1dbcf535/preview
417,11782,macula,train,CTEH,http://192.168.0.19:8042/instances/37217a31-13e21819-5fdea986-e2ab3ee8-fe2eb9cc/preview
418,11781,macula,train,CTEH,http://192.168.0.19:8042/instances/9468c458-74da7673-106e90f3-31800abb-faffe1a6/preview
419,11780,macula,train,CTEH,http://192.168.0.19:8042/instances/b59d09cb-0dd00fb2-da09fe6a-038c541f-f9fd6518/preview
420,11779,macula,train,CTEH,http://192.168.0.19:8042/instances/e085f2a7-c6b22c24-e1f2a27c-1f30a71f-a3a8fe8d/preview
421,11778,macula,train,CTEH,http://192.168.0.19:8042/instances/3851c1ee-b186f373-a61e7b33-e693bc0e-22a99a95/preview
422,11777,od,train,CTEH,http://192.168.0.19:8042/instances/fd3a0470-8f9a0c02-8a2b6b42-94b4094e-81b87d8b/preview
423,11775,macula,train,CTEH,http://192.168.0.19:8042/instances/76fb59b9-6c41c6cc-8adf73d0-eb91347f-6164aac5/preview
424,11772,null-centered,train,CTEH,http://192.168.0.19:8042/instances/a6331194-94177e08-3a62f84d-0e178919-5fd5962f/preview
425,11767,od,train,CTEH,http://192.168.0.19:8042/instances/c2746175-12291f65-8a851935-30e39709-c1d8892c/preview
426,11764,macula,train,CTEH,http://192.168.0.19:8042/instances/a28b9dc3-ca67d71a-0e12f469-3d7769c6-c91b4e40/preview
427,11763,macula,train,CTEH,http://192.168.0.19:8042/instances/18391b3f-63589d97-3c9d3e52-a12f7fb2-86753a28/preview
428,11742,null-centered,train,CTEH,http://192.168.0.19:8042/instances/577a24ce-75e4a312-7be833b2-99243c9d-b8a5b408/preview
429,11743,null-centered,train,CTEH,http://192.168.0.19:8042/instances/837a1e45-42f60d80-33a77938-37c50860-83428141/preview
430,11740,macula,train,CTEH,http://192.168.0.19:8042/instances/6e5b7b7e-2e7a799d-fb00c7d4-03915ac5-c61fb555/preview
431,11741,macula,train,CTEH,http://192.168.0.19:8042/instances/026ee6aa-6836d6da-f495901d-9b10eb1c-242c6d05/preview
432,11736,macula,train,CTEH,http://192.168.0.19:8042/instances/472cb90c-9c65a59a-7e1d9895-e59b774c-95a98ee0/preview
433,11732,od,train,CTEH,http://192.168.0.19:8042/instances/4ea40650-dba6fb1e-4ad3c75a-1fda2723-a6fdf8b6/preview
434,11731,null-centered,train,CTEH,http://192.168.0.19:8042/instances/d194843a-fb8e8851-5757fb31-beda3189-cb03258c/preview
435,11729,null-centered,train,CTEH,http://192.168.0.19:8042/instances/056c55c0-ebd01e61-c9376fd3-55c347b3-0e572b53/preview
436,11728,null-centered,train,CTEH,http://192.168.0.19:8042/instances/de0d6a6d-2e013c6a-0bd47613-67a5742d-2ed48c58/preview
437,11727,null-centered,train,CTEH,http://192.168.0.19:8042/instances/95f76716-62f83a41-6adb2e01-afa4d82b-11b2fee6/preview
438,11726,null-centered,train,CTEH,http://192.168.0.19:8042/instances/a734f49d-c4321007-41bae6cf-80a005d9-ffd9d268/preview
439,11725,macula,train,CTEH,http://192.168.0.19:8042/instances/a52116af-90ccd3cf-87dd6e67-ae5f720b-fbf6e21d/preview
440,11724,macula,train,CTEH,http://192.168.0.19:8042/instances/9bd8e175-d955897d-2b6a8105-759c51cb-8dcc054a/preview
441,11723,macula,train,CTEH,http://192.168.0.19:8042/instances/931ac995-0e94e4ab-9e3dab5e-0ae62dbb-9b3276f3/preview
442,11722,od,train,CTEH,http://192.168.0.19:8042/instances/a531b8fc-2a1e34b4-a138f5a1-5cc7eaea-f409c68a/preview
443,11721,macula,train,CTEH,http://192.168.0.19:8042/instances/bc0d8184-3b7aea99-4fd28362-cf53c6e6-8d441009/preview
444,11720,macula,train,CTEH,http://192.168.0.19:8042/instances/6838553e-e1bd49e6-327011af-bb9f5bcc-22cc3d5c/preview
445,11719,macula,train,CTEH,http://192.168.0.19:8042/instances/6edeb7a0-eef29b8f-fa6c50e9-9621df88-e7d3c92f/preview
446,11717,null-centered,train,CTEH,http://192.168.0.19:8042/instances/210ff88a-c2954a72-c09ca6da-8a2425d3-87435706/preview
447,11715,null-centered,train,CTEH,http://192.168.0.19:8042/instances/f9cdc8f9-26e6e393-193658a2-7956d19e-92b5404a/preview
448,11694,null-centered,train,CTEH,http://192.168.0.19:8042/instances/362211c7-4faf1bcf-3b7e0f41-da482703-0a48e15b/preview
449,11693,null-centered,train,CTEH,http://192.168.0.19:8042/instances/11857183-872d02fd-e8921982-ec0f5d80-97b0379c/preview
450,11691,null-centered,train,CTEH,http://192.168.0.19:8042/instances/447448b5-3c61467b-9d781b60-57118c71-ca9d4729/preview
451,11688,null-centered,train,CTEH,http://192.168.0.19:8042/instances/150c1bd4-b39ccab1-e1ce0f79-297aa937-e9175993/preview
452,11689,macula,train,CTEH,http://192.168.0.19:8042/instances/47c3be37-95490b53-f97072fe-1faa9037-079c653d/preview
453,11684,null-centered,train,CTEH,http://192.168.0.19:8042/instances/a0213422-1c8c8106-011c9615-1aa25386-423eb818/preview
454,11677,null-centered,train,CTEH,http://192.168.0.19:8042/instances/ac6c53ba-fc8b0bde-1ac23e4b-7115e8c8-b4c7593d/preview
455,11678,null-centered,train,CTEH,http://192.168.0.19:8042/instances/ac0c7ecf-91194f83-e376a1f9-53298f45-2228608c/preview
456,11676,macula,train,CTEH,http://192.168.0.19:8042/instances/5a135840-76e06d79-1883267b-3b21338d-399e048e/preview
457,11675,macula,train,CTEH,http://192.168.0.19:8042/instances/1fe23722-234c1c04-318b2317-d16d95cb-fc6622b6/preview
458,11669,null-centered,train,CTEH,http://192.168.0.19:8042/instances/5ab838ea-fdb5180b-fe48c64d-94fefcd7-7bbdfed2/preview
459,11667,null-centered,train,CTEH,http://192.168.0.19:8042/instances/6c490198-f1066031-68d30679-f4ad6f63-cd56d8c8/preview
460,11668,null-centered,train,CTEH,http://192.168.0.19:8042/instances/1289b7da-4151ca1b-3596fdee-9e93164c-bbfe0d6e/preview
461,11671,null-centered,train,CTEH,http://192.168.0.19:8042/instances/d30e6197-58873676-69b68e8e-6e5c7785-179f2f6c/preview
462,11672,null-centered,train,CTEH,http://192.168.0.19:8042/instances/206a115e-e7331b36-40d2ed64-75359061-3736fd47/preview
463,11666,macula,train,CTEH,http://192.168.0.19:8042/instances/3752cdbf-270b208a-01942133-34d2a047-1955c372/preview
464,11632,macula,train,CTEH,http://192.168.0.19:8042/instances/285c3a18-9e71e65a-733d4466-f3fb11ef-2b0def5c/preview
465,11631,macula,train,CTEH,http://192.168.0.19:8042/instances/30d3e6be-0df4cf53-9954e809-0557db44-36400064/preview
466,11630,macula,train,CTEH,http://192.168.0.19:8042/instances/f37b39ce-65588f66-082f1bd9-aa705f86-b6e5d9a2/preview
467,11629,macula,train,CTEH,http://192.168.0.19:8042/instances/1d86ac06-975eb3a5-e71c25f9-487a9047-49772c37/preview
468,11628,macula,train,CTEH,http://192.168.0.19:8042/instances/fc7df5a6-a6a552a1-d48f4b82-12e477cc-9fafd870/preview
469,11624,macula,train,CTEH,http://192.168.0.19:8042/instances/95b67ad1-dfa0558f-fded12d6-f9e5d839-10959b3d/preview
470,11623,macula,train,CTEH,http://192.168.0.19:8042/instances/b70164bf-d6a64c8b-5f00bf6a-28a21e71-111bb642/preview
471,11622,macula,train,CTEH,http://192.168.0.19:8042/instances/829960f8-1f882c46-b41551a9-c59ba1f7-791fcbc4/preview
472,11621,od,train,CTEH,http://192.168.0.19:8042/instances/fa94077a-76b4d9f8-098ce62d-6534c612-591f1cac/preview
473,11620,od,train,CTEH,http://192.168.0.19:8042/instances/5a2a690f-31472084-719dc2c1-7c37888e-0d56b8cb/preview
474,11619,null-centered,train,CTEH,http://192.168.0.19:8042/instances/95365fde-267ec31b-acefdd60-0112a0b9-89397837/preview
475,11616,macula,train,CTEH,http://192.168.0.19:8042/instances/0971fc6e-4b37f66b-f2b84af6-ebe324ef-c546ea0d/preview
476,11615,od,train,CTEH,http://192.168.0.19:8042/instances/9380352b-3222ff05-f1cca4c6-da132825-9df0b119/preview
477,11614,macula,train,CTEH,http://192.168.0.19:8042/instances/c2de19e7-57f33cff-be0d6dcc-ed1329a3-72cda029/preview
478,11613,od,train,CTEH,http://192.168.0.19:8042/instances/96b6cd31-ca0591d5-ab623471-21d61898-82ea8875/preview
479,11612,od,train,CTEH,http://192.168.0.19:8042/instances/8c942b8c-77624255-25020fed-0322e067-0b75b4b8/preview
480,11611,od,train,CTEH,http://192.168.0.19:8042/instances/600e6031-98427f42-1509c932-09da3311-a800c5d6/preview
481,11609,null-centered,train,CTEH,http://192.168.0.19:8042/instances/c2d356bb-22402d0f-a43e5248-f81bcc7f-6fb68dce/preview
482,11608,null-centered,train,CTEH,http://192.168.0.19:8042/instances/5af62d32-c14a0a7d-09e24245-b07e46c3-eb8f4ace/preview
483,11607,null-centered,train,CTEH,http://192.168.0.19:8042/instances/a90863be-21058b3c-81c1a3c4-d50946d2-1d74b661/preview
484,11576,od,train,CTEH,http://192.168.0.19:8042/instances/79764fd7-a24d2eae-65d16e91-8efd66ba-0658230a/preview
485,11575,macula,train,CTEH,http://192.168.0.19:8042/instances/5083610a-950995c1-d345d76e-518cfb36-a60407a3/preview
486,11574,null-centered,train,CTEH,http://192.168.0.19:8042/instances/520fad60-624d21a0-3914ef60-97b86a3e-dd48a7e3/preview
487,11573,od,train,CTEH,http://192.168.0.19:8042/instances/0b1895a9-759291c1-3ff33546-19aafbd9-fd1d2178/preview
488,11572,macula,train,CTEH,http://192.168.0.19:8042/instances/e965c85c-a77904dc-48fd2cd1-b2a86d6c-4f918974/preview
489,11571,macula,train,CTEH,http://192.168.0.19:8042/instances/01a1cdd9-fd852d3e-17764a87-79b65fe2-0f83b175/preview
490,11570,od,train,CTEH,http://192.168.0.19:8042/instances/a00037ba-9d59545c-ab98b5b4-39ee9448-74e2abcd/preview
491,11569,macula,train,CTEH,http://192.168.0.19:8042/instances/bd05d453-d708e639-efe293ef-c7e42fe8-950908a7/preview
492,11568,macula,train,CTEH,http://192.168.0.19:8042/instances/4b2895e3-d23a9c9f-bb8556a9-69236e5c-3d267d05/preview
493,11567,macula,train,CTEH,http://192.168.0.19:8042/instances/62bb0b3b-cd1dc28f-ce35811d-bd267882-c921b3c0/preview
494,11566,macula,train,CTEH,http://192.168.0.19:8042/instances/fc2ee994-fb9bf973-dd1f823b-131fb2fa-f5d4c321/preview
495,11565,macula,train,CTEH,http://192.168.0.19:8042/instances/99ce2cc2-c82a859c-6a28c2e1-5a6a9f12-fd6d2017/preview
496,11564,null-centered,train,CTEH,http://192.168.0.19:8042/instances/448d963e-893cd9ec-f0183836-c8296aed-7fef89dc/preview
497,11563,null-centered,train,CTEH,http://192.168.0.19:8042/instances/f191f727-57fb4a1c-55ac405f-c1fab695-ad66e033/preview
498,11562,macula,train,CTEH,http://192.168.0.19:8042/instances/8fac3a2f-304a4871-92bfd106-81bc30a2-d3ff3aa0/preview
499,11561,od,train,CTEH,http://192.168.0.19:8042/instances/cb790fd6-a75c786e-878848d9-d18804ee-e8be80e8/preview
500,11560,macula,train,CTEH,http://192.168.0.19:8042/instances/e3a30798-2568fc3f-f8ed3f62-6fd37f40-34d9a191/preview
501,11559,macula,train,CTEH,http://192.168.0.19:8042/instances/fd90ce75-8d140442-4219eccf-f72b33b5-10e5918c/preview
502,11558,macula,train,CTEH,http://192.168.0.19:8042/instances/a17e4785-5fb29c96-caac629a-88711da7-8572df70/preview
503,11557,macula,train,CTEH,http://192.168.0.19:8042/instances/d6dd02af-f8f2cc7b-0d1174cc-b71d31be-5cc18a30/preview
504,11556,macula,train,CTEH,http://192.168.0.19:8042/instances/e9f3b168-923cce52-8dfa1256-0c3ebf28-cb94f2d0/preview
505,11555,macula,train,CTEH,http://192.168.0.19:8042/instances/75a9ec33-d691a568-1345df19-f1526e38-782e0cda/preview
506,11554,null-centered,train,CTEH,http://192.168.0.19:8042/instances/272d1bf8-83124654-ded6fa54-0e59fe20-6cae2ef7/preview
507,11553,null-centered,train,CTEH,http://192.168.0.19:8042/instances/3954f0ef-41c1c586-ddb3f5e9-735d0d27-ef3b04ef/preview
508,11549,null-centered,train,CTEH,http://192.168.0.19:8042/instances/02ce2c9a-51415764-937428d5-e3907aac-9c1c54f2/preview
509,11548,null-centered,train,CTEH,http://192.168.0.19:8042/instances/83899a0f-0864295c-6c6fa022-9a83bee4-59c17ccc/preview
510,11547,od,train,CTEH,http://192.168.0.19:8042/instances/31c7ba38-71e0ebb8-cb73aea2-94770309-44dec961/preview
511,11540,null-centered,train,CTEH,http://192.168.0.19:8042/instances/07c9b854-31bded3e-3ba9aa13-94e6165c-691b164c/preview
512,11539,null-centered,train,CTEH,http://192.168.0.19:8042/instances/a46752fb-46de23df-a356e2b1-450a778c-4381a730/preview
513,11538,macula,train,CTEH,http://192.168.0.19:8042/instances/507cb1e4-23c4cba6-f88836c0-4e7be8ea-38b260ee/preview
514,11537,null-centered,train,CTEH,http://192.168.0.19:8042/instances/3523eea5-5164f9e6-af3a6a0e-790bbabe-fe553e97/preview
515,11536,od,train,CTEH,http://192.168.0.19:8042/instances/97e39bb2-bfdbf506-60271e3d-749cba94-61867f55/preview
516,11535,od,train,CTEH,http://192.168.0.19:8042/instances/379257c0-63fe62c8-77219133-fde204d3-f3087d0f/preview
517,11534,null-centered,train,CTEH,http://192.168.0.19:8042/instances/343d632a-e20c0fba-401885f4-e5331231-46489352/preview
518,11533,null-centered,train,CTEH,http://192.168.0.19:8042/instances/af3810c2-bd7f0d71-f6d8c45a-883008ab-b3bd0242/preview
519,11532,null-centered,train,CTEH,http://192.168.0.19:8042/instances/0bbf72a5-3edb9fa9-3f7f148a-5163730f-42db9474/preview
520,11531,null-centered,train,CTEH,http://192.168.0.19:8042/instances/507c0738-e47b0518-2e505f1a-714e98e0-8bd7b5b4/preview
521,11530,null-centered,train,CTEH,http://192.168.0.19:8042/instances/392aa23a-3f3634e2-9bb61fd6-af64948a-08648114/preview
522,11529,od,train,CTEH,http://192.168.0.19:8042/instances/40d2ee94-2da583c4-5bc32359-7a5aed7f-b813abe1/preview
523,11528,null-centered,train,CTEH,http://192.168.0.19:8042/instances/b9f0a99e-0259a505-bc9e44b0-c6bbfa7d-aac5f576/preview
524,11527,null-centered,train,CTEH,http://192.168.0.19:8042/instances/9d3412a5-3957a10b-83652e04-e402bdab-00fae0d3/preview
525,11526,null-centered,train,CTEH,http://192.168.0.19:8042/instances/bbaaccc1-d1cdcc15-fb04da1e-a7877bfd-5caf9702/preview
526,11525,null-centered,train,CTEH,http://192.168.0.19:8042/instances/4be96adb-8502f27d-5a7d5ace-dda1b6b3-c69d5c04/preview
527,11524,null-centered,train,CTEH,http://192.168.0.19:8042/instances/46385119-35fb26cf-5b96c97f-b869ff3a-8c441ca6/preview
528,11523,null-centered,train,CTEH,http://192.168.0.19:8042/instances/f788a70a-6574932c-49a7f431-87a13840-7bdeb203/preview
529,11522,null-centered,train,CTEH,http://192.168.0.19:8042/instances/ea274a69-e0669105-6b5a65c8-217cb5cf-afabb035/preview
530,11521,null-centered,train,CTEH,http://192.168.0.19:8042/instances/4bf1ddd8-b0b7d2d1-d3b924bf-cb0eb182-082cfb45/preview
531,11520,null-centered,train,CTEH,http://192.168.0.19:8042/instances/61124d1c-a2f3e562-89679023-88f22dae-1f15d1f8/preview
532,11519,od,train,CTEH,http://192.168.0.19:8042/instances/05d0ad5c-5b496da0-6525a3a9-74c49877-33d96297/preview
533,11518,macula,train,CTEH,http://192.168.0.19:8042/instances/ed21e347-df853556-d800b939-59bc55d1-b6e3062b/preview
534,11517,od,train,CTEH,http://192.168.0.19:8042/instances/748cde1a-2ee2337e-f36d3035-3dac4d82-0fc0dc71/preview
535,11514,od,train,CTEH,http://192.168.0.19:8042/instances/ca0cf7cd-98781537-11c913a9-51f6a903-2364aaf1/preview
536,11513,od,train,CTEH,http://192.168.0.19:8042/instances/ff79eb3e-0de099eb-9ec4c765-145cc1de-e20ff1f4/preview
537,11512,null-centered,train,CTEH,http://192.168.0.19:8042/instances/7f2ad5f1-ab9e1bd9-5485a204-871af9f0-814bfc1e/preview
538,11511,null-centered,train,CTEH,http://192.168.0.19:8042/instances/4a26e650-e0dab4e8-184436c4-0f1a9743-1bcb3c31/preview
539,11393,macula,train,BAIDU,http://192.168.0.21:8080/data/local-files/?d=BAIDU/BAIDU-N0311.jpg
540,11349,macula,train,BAIDU,http://192.168.0.21:8080/data/local-files/?d=BAIDU/BAIDU-N0023.jpg
541,11348,macula,train,BAIDU,http://192.168.0.21:8080/data/local-files/?d=BAIDU/BAIDU-N0021.jpg
542,11347,macula,train,BAIDU,http://192.168.0.21:8080/data/local-files/?d=BAIDU/BAIDU-N0027.jpg
543,11345,macula,train,BAIDU,http://192.168.0.21:8080/data/local-files/?d=BAIDU/BAIDU-N0043.jpg
544,11344,macula,train,BAIDU,http://192.168.0.21:8080/data/local-files/?d=BAIDU/BAIDU-N0057.jpg
545,11343,macula,train,BAIDU,http://192.168.0.21:8080/data/local-files/?d=BAIDU/BAIDU-N0061.jpg
546,11342,macula,train,BAIDU,http://192.168.0.21:8080/data/local-files/?d=BAIDU/BAIDU-N0063.jpg
547,11395,macula,train,BAIDU,http://192.168.0.21:8080/data/local-files/?d=BAIDU/BAIDU-N0308.jpg
548,11341,macula,train,BAIDU,http://192.168.0.21:8080/data/local-files/?d=BAIDU/BAIDU-N0071.jpg
549,11340,macula,train,BAIDU,http://192.168.0.21:8080/data/local-files/?d=BAIDU/BAIDU-N0089.jpg
550,11339,macula,train,BAIDU,http://192.168.0.21:8080/data/local-files/?d=BAIDU/BAIDU-N0094.jpg
551,11338,macula,train,BAIDU,http://192.168.0.21:8080/data/local-files/?d=BAIDU/BAIDU-N0097.jpg
552,11337,macula,train,BAIDU,http://192.168.0.21:8080/data/local-files/?d=BAIDU/BAIDU-N0107.jpg
553,11336,macula,train,BAIDU,http://192.168.0.21:8080/data/local-files/?d=BAIDU/BAIDU-N0109.jpg
554,11335,macula,train,BAIDU,http://192.168.0.21:8080/data/local-files/?d=BAIDU/BAIDU-N0110.jpg
555,11334,macula,train,BAIDU,http://192.168.0.21:8080/data/local-files/?d=BAIDU/BAIDU-N0117.jpg
556,11333,macula,train,BAIDU,http://192.168.0.21:8080/data/local-files/?d=BAIDU/BAIDU-N0122.jpg
557,11332,macula,train,BAIDU,http://192.168.0.21:8080/data/local-files/?d=BAIDU/BAIDU-N0123.jpg
558,11331,macula,train,BAIDU,http://192.168.0.21:8080/data/local-files/?d=BAIDU/BAIDU-N0138.jpg
559,11330,macula,train,BAIDU,http://192.168.0.21:8080/data/local-files/?d=BAIDU/BAIDU-N0146.jpg
560,11329,macula,train,BAIDU,http://192.168.0.21:8080/data/local-files/?d=BAIDU/BAIDU-N0158.jpg
561,11326,macula,train,BAIDU,http://192.168.0.21:8080/data/local-files/?d=BAIDU/BAIDU-N0187.jpg
562,11324,macula,train,BAIDU,http://192.168.0.21:8080/data/local-files/?d=BAIDU/BAIDU-N0197.jpg
563,11323,macula,train,BAIDU,http://192.168.0.21:8080/data/local-files/?d=BAIDU/BAIDU-N0199.jpg
564,11322,null-centered,train,BAIDU,http://192.168.0.21:8080/data/local-files/?d=BAIDU/BAIDU-N0200.jpg
565,11320,macula,train,BAIDU,http://192.168.0.21:8080/data/local-files/?d=BAIDU/BAIDU-N0203.jpg
566,11319,macula,train,BAIDU,http://192.168.0.21:8080/data/local-files/?d=BAIDU/BAIDU-N0208.jpg
567,11318,macula,train,BAIDU,http://192.168.0.21:8080/data/local-files/?d=BAIDU/BAIDU-N0219.jpg
568,11316,macula,train,BAIDU,http://192.168.0.21:8080/data/local-files/?d=BAIDU/BAIDU-N0223.jpg
569,11315,macula,train,BAIDU,http://192.168.0.21:8080/data/local-files/?d=BAIDU/BAIDU-N0234.jpg
570,11313,macula,train,BAIDU,http://192.168.0.21:8080/data/local-files/?d=BAIDU/BAIDU-N0245.jpg
571,11312,macula,train,BAIDU,http://192.168.0.21:8080/data/local-files/?d=BAIDU/BAIDU-N0270.jpg
572,11311,macula,train,BAIDU,http://192.168.0.21:8080/data/local-files/?d=BAIDU/BAIDU-N0274.jpg
573,11310,macula,train,BAIDU,http://192.168.0.21:8080/data/local-files/?d=BAIDU/BAIDU-N0282.jpg
574,11309,macula,train,BAIDU,http://192.168.0.21:8080/data/local-files/?d=BAIDU/BAIDU-N0292.jpg
575,11308,macula,train,BAIDU,http://192.168.0.21:8080/data/local-files/?d=BAIDU/BAIDU-N0296.jpg
576,11307,macula,train,BAIDU,http://192.168.0.21:8080/data/local-files/?d=BAIDU/BAIDU-N0309.jpg
577,11306,macula,train,BAIDU,http://192.168.0.21:8080/data/local-files/?d=BAIDU/BAIDU-N0310.jpg
1805,11510,macula,train,BAIDU,http://192.168.0.21:8080/data/local-files/?d=BAIDU/BAIDU-A0001.jpg
1806,11509,macula,train,BAIDU,http://192.168.0.21:8080/data/local-files/?d=BAIDU/BAIDU-A0002.jpg
1807,11508,macula,train,BAIDU,http://192.168.0.21:8080/data/local-files/?d=BAIDU/BAIDU-A0003.jpg
1808,11507,macula,train,BAIDU,http://192.168.0.21:8080/data/local-files/?d=BAIDU/BAIDU-A0004.jpg
1809,11506,macula,train,BAIDU,http://192.168.0.21:8080/data/local-files/?d=BAIDU/BAIDU-A0005.jpg
1810,11505,macula,train,EYESCAN,http://192.168.0.21:8080/data/local-files/?d=EYESCAN/0_0001CR0D.png
1811,11504,od,train,EYESCAN,http://192.168.0.21:8080/data/local-files/?d=EYESCAN/1_0002CR0D.png
1812,11503,macula,train,EYESCAN,http://192.168.0.21:8080/data/local-files/?d=EYESCAN/2_0001CR0D.png
1813,11502,od,train,EYESCAN,http://192.168.0.21:8080/data/local-files/?d=EYESCAN/3_0002CR0D.png
1814,11501,od,train,EYESCAN,http://192.168.0.21:8080/data/local-files/?d=EYESCAN/4_0003CR0D.png
1815,11500,od,train,EYESCAN,http://192.168.0.21:8080/data/local-files/?d=EYESCAN/6_0003CR0D.png
1816,11499,macula,train,EYESCAN,http://192.168.0.21:8080/data/local-files/?d=EYESCAN/7_0002CR0D.png
1817,11498,od,train,EYESCAN,http://192.168.0.21:8080/data/local-files/?d=EYESCAN/8_0001CR0D.png
1818,11497,macula,train,EYESCAN,http://192.168.0.21:8080/data/local-files/?d=EYESCAN/10_0001CR0D.png
1819,11496,od,train,EYESCAN,http://192.168.0.21:8080/data/local-files/?d=EYESCAN/11_0002CR0D.png
1820,11495,od,train,EYESCAN,http://192.168.0.21:8080/data/local-files/?d=EYESCAN/29_0002CR0D.png
1821,11494,macula,train,EYESCAN,http://192.168.0.21:8080/data/local-files/?d=EYESCAN/26_0001CR0D.png
1822,11493,od,train,EYESCAN,http://192.168.0.21:8080/data/local-files/?d=EYESCAN/27_0002CR0D.png
1823,11492,macula,train,EYESCAN,http://192.168.0.21:8080/data/local-files/?d=EYESCAN/28_0001CR0D.png
1824,11491,macula,train,EYESCAN,http://192.168.0.21:8080/data/local-files/?d=EYESCAN/24_0001CR0D.png
1825,11490,od,train,EYESCAN,http://192.168.0.21:8080/data/local-files/?d=EYESCAN/25_0002CR0D.png
1826,11489,od,train,EYESCAN,http://192.168.0.21:8080/data/local-files/?d=EYESCAN/57_0002CR0D.png
1827,11488,od,train,EYESCAN,http://192.168.0.21:8080/data/local-files/?d=EYESCAN/59_0002CR0D.png
1828,11487,macula,train,EYESCAN,http://192.168.0.21:8080/data/local-files/?d=EYESCAN/65_0003CL0D.png
1829,11486,macula,train,EYESCAN,http://192.168.0.21:8080/data/local-files/?d=EYESCAN/71_0003CL0D.png
1830,11485,macula,train,EYESCAN,http://192.168.0.21:8080/data/local-files/?d=EYESCAN/74_0001CR0D.png
1831,11484,od,train,EYESCAN,http://192.168.0.21:8080/data/local-files/?d=EYESCAN/75_0002CR0D.png
1832,11483,macula,train,EYESCAN,http://192.168.0.21:8080/data/local-files/?d=EYESCAN/76_0001CR0D.png
1833,11482,od,train,EYESCAN,http://192.168.0.21:8080/data/local-files/?d=EYESCAN/79_0002CR0D.png
1834,11481,od,train,EYESCAN,http://192.168.0.21:8080/data/local-files/?d=EYESCAN/80_0004CL0D.png
1835,11480,macula,train,EYESCAN,http://192.168.0.21:8080/data/local-files/?d=EYESCAN/82_0001CR0D.png
1836,11479,od,train,EYESCAN,http://192.168.0.21:8080/data/local-files/?d=EYESCAN/83_0002CR0D.png
1837,11478,macula,train,EYESCAN,http://192.168.0.21:8080/data/local-files/?d=EYESCAN/91_0003CL0D.png
1838,11477,od,train,EYESCAN,http://192.168.0.21:8080/data/local-files/?d=EYESCAN/92_0004CL0D.png
1839,11476,macula,train,CTEH,http://192.168.0.19:8042/instances/01ea4e52-9110b5bb-c69833ac-6d4065ca-be5c7b77/preview
1840,11475,macula,train,CTEH,http://192.168.0.19:8042/instances/52164466-78ad9e73-133a1fd5-cac9366d-ad8f8bfb/preview
1841,11474,macula,train,CTEH,http://192.168.0.19:8042/instances/b097ba4e-15f2a053-f1443357-44ba19c5-2fff0fac/preview
1842,11473,macula,train,CTEH,http://192.168.0.19:8042/instances/ff46cba7-f14d863f-71bc77f3-42fbd446-4c6a5c78/preview
1843,11472,od,train,CTEH,http://192.168.0.19:8042/instances/2ab12aee-d5e1dda7-3c22393b-c6ca5b0e-1c4c811b/preview
1844,11471,macula,train,CTEH,http://192.168.0.19:8042/instances/759dd763-5a7670ea-5d60fb7c-3bfffcf8-97af173c/preview
1845,11470,macula,train,CTEH,http://192.168.0.19:8042/instances/d296cb77-72cb6301-e5489d39-07da81e6-63286e0e/preview
1846,11469,macula,train,CTEH,http://192.168.0.19:8042/instances/70b55fff-a1a6e843-092bd146-bc27a093-e9b40e32/preview
1847,11468,macula,train,CTEH,http://192.168.0.19:8042/instances/ac9d134e-3f85aceb-195cee47-5ecac616-a05c8e75/preview
1848,11467,macula,train,CTEH,http://192.168.0.19:8042/instances/8dc2035a-d363204b-ebe8a3bb-ed8c92fd-6c656f47/preview
1849,11466,macula,train,CTEH,http://192.168.0.19:8042/instances/f96fed1d-990bcb61-944cc6ec-31ce853d-ed73720d/preview
1850,11465,macula,train,CTEH,http://192.168.0.19:8042/instances/6c581a71-43b252a6-00464b68-2a4251d3-29907b6c/preview
1851,11464,macula,train,CTEH,http://192.168.0.19:8042/instances/0e02352c-1fcd1d9d-2dc7794f-9380267c-f2f4aae8/preview
1852,11463,macula,train,CTEH,http://192.168.0.19:8042/instances/f0533ae7-98097637-60a08549-5bd3c520-63905eee/preview
1853,11462,macula,train,CTEH,http://192.168.0.19:8042/instances/dd0adf3a-5c77ebb6-073c6114-4b8f5eb6-0164b741/preview
1854,11461,macula,train,CTEH,http://192.168.0.19:8042/instances/01825fe1-b56d2e14-517254ae-6508d6ce-8f31491b/preview
1855,11460,macula,train,CTEH,http://192.168.0.19:8042/instances/356c03cb-e42c028a-3d111b86-fdb3bce0-4411540b/preview
1856,11459,macula,train,CTEH,http://192.168.0.19:8042/instances/8a322b4d-ccbc9e0a-b4153c33-e9410efe-22034fdc/preview
1857,11458,macula,train,CTEH,http://192.168.0.19:8042/instances/8e652ddd-b5fcd225-bbdb39e6-586e2453-1d94d8bf/preview
1858,11457,macula,train,CTEH,http://192.168.0.19:8042/instances/b63d20e0-ac942c94-bb526413-83581079-dd37887f/preview
1859,11456,null-centered,train,CTEH,http://192.168.0.19:8042/instances/75d404a2-51298b8f-969db31c-49296bc2-91218d28/preview
1860,11455,null-centered,train,CTEH,http://192.168.0.19:8042/instances/71f86150-a72205e8-e402905b-627ea9b0-ed7da3f2/preview
1861,11454,null-centered,train,CTEH,http://192.168.0.19:8042/instances/88514140-1f0ec705-d2fda254-8bbbec32-c121753b/preview
1862,11453,null-centered,train,CTEH,http://192.168.0.19:8042/instances/5aeb4cad-695e6639-dfb6c3f4-4267bf20-ae75d853/preview
1863,11452,null-centered,train,CTEH,http://192.168.0.19:8042/instances/25d71bdf-4098bb13-68cb06f5-5621c1bd-9843355a/preview
1864,11451,null-centered,train,CTEH,http://192.168.0.19:8042/instances/e50f7f62-3e9e6df6-cd3ca96b-d183b2d5-469ecc56/preview
1865,11450,null-centered,train,CTEH,http://192.168.0.19:8042/instances/9e128d03-1ca30d93-508d3fed-b6942565-2e5106e5/preview
1866,11449,null-centered,train,CTEH,http://192.168.0.19:8042/instances/6b988a20-c83c5da1-756d4c0a-05006974-5acaf904/preview
1867,11448,null-centered,train,CTEH,http://192.168.0.19:8042/instances/80a48373-2e09fcd5-796ee267-404b6ace-f197b1a1/preview
1868,11447,null-centered,train,CTEH,http://192.168.0.19:8042/instances/709f82ac-8ab01013-a883fb30-2ace00cc-ef66ed0a/preview
1869,11446,null-centered,train,CTEH,http://192.168.0.19:8042/instances/2c5d08c5-59367a50-7beb56a0-4de57cba-d5190299/preview
1870,11445,null-centered,train,CTEH,http://192.168.0.19:8042/instances/f9f3a14d-c969779e-dacb7e4c-b0ceff37-7ea2d4cc/preview
1871,11444,null-centered,train,CTEH,http://192.168.0.19:8042/instances/a3118457-a577ac4b-be6072d5-70d530d3-87a95f88/preview
1872,11443,null-centered,train,CTEH,http://192.168.0.19:8042/instances/42faa433-66571aac-5fc59f5c-2dcb8f0b-8c84e6eb/preview
1873,11442,null-centered,train,CTEH,http://192.168.0.19:8042/instances/b2b4a045-bcfb4e4c-2b841fc9-649cf4ca-c3ac48b0/preview
1874,11441,macula,train,CTEH,http://192.168.0.19:8042/instances/752d06b5-1bdc2f0c-471d1c52-220ed7b2-fd8dc6d2/preview
1875,11440,null-centered,train,CTEH,http://192.168.0.19:8042/instances/59dd0974-60452e81-84093516-9197d7ce-fdcdb1c2/preview
1876,11439,null-centered,train,CTEH,http://192.168.0.19:8042/instances/6689c48b-a64f9700-adc060d7-eded00cd-bbab9a29/preview
1877,11438,null-centered,train,CTEH,http://192.168.0.19:8042/instances/64ca968c-6e8afa4d-02844d0c-a38c7f98-7bf151e4/preview
1878,11437,null-centered,train,CTEH,http://192.168.0.19:8042/instances/dc74db32-7ff28b88-f4b7d8dc-e0564617-2f1195ee/preview
1879,11436,null-centered,train,CTEH,http://192.168.0.19:8042/instances/ef9473a0-604a47af-23a1b3db-3b91b29c-dada6a84/preview
1880,11435,null-centered,train,CTEH,http://192.168.0.19:8042/instances/5b9ce743-6c0b3635-f3d67533-93080b32-262453ce/preview
1881,11434,null-centered,train,CTEH,http://192.168.0.19:8042/instances/ba3dab23-09207044-010e4c3f-18bfbb54-1ed1e54e/preview
1882,11433,null-centered,train,CTEH,http://192.168.0.19:8042/instances/4e1d8535-a56ce59b-1b59433b-c68e5685-35cf0dd9/preview
1883,11432,null-centered,train,CTEH,http://192.168.0.19:8042/instances/dd85a4f3-0af27bd2-b5379737-1ff86e88-076aeb7d/preview
1884,11431,null-centered,train,CTEH,http://192.168.0.19:8042/instances/738995c6-3d0e2f38-5d3b871b-e123fe4b-27828997/preview
1885,11430,null-centered,train,CTEH,http://192.168.0.19:8042/instances/fd2c5a2d-f4e03700-3da4ac79-12d6a382-837db624/preview
1886,11429,null-centered,train,CTEH,http://192.168.0.19:8042/instances/369cc92f-35f6aa67-4218540a-e4516f5c-89ecbd99/preview
1887,11428,null-centered,train,CTEH,http://192.168.0.19:8042/instances/9dcd8f86-81fd1b9b-7ecebd4b-eed4d0d5-1c87e78c/preview
1888,11427,null-centered,train,CTEH,http://192.168.0.19:8042/instances/af039edb-c2467218-7d39e803-c88ed500-fed400cd/preview
1889,11426,null-centered,train,CTEH,http://192.168.0.19:8042/instances/355c1473-64acb26b-b703cfc7-7c3e5e14-a01902d1/preview
1890,11425,null-centered,train,CTEH,http://192.168.0.19:8042/instances/fff334cf-d14a6c0e-69bef350-c8e400aa-57ba5008/preview
1891,11424,null-centered,train,CTEH,http://192.168.0.19:8042/instances/c9e748e7-171656e0-d5df3f53-960b7b80-81ddbd9a/preview
1892,11423,null-centered,train,CTEH,http://192.168.0.19:8042/instances/5020919e-3322a5d6-781cbb46-cee0d162-eceba8e5/preview
1893,11422,null-centered,train,CTEH,http://192.168.0.19:8042/instances/d27db486-51b73f4b-87742c87-109b42b6-4b16b410/preview
1894,11421,null-centered,train,CTEH,http://192.168.0.19:8042/instances/f0004599-d2398d37-2143194c-599ea715-8dec51f2/preview
1895,11420,null-centered,train,CTEH,http://192.168.0.19:8042/instances/e7b922d6-273536d5-64b216a2-18d2f6b0-8131b033/preview
1896,11419,null-centered,train,CTEH,http://192.168.0.19:8042/instances/5e84dee1-13c92aa4-8da03742-0828ce38-32666a34/preview
1897,11418,null-centered,train,CTEH,http://192.168.0.19:8042/instances/8bc39b56-e8a2a83a-a8983452-528fa003-0a0654ad/preview
1898,11417,null-centered,train,CTEH,http://192.168.0.19:8042/instances/0a5bf2c2-7468775f-0a783f17-41a9ec60-f945d68d/preview
1899,11416,null-centered,train,CTEH,http://192.168.0.19:8042/instances/d6c5789d-1c6ecc7e-3ac8ff32-1f85dcb0-7268b2cc/preview
1900,11415,null-centered,train,CTEH,http://192.168.0.19:8042/instances/110df239-a72b3531-92f31a0e-7e04ecf4-e571d044/preview
1901,11414,null-centered,train,CTEH,http://192.168.0.19:8042/instances/217e83b7-4b70441c-002b90cc-6cd6f5ef-63f98a58/preview
1902,11413,null-centered,train,CTEH,http://192.168.0.19:8042/instances/6c266dda-5cfe1f34-255965eb-04cdac26-ce8a3713/preview
1903,11412,null-centered,train,CTEH,http://192.168.0.19:8042/instances/dc3a6aea-a95ee4b3-faee18c1-6af0a1e2-342ec744/preview
1904,11411,null-centered,train,CTEH,http://192.168.0.19:8042/instances/3a3e132d-5f9e0763-5d709b16-3faebdd5-2cf93185/preview
1905,11410,null-centered,train,CTEH,http://192.168.0.19:8042/instances/f66ceb0f-9b89cf12-772f0964-76bbc55a-14a4eb1b/preview
1906,11409,null-centered,train,CTEH,http://192.168.0.19:8042/instances/30b17161-2c088f05-e80e0401-6e542471-8b475294/preview
1907,11408,null-centered,train,CTEH,http://192.168.0.19:8042/instances/8a85e7fd-187f9081-43a40045-447be031-15ac9e92/preview
1908,11407,null-centered,train,CTEH,http://192.168.0.19:8042/instances/31304936-916e0521-1588622b-2639a32c-ca1cc341/preview
1909,11406,null-centered,train,CTEH,http://192.168.0.19:8042/instances/971764bd-a228564f-7919633a-73d67797-83d6884e/preview
1910,11405,null-centered,train,CTEH,http://192.168.0.19:8042/instances/289de431-351b01de-5f859493-3e2618a3-264d61e9/preview
1911,11404,macula,train,BAIDU,http://192.168.0.21:8080/data/local-files/?d=BAIDU/BAIDU-A0006.jpg
1912,11403,macula,train,BAIDU,http://192.168.0.21:8080/data/local-files/?d=BAIDU/BAIDU-A0007.jpg
1913,11402,macula,train,BAIDU,http://192.168.0.21:8080/data/local-files/?d=BAIDU/BAIDU-A0008.jpg
1914,11401,od,train,BAIDU,http://192.168.0.21:8080/data/local-files/?d=BAIDU/BAIDU-A0081.jpg
1915,11400,od,train,BAIDU,http://192.168.0.21:8080/data/local-files/?d=BAIDU/BAIDU-N0056.jpg
1916,11399,macula,train,BAIDU,http://192.168.0.21:8080/data/local-files/?d=BAIDU/BAIDU-N0240.jpg
1917,11398,od,train,BAIDU,http://192.168.0.21:8080/data/local-files/?d=BAIDU/BAIDU-N0257.jpg
1918,11397,od,train,BAIDU,http://192.168.0.21:8080/data/local-files/?d=BAIDU/BAIDU-N0281.jpg
1919,11396,macula,train,BAIDU,http://192.168.0.21:8080/data/local-files/?d=BAIDU/BAIDU-N0300.jpg
1920,11394,macula,train,BAIDU,http://192.168.0.21:8080/data/local-files/?d=BAIDU/BAIDU-N0304.jpg
1921,11392,macula,train,BAIDU,http://192.168.0.21:8080/data/local-files/?d=BAIDU/BAIDU-N0028.jpg
1922,11391,macula,train,BAIDU,http://192.168.0.21:8080/data/local-files/?d=BAIDU/BAIDU-A0038.jpg
1923,11390,od,train,EYESCAN,http://192.168.0.21:8080/data/local-files/?d=EYESCAN/21_0002CR0D.png
1924,11389,macula,train,EYESCAN,http://192.168.0.21:8080/data/local-files/?d=EYESCAN/5_0002CR0D.png
1925,11388,macula,train,EYESCAN,http://192.168.0.21:8080/data/local-files/?d=EYESCAN/12_0001CR0D.png
1926,11387,od,train,EYESCAN,http://192.168.0.21:8080/data/local-files/?d=EYESCAN/15_0002CR0D.png
1927,11386,od,train,EYESCAN,http://192.168.0.21:8080/data/local-files/?d=EYESCAN/17_0002CR0D.png
1928,11385,od,train,EYESCAN,http://192.168.0.21:8080/data/local-files/?d=EYESCAN/23_0002CR0D.png
1929,11384,macula,train,EYESCAN,http://192.168.0.21:8080/data/local-files/?d=EYESCAN/31_0001CR0D.png
1930,11383,od,train,EYESCAN,http://192.168.0.21:8080/data/local-files/?d=EYESCAN/32_0002CR0D.png
1931,11382,macula,train,EYESCAN,http://192.168.0.21:8080/data/local-files/?d=EYESCAN/33_0001CR0D.png
1932,11381,od,train,EYESCAN,http://192.168.0.21:8080/data/local-files/?d=EYESCAN/34_0002CR0D.png
1933,11380,od,train,EYESCAN,http://192.168.0.21:8080/data/local-files/?d=EYESCAN/36_0002CR0D.png
1934,11379,od,train,EYESCAN,http://192.168.0.21:8080/data/local-files/?d=EYESCAN/39_0002CR0D.png
1935,11378,macula,train,EYESCAN,http://192.168.0.21:8080/data/local-files/?d=EYESCAN/40_0001CR0D.png
1936,11377,macula,train,EYESCAN,http://192.168.0.21:8080/data/local-files/?d=EYESCAN/44_0001CR0D.png
1937,11376,macula,train,EYESCAN,http://192.168.0.21:8080/data/local-files/?d=EYESCAN/49_0002CR0D.png
1938,11375,od,train,EYESCAN,http://192.168.0.21:8080/data/local-files/?d=EYESCAN/51_0002CR0D.png
1939,11374,od,train,EYESCAN,http://192.168.0.21:8080/data/local-files/?d=EYESCAN/55_0002CR0D.png
1940,11373,macula,train,EYESCAN,http://192.168.0.21:8080/data/local-files/?d=EYESCAN/56_0001CR0D.png
1941,11372,macula,train,EYESCAN,http://192.168.0.21:8080/data/local-files/?d=EYESCAN/35_0001CR0D.png
1942,11371,od,train,EYESCAN,http://192.168.0.21:8080/data/local-files/?d=EYESCAN/53_0002CR0D.png
1943,11370,macula,train,EYESCAN,http://192.168.0.21:8080/data/local-files/?d=EYESCAN/54_0001CR0D.png
1944,11369,od,train,EYESCAN,http://192.168.0.21:8080/data/local-files/?d=EYESCAN/64_0004CL0D.png
1945,11368,od,train,EYESCAN,http://192.168.0.21:8080/data/local-files/?d=EYESCAN/67_0002CR0D.png
1946,11367,od,train,EYESCAN,http://192.168.0.21:8080/data/local-files/?d=EYESCAN/70_0004CL0D.png
1947,11366,od,train,EYESCAN,http://192.168.0.21:8080/data/local-files/?d=EYESCAN/87_0002CR0D.png
1948,11365,od,train,EYESCAN,http://192.168.0.21:8080/data/local-files/?d=EYESCAN/95_0002CR0D.png
1949,11364,od,train,EYESCAN,http://192.168.0.21:8080/data/local-files/?d=EYESCAN/103_0002CR0D.png
1950,11363,od,train,EYESCAN,http://192.168.0.21:8080/data/local-files/?d=EYESCAN/105_0002CR0D.png
1951,11362,od,train,EYESCAN,http://192.168.0.21:8080/data/local-files/?d=EYESCAN/111_0002CR0D.png
1952,11361,macula,train,EYESCAN,http://192.168.0.21:8080/data/local-files/?d=EYESCAN/22_0001CR0D.png
1953,11360,macula,train,BAIDU,http://192.168.0.21:8080/data/local-files/?d=BAIDU/BAIDU-A0013.jpg
1954,11359,macula,train,BAIDU,http://192.168.0.21:8080/data/local-files/?d=BAIDU/BAIDU-A0009.jpg
1955,11358,macula,train,BAIDU,http://192.168.0.21:8080/data/local-files/?d=BAIDU/BAIDU-A0010.jpg
1956,11357,macula,train,BAIDU,http://192.168.0.21:8080/data/local-files/?d=BAIDU/BAIDU-A0011.jpg
1957,11356,macula,train,BAIDU,http://192.168.0.21:8080/data/local-files/?d=BAIDU/BAIDU-A0015.jpg
1958,11355,macula,train,BAIDU,http://192.168.0.21:8080/data/local-files/?d=BAIDU/BAIDU-A0016.jpg
1959,11354,macula,train,BAIDU,http://192.168.0.21:8080/data/local-files/?d=BAIDU/BAIDU-A0019.jpg
1960,11353,macula,train,BAIDU,http://192.168.0.21:8080/data/local-files/?d=BAIDU/BAIDU-A0033.jpg
1961,11352,macula,train,BAIDU,http://192.168.0.21:8080/data/local-files/?d=BAIDU/BAIDU-A0057.jpg
1962,11351,macula,train,BAIDU,http://192.168.0.21:8080/data/local-files/?d=BAIDU/BAIDU-A0071.jpg
1963,11350,macula,train,BAIDU,http://192.168.0.21:8080/data/local-files/?d=BAIDU/BAIDU-N0004.jpg
1964,11346,macula,train,BAIDU,http://192.168.0.21:8080/data/local-files/?d=BAIDU/BAIDU-N0040.jpg
1965,11328,macula,train,BAIDU,http://192.168.0.21:8080/data/local-files/?d=BAIDU/BAIDU-N0162.jpg
1966,11327,macula,train,BAIDU,http://192.168.0.21:8080/data/local-files/?d=BAIDU/BAIDU-N0163.jpg
1967,11325,macula,train,BAIDU,http://192.168.0.21:8080/data/local-files/?d=BAIDU/BAIDU-N0192.jpg
1968,11321,macula,train,BAIDU,http://192.168.0.21:8080/data/local-files/?d=BAIDU/BAIDU-N0201.jpg
1969,11317,macula,train,BAIDU,http://192.168.0.21:8080/data/local-files/?d=BAIDU/BAIDU-N0222.jpg
1970,11314,macula,train,BAIDU,http://192.168.0.21:8080/data/local-files/?d=BAIDU/BAIDU-N0238.jpg
1971,11305,od,train,CTEH,http://192.168.0.19:8042/instances/f59b09b6-1dd7a519-574a3e39-483189b3-6b4d7927/preview
1972,11304,od,train,CTEH,http://192.168.0.19:8042/instances/6ece50d6-296103d9-fad5e532-f9c316e5-76354ce6/preview
1973,11303,od,train,CTEH,http://192.168.0.19:8042/instances/486e769c-5bc3c543-3fcecdef-cd2a6e08-489059d3/preview
1974,11302,od,train,CTEH,http://192.168.0.19:8042/instances/45ebb383-3c1515e9-dbda590d-642e9b8c-fa92ee97/preview
1975,11301,od,train,CTEH,http://192.168.0.19:8042/instances/ea776f46-d64da387-b34a8c00-5dac1df6-0824d457/preview
1976,11300,od,train,CTEH,http://192.168.0.19:8042/instances/8086f565-25b2e11c-83c55ac5-90cc6dbe-032cea3f/preview
1977,11299,null-centered,train,CTEH,http://192.168.0.19:8042/instances/6548d736-c479c846-22cdb6b9-a7f1def3-a00bd98b/preview
1978,11298,od,train,CTEH,http://192.168.0.19:8042/instances/5c505349-755de3ac-d3d9017b-22d0c5ac-6c2ce40d/preview
1979,11297,od,train,CTEH,http://192.168.0.19:8042/instances/bc853080-3f5c6c27-0999ff8c-5a1e4c03-0db60e1e/preview
1980,11296,od,train,CTEH,http://192.168.0.19:8042/instances/0dac0580-c362204c-32a0def8-f208b507-52099ff5/preview
1981,11295,od,train,CTEH,http://192.168.0.19:8042/instances/42a65e61-fbbf7294-9e32253a-54cda472-28434377/preview
1982,11294,od,train,CTEH,http://192.168.0.19:8042/instances/935d20b9-a9efa810-cfe02122-4b380c65-b9f361b5/preview
1983,11293,null-centered,train,CTEH,http://192.168.0.19:8042/instances/b1faceaf-7b6c3b6e-be8902d4-3c5b89f1-d2a64ad2/preview
1984,11292,od,train,CTEH,http://192.168.0.19:8042/instances/bb2b297f-718a2936-7e5cf056-ea9e6927-103a3981/preview
1985,11291,od,train,CTEH,http://192.168.0.19:8042/instances/f50a2434-b993d742-ca9fb390-a1c97fa5-5c7455c1/preview
1986,11290,od,train,CTEH,http://192.168.0.19:8042/instances/dd380364-16041a0c-25045b63-0f7923e1-c7d3e25f/preview
1987,11289,od,train,CTEH,http://192.168.0.19:8042/instances/5d17f78b-d751f35a-3fce35f7-0ce98954-b5def49f/preview
1988,11288,od,train,CTEH,http://192.168.0.19:8042/instances/0a1af7dc-c75b0eb3-df29b36c-1bac79e0-b8c3c6cf/preview
1989,11287,od,train,CTEH,http://192.168.0.19:8042/instances/400d6cb8-5f39a344-dae2ef5d-86a8c63f-1bfa0c61/preview
1990,11286,od,train,CTEH,http://192.168.0.19:8042/instances/773d58fc-2fd107f2-56cf662e-efa1ff23-c769f8f9/preview
1991,11285,od,train,CTEH,http://192.168.0.19:8042/instances/54dde843-25f41c38-910fff05-f46ef785-40db05b3/preview
1992,11284,od,train,CTEH,http://192.168.0.19:8042/instances/cdc5905b-20c770ff-8ea649a1-1270f054-e17828bc/preview
1993,11283,od,train,CTEH,http://192.168.0.19:8042/instances/65cb0cab-fb2a7e4a-5ff1349a-390ceba9-da76ccdd/preview
1994,11282,null-centered,train,CTEH,http://192.168.0.19:8042/instances/03bfbee6-780620a1-164724bb-58ba6d4d-5d251254/preview
1995,11281,od,train,CTEH,http://192.168.0.19:8042/instances/5796406f-73247c0e-644989dc-13f82ab0-1e630233/preview
1996,11280,macula,train,CTEH,http://192.168.0.19:8042/instances/7987376e-68bb3c6a-405852b9-95df3ae9-f8e28988/preview
1997,11279,macula,train,CTEH,http://192.168.0.19:8042/instances/5f2d818b-6352d14f-7dd23425-993e7f25-7fad41ed/preview
1998,11278,od,train,CTEH,http://192.168.0.19:8042/instances/920df653-ce3fa26b-46b7d673-b5db3507-ee1c78a9/preview
1999,11277,od,train,CTEH,http://192.168.0.19:8042/instances/6eac19df-e139752d-c8e08d9a-04951182-018ce2be/preview
2000,11276,od,train,CTEH,http://192.168.0.19:8042/instances/12df59c7-32802e3e-91451d8e-81eb94d4-00ddc0c4/preview
2001,11275,od,train,CTEH,http://192.168.0.19:8042/instances/a06423ab-fbed42f6-5c122e6d-4f91b110-2a9f7b5f/preview
2002,11274,null-centered,train,CTEH,http://192.168.0.19:8042/instances/6e6f15f0-4b7a6a55-714e1ad6-94760510-b0fec310/preview
2003,11273,null-centered,train,CTEH,http://192.168.0.19:8042/instances/aa4a9dbe-d1330a4a-a3ce6625-3ff2624e-a18845c5/preview
2004,11272,null-centered,train,CTEH,http://192.168.0.19:8042/instances/5df19fa6-71398f0d-9cd6f5f8-e56353b2-19d71718/preview
2005,11271,null-centered,train,CTEH,http://192.168.0.19:8042/instances/05a7be3f-775a96d5-824a8d5f-c1e74594-d37af060/preview
2006,11270,null-centered,train,CTEH,http://192.168.0.19:8042/instances/a787f6f8-e5a0a66f-5763dab9-3aa947dc-6df1b82e/preview
2007,11269,null-centered,train,CTEH,http://192.168.0.19:8042/instances/a4b93505-5ca0544e-3424b6b5-d92df47f-c5f09f67/preview
2008,11268,null-centered,train,CTEH,http://192.168.0.19:8042/instances/a3b7af83-e50149f0-2be21cd8-3fee611a-33398b21/preview
2009,11267,null-centered,train,CTEH,http://192.168.0.19:8042/instances/d85d300b-40ac8461-9b412b3a-be7cecfa-70994e5c/preview
2010,11266,null-centered,train,CTEH,http://192.168.0.19:8042/instances/4c366807-224b7898-8f7a2cc6-131d7ecf-d70cbd77/preview
2011,11265,null-centered,train,CTEH,http://192.168.0.19:8042/instances/65d16caa-b0700b35-3e89e8b8-f2c44761-670ed7e2/preview
2012,11264,null-centered,train,CTEH,http://192.168.0.19:8042/instances/b79d132b-2ff03854-eef6f44a-b21826b8-2f7d0928/preview
2013,11263,null-centered,train,CTEH,http://192.168.0.19:8042/instances/6113f16c-7d8e4fe6-0397d9d6-d9cac67c-c02ca18b/preview
2014,11262,null-centered,train,CTEH,http://192.168.0.19:8042/instances/36b17759-09a02426-97720833-c7d3050d-7ff062de/preview
2015,11260,null-centered,train,CTEH,http://192.168.0.19:8042/instances/10bf8a9d-5e641ec5-da18f1aa-e7fb716b-ed29d7fb/preview
2016,11259,null-centered,train,CTEH,http://192.168.0.19:8042/instances/a9f24a00-c691c285-f0ae1eff-c174b48c-5919b68c/preview
2017,11258,null-centered,train,CTEH,http://192.168.0.19:8042/instances/37645052-2cc47735-43d1b638-737b9697-167360a6/preview
2018,11257,null-centered,train,CTEH,http://192.168.0.19:8042/instances/576f6135-14b69690-b5fa100a-32a7e8ca-6c272c3b/preview
2019,11256,null-centered,train,CTEH,http://192.168.0.19:8042/instances/6e4b392f-54c3a299-cd5ae2db-f50101bb-86326e56/preview
2020,11255,null-centered,train,CTEH,http://192.168.0.19:8042/instances/aae7b3b2-f7a40746-a5d2cd62-24c5790a-b9485cc2/preview
2021,11254,null-centered,train,CTEH,http://192.168.0.19:8042/instances/f7e6fbf0-9c601517-120cd524-9d97bd92-bb618d72/preview
2022,11253,null-centered,train,CTEH,http://192.168.0.19:8042/instances/12f52b8d-dcef4382-7d7a5215-7b3410df-8c1c8636/preview
2023,11252,null-centered,train,CTEH,http://192.168.0.19:8042/instances/f674eff3-5e8f1e68-d28a9bcb-290d09c8-ccfcf9d8/preview
2024,11251,null-centered,train,CTEH,http://192.168.0.19:8042/instances/17582e13-a2fd24f3-cfbf501d-75576026-a82f534d/preview
2025,11250,null-centered,train,CTEH,http://192.168.0.19:8042/instances/24308447-842d6f48-2c4a1754-6dcf50de-eb49016b/preview
2026,11249,null-centered,train,CTEH,http://192.168.0.19:8042/instances/8cb49a77-1167fa61-4810ff08-41cc9958-857f2f4b/preview
2027,11248,null-centered,train,CTEH,http://192.168.0.19:8042/instances/37563fe8-95126c52-421fd84d-a62fd661-da783f51/preview
2028,11247,null-centered,train,CTEH,http://192.168.0.19:8042/instances/7d0c0669-59ae5e9d-7f8b3c27-491e9a88-ab0ec175/preview
2029,11246,null-centered,train,CTEH,http://192.168.0.19:8042/instances/a0bbab5c-6c11430f-1aabc9c2-847722f7-080ca66f/preview
2030,11245,null-centered,train,CTEH,http://192.168.0.19:8042/instances/fad30afd-9822d28d-6b16b0fd-53e4dd25-4ac71d03/preview
2031,11244,null-centered,train,CTEH,http://192.168.0.19:8042/instances/4fe11743-a6b6fc7e-f7c29896-3b80219e-8b617fa3/preview
2032,11243,null-centered,train,CTEH,http://192.168.0.19:8042/instances/63644720-7ffff604-1d381dd9-229c6783-558d3357/preview
2033,11242,null-centered,train,CTEH,http://192.168.0.19:8042/instances/61d287b5-c63668ab-8c9564fd-3ece2804-799d9dd8/preview
2034,11241,null-centered,train,CTEH,http://192.168.0.19:8042/instances/e9718ad3-71f4ec92-bc2e66ec-4cdafeaf-08ac634f/preview
2035,11240,null-centered,train,CTEH,http://192.168.0.19:8042/instances/8bb0443b-2742e7b7-03ea8a0f-c652e607-08367e1e/preview
2036,11239,od,train,CTEH,http://192.168.0.19:8042/instances/f8b03cbf-a4e3f423-e416a09d-28d08907-c6080a2f/preview
2037,11238,null-centered,train,CTEH,http://192.168.0.19:8042/instances/93562f02-f1abe35b-d927d3a3-b87fedf8-e6e17366/preview
2038,11237,null-centered,train,CTEH,http://192.168.0.19:8042/instances/a55c0657-55363c76-e9b06790-63b2e1ce-fc2ea54e/preview
2039,11236,null-centered,train,CTEH,http://192.168.0.19:8042/instances/5401961d-8ac0da7c-f2bdc62b-cc76d72b-5b7c6c1d/preview
2040,11235,null-centered,train,CTEH,http://192.168.0.19:8042/instances/ceb99cc6-924e218d-e11ae8ca-cf7e0eab-4210995f/preview
2041,11234,od,train,CTEH,http://192.168.0.19:8042/instances/b7cb0a28-53fb40fa-a3d8a59a-22b3f4cd-64eefc5d/preview
2042,11233,null-centered,train,CTEH,http://192.168.0.19:8042/instances/1d9d5744-6a943dbf-ba9eea89-a41f9451-32167ddb/preview
2043,11232,null-centered,train,CTEH,http://192.168.0.19:8042/instances/522ba76a-0c64ddcd-53b454e6-a3c735d1-80bda931/preview
2044,11231,od,train,CTEH,http://192.168.0.19:8042/instances/f1da9eed-02d4cae9-98626846-b03a0b3c-a2a26d7c/preview
2045,11230,null-centered,train,CTEH,http://192.168.0.19:8042/instances/49b89a1b-8d413def-452c51a4-e2611be0-9a86736a/preview
2046,11229,null-centered,train,CTEH,http://192.168.0.19:8042/instances/848c42d7-d33a3676-db59587e-d4acc9b9-bc09c707/preview
2047,11228,od,train,CTEH,http://192.168.0.19:8042/instances/5eaae155-62f2dab3-d0089a1a-763f787d-d7daa67e/preview
2048,11227,od,train,CTEH,http://192.168.0.19:8042/instances/eaf303f4-e826e9a0-78146d0a-1dec310e-7a1a121b/preview
2049,11226,null-centered,train,CTEH,http://192.168.0.19:8042/instances/385afa5c-b3b342c9-9e129c77-98b58cd6-ae211ad0/preview
2050,11225,macula,train,CTEH,http://192.168.0.19:8042/instances/57f2eec1-7ccb01b1-dadcf6ce-4a3c025f-66e6101c/preview
2051,11224,macula,train,CTEH,http://192.168.0.19:8042/instances/265b2615-091229cb-7552ed33-1c52d980-78010c7e/preview
2052,11223,od,train,CTEH,http://192.168.0.19:8042/instances/7f4b0f5d-12995a94-0601f775-3acf3a84-c19ec39d/preview
2053,11222,macula,train,CTEH,http://192.168.0.19:8042/instances/0c5cb861-62d0bd20-3ca9088c-a0ece4a9-207330ac/preview
2054,11221,macula,train,CTEH,http://192.168.0.19:8042/instances/3ad5d1ba-205d4181-c0e834f0-8e581704-136385d0/preview
2055,11220,od,train,CTEH,http://192.168.0.19:8042/instances/d6d5a528-e68e2ed4-68e0c3ff-a3b3aad3-ddda8af5/preview
2056,11219,od,train,CTEH,http://192.168.0.19:8042/instances/03d6361f-a35ce631-8e5d3ed4-33eccc21-d1621316/preview
2057,11218,od,train,CTEH,http://192.168.0.19:8042/instances/cedfe47e-832420ee-e7bb4bca-23798f93-3c35f799/preview
2058,11217,macula,train,CTEH,http://192.168.0.19:8042/instances/43038133-129cb0e4-0212df36-a29b4f31-7ad41e00/preview
2059,11216,od,train,CTEH,http://192.168.0.19:8042/instances/949ba86f-e02deeca-c2671d84-9e2af13e-4f46f5d8/preview
2060,11215,macula,train,CTEH,http://192.168.0.19:8042/instances/e3c61a89-b4cb90ca-1585ce6a-39f0374a-2f4837db/preview
2061,11214,od,train,CTEH,http://192.168.0.19:8042/instances/f364f11a-76c694a3-7ee2a8af-86865c27-eababd40/preview
2062,11213,od,train,CTEH,http://192.168.0.19:8042/instances/aaa5b8b7-5ff59641-300f152b-117fc53b-fb211ad6/preview
2063,11212,macula,train,CTEH,http://192.168.0.19:8042/instances/dd3d31ec-88d46624-7589c15d-d4c8504f-46b05867/preview
2064,11211,od,train,CTEH,http://192.168.0.19:8042/instances/5c88ee94-f2b32712-d1fc4260-7b81ef2b-3b1ba712/preview
2065,11210,macula,train,CTEH,http://192.168.0.19:8042/instances/9726dcda-d5aaa18c-ba44f1ee-31d4ec0c-67091c76/preview
2066,11209,macula,train,CTEH,http://192.168.0.19:8042/instances/a5f11fba-87df2615-32624679-122edd5d-a02ea8ae/preview
2067,11208,null-centered,train,CTEH,http://192.168.0.19:8042/instances/4ccab316-3df313d0-1ec23189-8706375c-689740e4/preview
