,ID,label_cp,label_lr,label_odm,src
0,11208,peripheral,left,null-centered,CTEH
1,11209,central,right,macula,CTEH
2,11210,central,left,macula,CTEH
3,11211,central,right,od,CTEH
4,11212,central,right,macula,CTEH
5,11213,central,left,od,CTEH
6,11214,central,right,od,CTEH
7,11215,central,right,macula,CTEH
8,11216,central,left,od,CTEH
9,11217,central,right,macula,CTEH
10,11218,central,right,od,CTEH
11,11219,central,right,od,CTEH
12,11220,central,right,od,CTEH
13,11221,central,right,macula,CTEH
14,11222,central,right,macula,CTEH
15,11223,central,right,od,CTEH
16,11224,central,right,macula,CTEH
17,11225,central,right,macula,CTEH
18,11226,peripheral,right,null-centered,CTEH
19,11227,central,right,od,CTEH
20,11228,central,right,od,CTEH
21,11229,peripheral,left,null-centered,CTEH
22,11230,peripheral,left,null-centered,CTEH
23,11231,central,right,od,CTEH
24,11232,peripheral,right,null-centered,CTEH
25,11233,peripheral,right,null-centered,CTEH
26,11234,central,right,od,CTEH
27,11235,peripheral,right,null-centered,CTEH
28,11236,peripheral,left,null-centered,CTEH
29,11237,peripheral,right,null-centered,CTEH
30,11238,peripheral,right,null-centered,CTEH
31,11239,central,right,od,CTEH
32,11240,peripheral,right,null-centered,CTEH
33,11241,peripheral,right,null-centered,CTEH
34,11242,peripheral,right,null-centered,CTEH
35,11243,peripheral,right,null-centered,CTEH
36,11244,peripheral,right,null-centered,CTEH
37,11245,peripheral,right,null-centered,CTEH
38,11246,peripheral,right,null-centered,CTEH
39,11247,peripheral,right,null-centered,CTEH
40,11248,peripheral,right,null-centered,CTEH
41,11249,peripheral,right,null-centered,CTEH
42,11250,peripheral,right,null-centered,CTEH
43,11251,peripheral,right,null-centered,CTEH
44,11252,peripheral,right,null-centered,CTEH
45,11253,peripheral,right,null-centered,CTEH
46,11254,peripheral,left,null-centered,CTEH
47,11255,peripheral,right,null-centered,CTEH
48,11256,peripheral,right,null-centered,CTEH
49,11257,peripheral,right,null-centered,CTEH
50,11258,peripheral,right,null-centered,CTEH
51,11259,peripheral,right,null-centered,CTEH
52,11260,peripheral,right,null-centered,CTEH
53,11261,peripheral,left,null-centered,CTEH
54,11262,peripheral,right,null-centered,CTEH
55,11263,peripheral,right,null-centered,CTEH
56,11264,peripheral,right,null-centered,CTEH
57,11265,peripheral,right,null-centered,CTEH
58,11266,peripheral,right,null-centered,CTEH
59,11267,peripheral,right,null-centered,CTEH
60,11268,peripheral,right,null-centered,CTEH
61,11269,peripheral,right,null-centered,CTEH
62,11270,peripheral,right,null-centered,CTEH
63,11271,peripheral,right,null-centered,CTEH
64,11272,peripheral,right,null-centered,CTEH
65,11273,peripheral,right,null-centered,CTEH
66,11274,peripheral,right,null-centered,CTEH
67,11275,central,right,od,CTEH
68,11276,central,right,od,CTEH
69,11277,central,right,od,CTEH
70,11278,central,right,od,CTEH
71,11279,central,right,macula,CTEH
72,11280,central,right,macula,CTEH
73,11281,central,right,od,CTEH
74,11282,peripheral,right,null-centered,CTEH
75,11283,central,right,od,CTEH
76,11284,central,left,od,CTEH
77,11285,central,left,od,CTEH
78,11286,central,left,od,CTEH
79,11287,central,left,od,CTEH
80,11288,central,right,od,CTEH
81,11289,central,left,od,CTEH
82,11290,central,left,od,CTEH
83,11291,central,right,od,CTEH
84,11292,central,right,od,CTEH
85,11293,peripheral,left,null-centered,CTEH
86,11294,central,right,od,CTEH
87,11295,central,right,od,CTEH
88,11296,central,right,od,CTEH
89,11297,central,right,od,CTEH
90,11298,central,right,od,CTEH
91,11299,peripheral,right,null-centered,CTEH
92,11300,central,right,od,CTEH
93,11301,central,right,od,CTEH
94,11302,central,right,od,CTEH
95,11303,central,right,od,CTEH
96,11304,central,left,od,CTEH
97,11305,central,left,od,CTEH
98,11306,peripheral,left,macula,BAIDU
99,11307,peripheral,left,macula,BAIDU
100,11308,peripheral,left,macula,BAIDU
101,11309,peripheral,left,macula,BAIDU
102,11310,peripheral,left,macula,BAIDU
103,11311,peripheral,left,macula,BAIDU
104,11312,peripheral,left,macula,BAIDU
105,11313,peripheral,left,macula,BAIDU
106,11314,central,left,macula,BAIDU
107,11315,peripheral,left,macula,BAIDU
108,11316,peripheral,left,macula,BAIDU
109,11317,central,left,macula,BAIDU
110,11318,peripheral,left,macula,BAIDU
111,11319,peripheral,left,macula,BAIDU
112,11320,peripheral,left,macula,BAIDU
113,11321,central,left,macula,BAIDU
114,11322,peripheral,left,null-centered,BAIDU
115,11323,peripheral,left,macula,BAIDU
116,11324,peripheral,left,macula,BAIDU
117,11325,central,left,macula,BAIDU
118,11326,peripheral,left,macula,BAIDU
119,11327,central,left,macula,BAIDU
120,11328,central,left,macula,BAIDU
121,11329,peripheral,left,macula,BAIDU
122,11330,peripheral,left,macula,BAIDU
123,11331,peripheral,left,macula,BAIDU
124,11332,peripheral,left,macula,BAIDU
125,11333,peripheral,left,macula,BAIDU
126,11334,peripheral,left,macula,BAIDU
127,11335,peripheral,left,macula,BAIDU
128,11336,peripheral,left,macula,BAIDU
129,11337,peripheral,left,macula,BAIDU
130,11338,peripheral,left,macula,BAIDU
131,11339,peripheral,left,macula,BAIDU
132,11340,peripheral,left,macula,BAIDU
133,11341,peripheral,left,macula,BAIDU
134,11342,peripheral,left,macula,BAIDU
135,11343,peripheral,left,macula,BAIDU
136,11344,peripheral,left,macula,BAIDU
137,11345,peripheral,left,macula,BAIDU
138,11346,central,left,macula,BAIDU
139,11347,peripheral,left,macula,BAIDU
140,11348,peripheral,left,macula,BAIDU
141,11349,peripheral,left,macula,BAIDU
142,11350,central,left,macula,BAIDU
143,11351,central,left,macula,BAIDU
144,11352,central,left,macula,BAIDU
145,11353,central,left,macula,BAIDU
146,11354,central,left,macula,BAIDU
147,11355,central,left,macula,BAIDU
148,11356,central,left,macula,BAIDU
149,11357,central,left,macula,BAIDU
150,11358,central,left,macula,BAIDU
151,11359,central,left,macula,BAIDU
152,11360,central,left,macula,BAIDU
153,11361,central,right,macula,EYESCAN
154,11362,central,right,od,EYESCAN
155,11363,central,right,od,EYESCAN
156,11364,central,right,od,EYESCAN
157,11365,central,right,od,EYESCAN
158,11366,central,right,od,EYESCAN
159,11367,central,left,od,EYESCAN
160,11368,central,right,od,EYESCAN
161,11369,central,right,od,EYESCAN
162,11370,central,right,macula,EYESCAN
163,11371,central,right,od,EYESCAN
164,11372,central,right,macula,EYESCAN
165,11373,central,right,macula,EYESCAN
166,11374,central,right,od,EYESCAN
167,11375,central,right,od,EYESCAN
168,11376,central,right,macula,EYESCAN
169,11377,central,right,macula,EYESCAN
170,11378,central,right,macula,EYESCAN
171,11379,central,right,od,EYESCAN
172,11380,central,right,od,EYESCAN
173,11381,central,right,od,EYESCAN
174,11382,central,right,macula,EYESCAN
175,11383,central,right,od,EYESCAN
176,11384,central,right,macula,EYESCAN
177,11385,central,right,od,EYESCAN
178,11386,central,right,od,EYESCAN
179,11387,central,right,od,EYESCAN
180,11388,central,right,macula,EYESCAN
181,11389,central,right,macula,EYESCAN
182,11390,central,right,od,EYESCAN
183,11391,central,left,macula,BAIDU
184,11392,central,left,macula,BAIDU
185,11393,central,left,macula,BAIDU
186,11394,central,left,macula,BAIDU
187,11395,peripheral,left,macula,BAIDU
188,11396,central,left,macula,BAIDU
189,11397,central,left,od,BAIDU
190,11398,central,left,od,BAIDU
191,11399,central,left,macula,BAIDU
192,11400,central,left,od,BAIDU
193,11401,central,left,od,BAIDU
194,11402,central,left,macula,BAIDU
195,11403,central,left,macula,BAIDU
196,11404,central,left,macula,BAIDU
197,11405,peripheral,left,null-centered,CTEH
198,11406,peripheral,left,null-centered,CTEH
199,11407,peripheral,left,null-centered,CTEH
200,11408,peripheral,left,null-centered,CTEH
201,11409,peripheral,left,null-centered,CTEH
202,11410,peripheral,left,null-centered,CTEH
203,11411,peripheral,left,null-centered,CTEH
204,11412,peripheral,left,null-centered,CTEH
205,11413,peripheral,right,null-centered,CTEH
206,11414,peripheral,right,null-centered,CTEH
207,11415,peripheral,right,null-centered,CTEH
208,11416,peripheral,right,null-centered,CTEH
209,11417,peripheral,right,null-centered,CTEH
210,11418,peripheral,right,null-centered,CTEH
211,11419,peripheral,right,null-centered,CTEH
212,11420,peripheral,right,null-centered,CTEH
213,11421,peripheral,right,null-centered,CTEH
214,11422,peripheral,right,null-centered,CTEH
215,11423,peripheral,left,null-centered,CTEH
216,11424,peripheral,left,null-centered,CTEH
217,11425,peripheral,left,null-centered,CTEH
218,11426,peripheral,left,null-centered,CTEH
219,11427,peripheral,left,null-centered,CTEH
220,11428,peripheral,left,null-centered,CTEH
221,11429,peripheral,left,null-centered,CTEH
222,11430,peripheral,left,null-centered,CTEH
223,11431,peripheral,right,null-centered,CTEH
224,11432,peripheral,right,null-centered,CTEH
225,11433,peripheral,right,null-centered,CTEH
226,11434,peripheral,right,null-centered,CTEH
227,11435,peripheral,right,null-centered,CTEH
228,11436,peripheral,right,null-centered,CTEH
229,11437,peripheral,right,null-centered,CTEH
230,11438,peripheral,right,null-centered,CTEH
231,11439,peripheral,right,null-centered,CTEH
232,11440,peripheral,right,null-centered,CTEH
233,11441,central,right,macula,CTEH
234,11442,peripheral,left,null-centered,CTEH
235,11443,peripheral,left,null-centered,CTEH
236,11444,peripheral,left,null-centered,CTEH
237,11445,peripheral,left,null-centered,CTEH
238,11446,peripheral,left,null-centered,CTEH
239,11447,peripheral,left,null-centered,CTEH
240,11448,peripheral,left,null-centered,CTEH
241,11449,peripheral,left,null-centered,CTEH
242,11450,peripheral,right,null-centered,CTEH
243,11451,peripheral,right,null-centered,CTEH
244,11452,peripheral,right,null-centered,CTEH
245,11453,peripheral,right,null-centered,CTEH
246,11454,peripheral,right,null-centered,CTEH
247,11455,peripheral,right,null-centered,CTEH
248,11456,peripheral,right,null-centered,CTEH
249,11457,central,right,macula,CTEH
250,11458,central,left,macula,CTEH
251,11459,central,left,macula,CTEH
252,11460,central,left,macula,CTEH
253,11461,central,left,macula,CTEH
254,11462,central,right,macula,CTEH
255,11463,central,left,macula,CTEH
256,11464,central,left,macula,CTEH
257,11465,central,left,macula,CTEH
258,11466,central,left,macula,CTEH
259,11467,central,right,macula,CTEH
260,11468,central,left,macula,CTEH
261,11469,central,right,macula,CTEH
262,11470,central,right,macula,CTEH
263,11471,central,left,macula,CTEH
264,11472,central,right,od,CTEH
265,11473,central,left,macula,CTEH
266,11474,central,left,macula,CTEH
267,11475,central,right,macula,CTEH
268,11476,central,left,macula,CTEH
269,11477,central,left,od,EYESCAN
270,11478,central,left,macula,EYESCAN
271,11479,central,right,od,EYESCAN
272,11480,central,right,macula,EYESCAN
273,11481,central,left,od,EYESCAN
274,11482,central,right,od,EYESCAN
275,11483,central,right,macula,EYESCAN
276,11484,central,right,od,EYESCAN
277,11485,central,right,macula,EYESCAN
278,11486,central,left,macula,EYESCAN
279,11487,central,left,macula,EYESCAN
280,11488,central,right,od,EYESCAN
281,11489,central,right,od,EYESCAN
282,11490,central,right,od,EYESCAN
283,11491,central,right,macula,EYESCAN
284,11492,central,right,macula,EYESCAN
285,11493,central,right,od,EYESCAN
286,11494,central,right,macula,EYESCAN
287,11495,central,right,od,EYESCAN
288,11496,central,right,od,EYESCAN
289,11497,central,right,macula,EYESCAN
290,11498,central,right,od,EYESCAN
291,11499,central,right,macula,EYESCAN
292,11500,central,right,od,EYESCAN
293,11501,central,right,od,EYESCAN
294,11502,central,right,od,EYESCAN
295,11503,central,right,macula,EYESCAN
296,11504,central,right,od,EYESCAN
297,11505,central,right,macula,EYESCAN
298,11506,central,left,macula,BAIDU
299,11507,central,left,macula,BAIDU
300,11508,central,left,macula,BAIDU
301,11509,central,left,macula,BAIDU
302,11510,central,left,macula,BAIDU
303,11511,peripheral,right,null-centered,CTEH
304,11512,central,right,null-centered,CTEH
305,11513,central,right,od,CTEH
306,11514,central,right,od,CTEH
307,11515,central,left,od,CTEH
308,11516,central,right,od,CTEH
309,11517,central,left,od,CTEH
310,11518,central,left,macula,CTEH
311,11519,central,right,od,CTEH
312,11520,peripheral,left,null-centered,CTEH
313,11521,peripheral,left,null-centered,CTEH
314,11522,peripheral,left,null-centered,CTEH
315,11523,peripheral,left,null-centered,CTEH
316,11524,peripheral,left,null-centered,CTEH
317,11525,peripheral,left,null-centered,CTEH
318,11526,peripheral,left,null-centered,CTEH
319,11527,peripheral,left,null-centered,CTEH
320,11528,peripheral,left,null-centered,CTEH
321,11529,central,left,od,CTEH
322,11530,peripheral,right,null-centered,CTEH
323,11531,peripheral,right,null-centered,CTEH
324,11532,peripheral,right,null-centered,CTEH
325,11533,peripheral,right,null-centered,CTEH
326,11534,peripheral,right,null-centered,CTEH
327,11535,central,right,od,CTEH
328,11536,central,right,od,CTEH
329,11537,peripheral,right,null-centered,CTEH
330,11538,central,right,macula,CTEH
331,11539,peripheral,left,null-centered,CTEH
332,11540,peripheral,left,null-centered,CTEH
333,11541,peripheral,left,null-centered,CTEH
334,11542,peripheral,left,null-centered,CTEH
335,11543,peripheral,left,null-centered,CTEH
336,11544,peripheral,left,null-centered,CTEH
337,11545,peripheral,left,null-centered,CTEH
338,11546,peripheral,left,null-centered,CTEH
339,11547,central,left,od,CTEH
340,11548,peripheral,right,null-centered,CTEH
341,11549,peripheral,right,null-centered,CTEH
342,11550,peripheral,right,null-centered,CTEH
343,11551,peripheral,right,null-centered,CTEH
344,11552,peripheral,right,null-centered,CTEH
345,11553,peripheral,right,null-centered,CTEH
346,11554,peripheral,right,null-centered,CTEH
347,11555,central,right,macula,CTEH
348,11556,peripheral,left,macula,CTEH
349,11557,central,left,macula,CTEH
350,11558,peripheral,left,macula,CTEH
351,11559,central,left,macula,CTEH
352,11560,peripheral,left,macula,CTEH
353,11561,central,left,od,CTEH
354,11562,peripheral,left,macula,CTEH
355,11563,peripheral,left,null-centered,CTEH
356,11564,peripheral,left,null-centered,CTEH
357,11565,peripheral,left,macula,CTEH
358,11566,peripheral,left,macula,CTEH
359,11567,central,left,macula,CTEH
360,11568,peripheral,left,macula,CTEH
361,11569,central,left,macula,CTEH
362,11570,peripheral,left,od,CTEH
363,11571,peripheral,left,macula,CTEH
364,11572,central,left,macula,CTEH
365,11573,peripheral,left,od,CTEH
366,11574,peripheral,left,null-centered,CTEH
367,11575,peripheral,left,macula,CTEH
368,11576,central,left,od,CTEH
369,11577,central,left,macula,CTEH
370,11578,central,left,macula,CTEH
371,11579,central,left,od,CTEH
372,11580,central,right,macula,CTEH
373,11581,central,right,macula,CTEH
374,11582,peripheral,left,null-centered,CTEH
375,11583,peripheral,left,null-centered,CTEH
376,11584,peripheral,right,null-centered,CTEH
377,11585,peripheral,left,null-centered,CTEH
378,11586,peripheral,left,null-centered,CTEH
379,11587,peripheral,right,null-centered,CTEH
380,11588,peripheral,left,null-centered,CTEH
381,11589,peripheral,left,null-centered,CTEH
382,11590,peripheral,left,null-centered,CTEH
383,11591,central,left,macula,CTEH
384,11592,central,left,od,CTEH
385,11593,central,left,od,CTEH
386,11594,peripheral,right,null-centered,CTEH
387,11595,peripheral,right,null-centered,CTEH
388,11596,peripheral,left,null-centered,CTEH
389,11597,peripheral,right,null-centered,CTEH
390,11598,peripheral,right,null-centered,CTEH
391,11599,peripheral,right,null-centered,CTEH
392,11600,peripheral,right,null-centered,CTEH
393,11601,central,left,null-centered,CTEH
394,11602,central,left,macula,CTEH
395,11603,peripheral,left,null-centered,CTEH
396,11604,peripheral,right,null-centered,CTEH
397,11605,peripheral,right,null-centered,CTEH
398,11606,peripheral,right,null-centered,CTEH
399,11607,peripheral,right,null-centered,CTEH
400,11608,peripheral,right,null-centered,CTEH
401,11609,peripheral,right,null-centered,CTEH
402,11610,peripheral,right,null-centered,CTEH
403,11611,peripheral,right,od,CTEH
404,11612,central,right,od,CTEH
405,11613,central,right,od,CTEH
406,11614,central,right,macula,CTEH
407,11615,central,right,od,CTEH
408,11616,peripheral,left,macula,CTEH
409,11617,peripheral,left,null-centered,CTEH
410,11618,peripheral,left,null-centered,CTEH
411,11619,peripheral,left,null-centered,CTEH
412,11620,peripheral,left,od,CTEH
413,11621,central,left,od,CTEH
414,11622,peripheral,left,macula,CTEH
415,11623,central,left,macula,CTEH
416,11624,central,right,macula,CTEH
417,11625,peripheral,right,null-centered,CTEH
418,11626,peripheral,right,null-centered,CTEH
419,11627,peripheral,right,macula,CTEH
420,11628,central,right,macula,CTEH
421,11629,central,right,macula,CTEH
422,11630,central,left,macula,CTEH
423,11631,peripheral,left,macula,CTEH
424,11632,central,right,macula,CTEH
425,11633,peripheral,left,macula,CTEH
426,11634,peripheral,left,null-centered,CTEH
427,11635,peripheral,left,null-centered,CTEH
428,11636,peripheral,left,null-centered,CTEH
429,11637,peripheral,right,null-centered,CTEH
430,11638,peripheral,right,null-centered,CTEH
431,11639,peripheral,right,null-centered,CTEH
432,11640,peripheral,left,od,CTEH
433,11641,central,left,macula,CTEH
434,11642,peripheral,right,od,CTEH
435,11643,central,right,od,CTEH
436,11644,peripheral,right,macula,CTEH
437,11645,central,right,macula,CTEH
438,11646,central,right,macula,CTEH
439,11649,peripheral,right,od,CTEH
440,11650,peripheral,right,null-centered,CTEH
441,11651,peripheral,right,null-centered,CTEH
442,11652,peripheral,left,null-centered,CTEH
443,11653,peripheral,left,null-centered,CTEH
444,11654,peripheral,left,null-centered,CTEH
445,11655,central,left,od,CTEH
446,11656,central,left,od,CTEH
447,11657,central,left,macula,CTEH
448,11658,central,left,macula,CTEH
449,11659,peripheral,left,null-centered,CTEH
450,11660,central,left,macula,CTEH
451,11661,peripheral,left,null-centered,CTEH
452,11662,peripheral,left,null-centered,CTEH
453,11663,peripheral,left,null-centered,CTEH
454,11664,peripheral,left,null-centered,CTEH
455,11665,peripheral,left,null-centered,CTEH
456,11666,central,left,macula,CTEH
457,11667,peripheral,right,null-centered,CTEH
458,11668,peripheral,right,null-centered,CTEH
459,11669,peripheral,left,null-centered,CTEH
460,11670,peripheral,left,null-centered,CTEH
461,11671,peripheral,right,null-centered,CTEH
462,11672,peripheral,left,null-centered,CTEH
463,11673,peripheral,left,null-centered,CTEH
464,11674,peripheral,right,macula,CTEH
465,11675,central,left,macula,CTEH
466,11676,central,right,macula,CTEH
467,11677,peripheral,left,null-centered,CTEH
468,11678,peripheral,right,null-centered,CTEH
469,11679,peripheral,left,null-centered,CTEH
470,11680,peripheral,left,null-centered,CTEH
471,11681,peripheral,left,null-centered,CTEH
472,11682,peripheral,right,null-centered,CTEH
473,11683,peripheral,right,null-centered,CTEH
474,11684,peripheral,left,null-centered,CTEH
475,11685,peripheral,left,null-centered,CTEH
476,11686,peripheral,left,null-centered,CTEH
477,11687,peripheral,left,null-centered,CTEH
478,11688,peripheral,left,null-centered,CTEH
479,11689,central,left,macula,CTEH
480,11690,peripheral,right,null-centered,CTEH
481,11691,peripheral,right,null-centered,CTEH
482,11692,peripheral,right,null-centered,CTEH
483,11693,peripheral,left,null-centered,CTEH
484,11694,peripheral,left,null-centered,CTEH
485,11695,peripheral,left,null-centered,CTEH
486,11696,peripheral,right,null-centered,CTEH
487,11697,peripheral,right,null-centered,CTEH
488,11698,peripheral,left,null-centered,CTEH
489,11699,peripheral,left,od,CTEH
490,11700,peripheral,left,null-centered,CTEH
491,11701,peripheral,right,null-centered,CTEH
492,11702,central,right,od,CTEH
493,11703,central,left,od,CTEH
494,11704,peripheral,left,null-centered,CTEH
495,11705,peripheral,left,null-centered,CTEH
496,11706,peripheral,left,null-centered,CTEH
497,11707,peripheral,left,null-centered,CTEH
498,11708,peripheral,left,null-centered,CTEH
499,11709,peripheral,left,null-centered,CTEH
500,11710,peripheral,left,null-centered,CTEH
501,11711,central,left,null-centered,CTEH
502,11712,central,left,null-centered,CTEH
503,11713,central,right,macula,CTEH
504,11714,peripheral,right,null-centered,CTEH
505,11715,peripheral,right,null-centered,CTEH
506,11716,peripheral,right,null-centered,CTEH
507,11717,peripheral,right,null-centered,CTEH
508,11718,peripheral,right,null-centered,CTEH
509,11719,central,right,macula,CTEH
510,11720,central,right,macula,CTEH
511,11721,central,left,macula,CTEH
512,11722,central,left,od,CTEH
513,11723,central,left,macula,CTEH
514,11724,central,right,macula,CTEH
515,11725,central,right,macula,CTEH
516,11726,peripheral,left,null-centered,CTEH
517,11727,peripheral,left,null-centered,CTEH
518,11728,peripheral,left,null-centered,CTEH
519,11729,peripheral,left,null-centered,CTEH
520,11730,peripheral,right,null-centered,CTEH
521,11731,central,right,null-centered,CTEH
522,11732,central,left,od,CTEH
523,11733,peripheral,left,null-centered,CTEH
524,11734,peripheral,left,null-centered,CTEH
525,11735,peripheral,left,null-centered,CTEH
526,11736,central,right,macula,CTEH
527,11737,peripheral,right,null-centered,CTEH
528,11738,peripheral,right,null-centered,CTEH
529,11739,peripheral,right,null-centered,CTEH
530,11740,central,left,macula,CTEH
531,11741,central,left,macula,CTEH
532,11742,peripheral,left,null-centered,CTEH
533,11743,peripheral,right,null-centered,CTEH
534,11744,peripheral,right,null-centered,CTEH
535,11745,peripheral,right,macula,CTEH
536,11746,peripheral,right,macula,CTEH
537,11747,peripheral,right,null-centered,CTEH
538,11748,peripheral,right,null-centered,CTEH
539,11749,peripheral,right,null-centered,CTEH
540,11750,peripheral,right,null-centered,CTEH
541,11751,peripheral,right,null-centered,CTEH
542,11752,peripheral,right,null-centered,CTEH
543,11753,peripheral,left,null-centered,CTEH
544,11754,peripheral,left,null-centered,CTEH
545,11755,central,left,macula,CTEH
546,11756,peripheral,left,null-centered,CTEH
547,11757,peripheral,right,null-centered,CTEH
548,11758,peripheral,right,null-centered,CTEH
549,11759,peripheral,right,null-centered,CTEH
550,11760,peripheral,right,null-centered,CTEH
551,11761,peripheral,right,null-centered,CTEH
552,11762,peripheral,right,null-centered,CTEH
553,11763,central,right,macula,CTEH
554,11764,peripheral,left,macula,CTEH
555,11765,peripheral,right,null-centered,CTEH
556,11766,peripheral,right,null-centered,CTEH
557,11767,central,left,od,CTEH
558,11768,peripheral,left,null-centered,CTEH
559,11769,peripheral,right,null-centered,CTEH
560,11770,peripheral,right,null-centered,CTEH
561,11771,central,left,macula,CTEH
562,11772,peripheral,right,null-centered,CTEH
563,11773,peripheral,right,null-centered,CTEH
564,11774,peripheral,right,null-centered,CTEH
565,11775,peripheral,right,macula,CTEH
566,11776,peripheral,right,null-centered,CTEH
567,11777,central,right,od,CTEH
568,11778,central,right,macula,CTEH
569,11779,central,left,macula,CTEH
570,11780,peripheral,left,macula,CTEH
571,11781,peripheral,left,macula,CTEH
572,11782,central,right,macula,CTEH
573,11783,peripheral,right,null-centered,CTEH
574,11784,peripheral,left,null-centered,CTEH
575,11785,peripheral,left,null-centered,CTEH
576,11786,peripheral,right,null-centered,CTEH
577,11787,peripheral,right,null-centered,CTEH
578,11788,peripheral,left,null-centered,CTEH
579,11789,peripheral,right,null-centered,CTEH
580,11790,peripheral,left,null-centered,CTEH
581,11791,peripheral,left,null-centered,CTEH
582,11792,central,left,macula,CTEH
583,11793,peripheral,right,null-centered,CTEH
584,11794,peripheral,right,null-centered,CTEH
585,11795,peripheral,right,null-centered,CTEH
586,11796,peripheral,right,null-centered,CTEH
587,11797,peripheral,right,null-centered,CTEH
588,11798,peripheral,right,null-centered,CTEH
589,11799,central,right,macula,CTEH
590,11800,peripheral,left,null-centered,CTEH
591,11801,central,left,od,CTEH
592,11802,central,left,macula,CTEH
593,11803,central,right,macula,CTEH
594,11804,central,right,macula,CTEH
595,11805,central,right,macula,CTEH
596,11806,peripheral,left,null-centered,CTEH
597,11807,peripheral,left,null-centered,CTEH
598,11808,central,left,od,CTEH
599,11809,central,left,od,CTEH
600,11810,peripheral,left,od,CTEH
601,11811,central,right,od,CTEH
602,11812,peripheral,left,null-centered,CTEH
603,11813,peripheral,left,null-centered,CTEH
604,11814,central,left,od,CTEH
605,11815,peripheral,right,null-centered,CTEH
606,11816,peripheral,right,null-centered,CTEH
607,11817,peripheral,right,null-centered,CTEH
608,11818,peripheral,right,null-centered,CTEH
609,11819,peripheral,right,null-centered,CTEH
610,11820,peripheral,left,null-centered,CTEH
611,11821,central,left,macula,CTEH
612,11822,central,left,macula,CTEH
613,11823,central,right,od,CTEH
614,11824,peripheral,right,od,CTEH
615,11825,peripheral,left,null-centered,CTEH
616,11826,peripheral,left,null-centered,CTEH
617,11827,peripheral,right,null-centered,CTEH
618,11828,peripheral,right,null-centered,CTEH
619,11829,peripheral,right,null-centered,CTEH
620,11830,central,right,od,CTEH
621,11831,peripheral,left,null-centered,CTEH
622,11832,peripheral,right,null-centered,CTEH
623,11833,peripheral,left,null-centered,CTEH
624,11834,peripheral,right,null-centered,CTEH
625,11835,peripheral,right,null-centered,CTEH
626,11836,peripheral,left,null-centered,CTEH
627,11837,peripheral,right,null-centered,CTEH
628,11838,central,left,od,CTEH
629,11839,peripheral,left,macula,CTEH
630,11840,central,left,macula,CTEH
631,11841,central,right,od,CTEH
632,11842,peripheral,right,null-centered,CTEH
633,11843,peripheral,left,null-centered,CTEH
634,11844,peripheral,right,null-centered,CTEH
635,11845,peripheral,right,null-centered,CTEH
636,11846,peripheral,right,null-centered,CTEH
637,11847,peripheral,right,null-centered,CTEH
638,11848,peripheral,right,null-centered,CTEH
639,11849,central,right,macula,CTEH
640,11850,central,right,macula,CTEH
641,11851,central,right,macula,CTEH
642,11852,central,left,macula,CTEH
643,11853,peripheral,left,null-centered,CTEH
644,11854,peripheral,right,null-centered,CTEH
645,11855,peripheral,right,null-centered,CTEH
646,11856,peripheral,right,null-centered,CTEH
647,11857,peripheral,right,null-centered,CTEH
648,11858,peripheral,left,null-centered,CTEH
649,11859,peripheral,right,null-centered,CTEH
650,11860,peripheral,right,null-centered,CTEH
651,11861,peripheral,right,null-centered,CTEH
652,11862,peripheral,right,null-centered,CTEH
653,11863,peripheral,right,null-centered,CTEH
654,11864,peripheral,right,null-centered,CTEH
655,11865,peripheral,right,null-centered,CTEH
656,11866,peripheral,right,null-centered,CTEH
657,11867,peripheral,right,null-centered,CTEH
658,11868,peripheral,right,null-centered,CTEH
659,11869,peripheral,right,null-centered,CTEH
660,11870,peripheral,right,null-centered,CTEH
661,11871,peripheral,right,null-centered,CTEH
662,11872,peripheral,left,null-centered,CTEH
663,11873,peripheral,right,null-centered,CTEH
664,11874,peripheral,right,null-centered,CTEH
665,11875,peripheral,right,null-centered,CTEH
666,11876,peripheral,right,null-centered,CTEH
667,11877,peripheral,left,null-centered,CTEH
668,11878,peripheral,right,null-centered,CTEH
669,11879,peripheral,right,null-centered,CTEH
670,11880,central,right,macula,CTEH
671,11881,peripheral,right,null-centered,CTEH
672,11882,peripheral,right,null-centered,CTEH
673,11883,peripheral,right,null-centered,CTEH
674,11884,peripheral,left,null-centered,CTEH
675,11885,peripheral,left,null-centered,CTEH
676,11886,peripheral,left,null-centered,CTEH
677,11887,peripheral,right,null-centered,CTEH
678,11888,peripheral,right,null-centered,CTEH
679,11889,peripheral,left,null-centered,CTEH
680,11890,peripheral,left,od,CTEH
681,11891,central,left,macula,CTEH
682,11892,peripheral,right,null-centered,CTEH
683,11893,peripheral,right,null-centered,CTEH
684,11894,central,right,od,CTEH
685,11895,peripheral,left,null-centered,CTEH
686,11896,peripheral,left,null-centered,CTEH
687,11897,peripheral,right,null-centered,CTEH
688,11898,peripheral,right,null-centered,CTEH
689,11899,peripheral,right,null-centered,CTEH
690,11900,central,right,od,CTEH
691,11901,central,left,od,CTEH
692,11902,peripheral,right,null-centered,CTEH
693,11903,peripheral,right,null-centered,CTEH
694,11904,peripheral,right,null-centered,CTEH
695,11905,peripheral,right,null-centered,CTEH
696,11906,peripheral,right,null-centered,CTEH
697,11907,peripheral,left,null-centered,CTEH
698,11908,central,left,macula,CTEH
699,11909,central,left,macula,CTEH
700,11910,peripheral,right,null-centered,CTEH
701,11911,peripheral,right,null-centered,CTEH
702,11912,peripheral,right,null-centered,CTEH
703,11913,peripheral,right,null-centered,CTEH
704,11914,central,right,null-centered,CTEH
705,11915,peripheral,right,null-centered,CTEH
706,11916,central,right,od,CTEH
707,11917,central,left,macula,CTEH
708,11918,central,left,macula,CTEH
709,11919,central,right,macula,CTEH
710,11920,peripheral,right,null-centered,CTEH
711,11921,peripheral,right,null-centered,CTEH
712,11922,peripheral,left,null-centered,CTEH
713,11923,peripheral,right,null-centered,CTEH
714,11924,peripheral,left,null-centered,CTEH
715,11925,peripheral,left,null-centered,CTEH
716,11926,peripheral,right,null-centered,CTEH
717,11927,peripheral,right,macula,CTEH
718,11928,peripheral,left,od,CTEH
719,11929,peripheral,right,null-centered,CTEH
720,11930,peripheral,right,null-centered,CTEH
721,11931,central,left,macula,CTEH
722,11932,peripheral,left,null-centered,CTEH
723,11933,peripheral,left,null-centered,CTEH
724,11934,peripheral,left,null-centered,CTEH
725,11935,peripheral,left,null-centered,CTEH
726,11936,peripheral,right,null-centered,CTEH
727,11937,peripheral,right,null-centered,CTEH
728,11938,peripheral,right,od,CTEH
729,11939,peripheral,left,null-centered,CTEH
730,11940,central,left,macula,CTEH
731,11941,peripheral,right,macula,CTEH
732,11942,peripheral,right,null-centered,CTEH
733,11943,peripheral,right,null-centered,CTEH
734,11944,peripheral,left,null-centered,CTEH
735,11945,peripheral,left,null-centered,CTEH
736,11946,peripheral,right,null-centered,CTEH
737,11947,peripheral,left,null-centered,CTEH
738,11948,peripheral,left,null-centered,CTEH
739,11949,peripheral,right,null-centered,CTEH
740,11950,peripheral,right,null-centered,CTEH
741,11951,peripheral,right,null-centered,CTEH
742,11952,peripheral,right,null-centered,CTEH
743,11953,peripheral,right,null-centered,CTEH
744,11954,peripheral,left,null-centered,CTEH
745,11955,peripheral,right,null-centered,CTEH
746,11956,peripheral,right,null-centered,CTEH
747,11957,peripheral,right,null-centered,CTEH
748,11958,peripheral,right,null-centered,CTEH
749,11959,peripheral,left,null-centered,CTEH
750,11960,central,left,od,CTEH
751,11961,peripheral,right,null-centered,CTEH
752,11962,peripheral,right,null-centered,CTEH
753,11963,peripheral,right,null-centered,CTEH
754,11964,peripheral,right,null-centered,CTEH
755,11965,peripheral,right,null-centered,CTEH
756,11966,peripheral,left,null-centered,CTEH
757,11967,peripheral,right,null-centered,CTEH
758,11968,peripheral,right,null-centered,CTEH
759,11969,peripheral,right,null-centered,CTEH
760,11970,central,right,macula,CTEH
761,11971,peripheral,right,null-centered,CTEH
762,11972,central,left,od,CTEH
763,11973,peripheral,right,null-centered,CTEH
764,11974,central,left,od,CTEH
765,11975,central,left,macula,CTEH
766,11976,central,left,od,CTEH
767,11977,peripheral,right,null-centered,CTEH
768,11978,central,right,od,CTEH
769,11979,peripheral,right,null-centered,CTEH
770,11980,peripheral,right,null-centered,CTEH
771,11981,central,right,macula,CTEH
772,11982,central,left,null-centered,CTEH
773,11983,central,left,macula,CTEH
774,11985,peripheral,left,null-centered,CTEH
775,11986,peripheral,left,null-centered,CTEH
776,11987,peripheral,right,null-centered,CTEH
777,11988,peripheral,right,null-centered,CTEH
778,11989,peripheral,right,null-centered,CTEH
779,11990,peripheral,left,null-centered,CTEH
780,11991,peripheral,right,null-centered,CTEH
781,11992,peripheral,right,null-centered,CTEH
782,11993,central,right,macula,CTEH
783,11994,central,right,macula,CTEH
784,11995,peripheral,left,null-centered,CTEH
785,11996,peripheral,right,null-centered,CTEH
786,11997,peripheral,left,null-centered,CTEH
787,11998,central,right,macula,CTEH
788,11999,peripheral,right,null-centered,CTEH
789,12000,peripheral,left,null-centered,CTEH
790,12001,peripheral,left,null-centered,CTEH
791,12002,peripheral,left,null-centered,CTEH
792,12003,central,left,macula,CTEH
793,12004,central,left,macula,CTEH
794,12005,central,right,null-centered,CTEH
795,12006,peripheral,right,null-centered,CTEH
796,12007,central,right,od,CTEH
797,12008,peripheral,left,null-centered,CTEH
798,12009,peripheral,left,null-centered,CTEH
799,12010,peripheral,right,null-centered,CTEH
800,12011,peripheral,right,null-centered,CTEH
801,12012,peripheral,right,null-centered,CTEH
802,12013,peripheral,left,null-centered,CTEH
803,12014,peripheral,left,null-centered,CTEH
804,12015,peripheral,left,null-centered,CTEH
805,12016,peripheral,left,null-centered,CTEH
806,12017,central,left,null-centered,CTEH
807,12018,central,left,od,CTEH
808,12019,peripheral,right,null-centered,CTEH
809,12020,peripheral,right,null-centered,CTEH
810,12021,peripheral,right,null-centered,CTEH
811,12022,peripheral,left,null-centered,CTEH
812,12023,peripheral,left,null-centered,CTEH
813,12024,peripheral,left,null-centered,CTEH
814,12025,peripheral,left,null-centered,CTEH
815,12026,central,right,macula,CTEH
816,12027,central,left,null-centered,CTEH
817,12028,central,left,null-centered,CTEH
818,12029,central,left,od,CTEH
819,12030,peripheral,left,null-centered,CTEH
820,12031,peripheral,right,null-centered,CTEH
821,12032,central,right,od,CTEH
822,12033,central,left,null-centered,CTEH
823,12034,central,left,od,CTEH
824,12035,peripheral,left,null-centered,CTEH
825,12036,peripheral,left,null-centered,CTEH
826,12037,peripheral,right,od,CTEH
827,12038,central,left,macula,CTEH
828,12039,central,left,od,CTEH
829,12040,central,left,macula,CTEH
830,12041,peripheral,right,null-centered,CTEH
831,12042,peripheral,right,null-centered,CTEH
832,12043,peripheral,left,null-centered,CTEH
833,12044,peripheral,left,macula,CTEH
834,12045,central,left,od,CTEH
835,12046,central,left,od,CTEH
836,12047,central,left,od,CTEH
837,12048,peripheral,right,null-centered,CTEH
838,12049,peripheral,right,null-centered,CTEH
839,12050,peripheral,right,null-centered,CTEH
840,12051,peripheral,right,null-centered,CTEH
841,12052,central,left,od,CTEH
842,12053,peripheral,right,null-centered,CTEH
843,12054,central,right,macula,CTEH
844,12055,central,right,macula,CTEH
845,12056,peripheral,left,macula,CTEH
846,12057,central,left,macula,CTEH
847,12058,central,right,macula,CTEH
848,12059,central,left,od,CTEH
849,12060,central,right,macula,CTEH
850,12061,central,right,null-centered,CTEH
851,12062,peripheral,left,od,CTEH
852,12063,peripheral,right,null-centered,CTEH
853,12064,peripheral,left,macula,CTEH
854,12065,peripheral,right,null-centered,CTEH
855,12066,peripheral,left,null-centered,CTEH
856,12067,peripheral,left,null-centered,CTEH
857,12068,peripheral,right,null-centered,CTEH
858,12069,peripheral,left,null-centered,CTEH
859,12070,peripheral,left,null-centered,CTEH
860,12071,peripheral,left,null-centered,CTEH
861,12072,central,left,od,CTEH
862,12073,peripheral,right,null-centered,CTEH
863,12074,peripheral,right,null-centered,CTEH
864,12075,peripheral,right,null-centered,CTEH
865,12076,peripheral,right,null-centered,CTEH
866,12077,peripheral,right,null-centered,CTEH
867,12078,peripheral,right,null-centered,CTEH
868,12079,peripheral,left,null-centered,CTEH
869,12080,peripheral,right,null-centered,CTEH
870,12081,peripheral,left,null-centered,CTEH
871,12082,central,left,macula,CTEH
872,12083,central,right,macula,CTEH
873,12084,peripheral,right,null-centered,CTEH
874,12085,peripheral,right,null-centered,CTEH
875,12086,peripheral,right,null-centered,CTEH
876,12087,peripheral,right,null-centered,CTEH
877,12088,peripheral,left,null-centered,CTEH
878,12089,central,right,macula,CTEH
879,12090,central,right,macula,CTEH
880,12091,central,left,macula,CTEH
881,12092,central,right,macula,CTEH
882,12093,peripheral,right,null-centered,CTEH
883,12094,peripheral,right,null-centered,CTEH
884,12095,peripheral,left,null-centered,CTEH
885,12096,peripheral,right,null-centered,CTEH
886,12097,peripheral,right,null-centered,CTEH
887,12098,peripheral,right,null-centered,CTEH
888,12099,peripheral,left,null-centered,CTEH
889,12100,peripheral,left,null-centered,CTEH
890,12101,peripheral,right,null-centered,CTEH
891,12102,peripheral,right,null-centered,CTEH
892,12103,peripheral,right,null-centered,CTEH
893,12104,peripheral,right,null-centered,CTEH
894,12105,peripheral,left,null-centered,CTEH
895,12106,peripheral,right,null-centered,CTEH
896,12107,peripheral,right,null-centered,CTEH
897,12108,peripheral,right,null-centered,CTEH
898,12109,peripheral,right,null-centered,CTEH
899,12110,central,right,macula,CTEH
900,12111,central,left,macula,CTEH
901,12112,central,right,macula,CTEH
902,12113,central,left,od,CTEH
903,12114,central,left,macula,CTEH
904,12115,central,left,macula,CTEH
905,12116,central,right,od,CTEH
906,12117,central,right,macula,CTEH
907,12118,central,right,macula,CTEH
908,12119,central,left,macula,CTEH
909,12120,central,left,macula,CTEH
910,12121,central,left,od,CTEH
911,12122,central,right,null-centered,CTEH
912,12123,central,right,od,CTEH
913,12124,central,right,macula,CTEH
914,12125,central,left,od,EYESCAN
915,12126,central,right,od,EYESCAN
916,12127,central,right,macula,EYESCAN
917,12128,central,right,macula,EYESCAN
918,12129,central,left,od,EYESCAN
919,12130,central,left,macula,EYESCAN
920,12131,central,right,od,EYESCAN
921,12132,central,left,macula,EYESCAN
922,12133,central,left,od,EYESCAN
923,12134,central,right,macula,EYESCAN
924,12135,central,left,macula,EYESCAN
925,12136,central,left,od,EYESCAN
926,12137,central,right,od,EYESCAN
927,12138,central,right,macula,EYESCAN
928,12139,central,left,od,EYESCAN
929,12140,central,left,od,EYESCAN
930,12141,central,right,macula,EYESCAN
931,12142,central,left,macula,EYESCAN
932,12143,central,right,od,EYESCAN
933,12144,central,right,macula,EYESCAN
934,12145,central,left,macula,EYESCAN
935,12146,central,left,od,EYESCAN
936,12147,central,right,od,EYESCAN
937,12148,central,right,macula,EYESCAN
938,12149,central,left,macula,EYESCAN
939,12150,central,left,od,EYESCAN
940,12151,central,left,od,EYESCAN
941,12152,central,right,od,EYESCAN
942,12153,central,right,macula,EYESCAN
943,12154,central,right,od,EYESCAN
944,12155,central,right,macula,EYESCAN
945,12156,central,left,macula,EYESCAN
946,12157,central,left,od,EYESCAN
947,12158,central,right,od,EYESCAN
948,12159,central,right,macula,EYESCAN
949,12160,central,right,null-centered,EYESCAN
950,12161,central,right,null-centered,EYESCAN
951,12162,central,left,macula,EYESCAN
952,12163,central,left,od,EYESCAN
953,12164,central,left,od,EYESCAN
954,12165,central,right,od,EYESCAN
955,12166,central,right,od,EYESCAN
956,12167,central,right,od,EYESCAN
957,12168,central,right,od,EYESCAN
958,12169,central,left,od,EYESCAN
959,12170,central,right,od,EYESCAN
960,12171,central,right,macula,EYESCAN
961,12172,central,left,macula,EYESCAN
962,12173,central,right,od,EYESCAN
963,12174,central,right,macula,EYESCAN
964,12175,central,left,macula,EYESCAN
965,12176,central,left,od,EYESCAN
966,12177,central,left,macula,EYESCAN
967,12178,central,left,od,EYESCAN
968,12179,central,right,od,EYESCAN
969,12180,central,left,od,EYESCAN
970,12181,central,left,od,EYESCAN
971,12182,central,right,macula,EYESCAN
972,12183,central,left,macula,EYESCAN
973,12184,central,left,od,EYESCAN
974,12185,central,right,od,EYESCAN
975,12186,central,right,macula,EYESCAN
976,12187,central,left,macula,EYESCAN
977,12188,central,right,od,EYESCAN
978,12189,central,right,od,EYESCAN
979,12190,central,right,od,EYESCAN
980,12191,central,left,od,EYESCAN
981,12192,central,left,macula,EYESCAN
982,12193,central,left,od,EYESCAN
983,12194,central,right,macula,EYESCAN
984,12195,central,left,od,EYESCAN
985,12196,central,left,od,EYESCAN
986,12197,central,right,od,EYESCAN
987,12198,central,right,od,EYESCAN
988,12199,central,left,od,EYESCAN
989,12200,central,left,null-centered,EYESCAN
990,12201,central,left,null-centered,EYESCAN
991,12202,central,right,od,EYESCAN
992,12203,central,left,macula,EYESCAN
993,12204,central,left,od,EYESCAN
994,12205,central,right,od,EYESCAN
995,12206,central,right,macula,EYESCAN
996,12207,central,left,od,EYESCAN
997,12208,central,left,od,EYESCAN
998,12209,central,right,od,EYESCAN
999,12210,central,left,macula,EYESCAN
1000,12211,central,left,od,EYESCAN
1001,12212,central,left,od,EYESCAN
1002,12213,central,right,od,EYESCAN
1003,12214,central,right,macula,EYESCAN
1004,12215,central,left,macula,EYESCAN
1005,12216,central,left,od,EYESCAN
1006,12217,central,right,od,EYESCAN
1007,12218,central,right,macula,EYESCAN
1008,12219,central,left,od,EYESCAN
1009,12220,central,right,od,EYESCAN
1010,12221,central,right,macula,EYESCAN
1011,12222,central,left,od,EYESCAN
1012,12223,central,left,od,EYESCAN
1013,12224,central,right,od,EYESCAN
1014,12225,central,left,od,EYESCAN
1015,12226,central,right,od,EYESCAN
1016,12227,central,right,macula,EYESCAN
1017,12228,peripheral,right,null-centered,EYESCAN
1018,12229,central,left,macula,EYESCAN
1019,12230,central,left,od,EYESCAN
1020,12231,central,right,od,EYESCAN
1021,12232,central,right,macula,EYESCAN
1022,12233,central,left,macula,EYESCAN
1023,12234,central,left,od,EYESCAN
1024,12235,central,right,od,EYESCAN
1025,12236,central,right,macula,EYESCAN
1026,12237,central,left,od,EYESCAN
1027,12238,central,right,od,EYESCAN
1028,12239,central,right,macula,EYESCAN
1029,12240,central,left,macula,EYESCAN
1030,12241,central,right,od,EYESCAN
1031,12242,central,right,macula,EYESCAN
1032,12243,central,left,macula,EYESCAN
1033,12244,central,left,od,EYESCAN
1034,12245,central,left,macula,EYESCAN
1035,12246,central,left,od,EYESCAN
1036,12247,central,right,od,EYESCAN
1037,12248,central,right,macula,EYESCAN
1038,12249,central,left,od,EYESCAN
1039,12250,central,right,od,EYESCAN
1040,12251,central,left,macula,EYESCAN
1041,12252,central,left,od,EYESCAN
1042,12253,central,left,od,EYESCAN
1043,12254,central,right,macula,EYESCAN
1044,12255,central,left,od,EYESCAN
1045,12256,central,right,macula,EYESCAN
1046,12257,central,left,od,EYESCAN
1047,12258,central,left,od,EYESCAN
1048,12259,central,left,macula,EYESCAN
1049,12260,central,right,od,EYESCAN
1050,12261,central,right,macula,EYESCAN
1051,12262,central,left,macula,EYESCAN
1052,12263,central,left,od,EYESCAN
1053,12264,central,right,od,EYESCAN
1054,12265,central,right,macula,EYESCAN
1055,12266,central,left,macula,EYESCAN
1056,12267,central,left,od,EYESCAN
1057,12268,central,right,macula,EYESCAN
1058,12269,central,left,macula,EYESCAN
1059,12270,central,left,od,EYESCAN
1060,12271,central,left,macula,EYESCAN
1061,12272,central,left,od,EYESCAN
1062,12273,central,left,macula,EYESCAN
1063,12274,central,right,od,EYESCAN
1064,12275,central,left,od,EYESCAN
1065,12276,central,right,od,EYESCAN
1066,12277,central,right,macula,EYESCAN
1067,12278,central,right,od,EYESCAN
1068,12279,central,right,macula,EYESCAN
1069,12280,central,left,macula,EYESCAN
1070,12281,central,right,od,EYESCAN
1071,12282,central,right,macula,EYESCAN
1072,12283,central,left,macula,EYESCAN
1073,12284,central,left,od,EYESCAN
1074,12285,central,right,od,EYESCAN
1075,12286,central,left,macula,EYESCAN
1076,12287,central,left,od,EYESCAN
1077,12288,central,right,od,EYESCAN
1078,12289,central,right,macula,EYESCAN
1079,12290,central,left,macula,EYESCAN
1080,12291,central,right,od,EYESCAN
1081,12292,central,right,macula,EYESCAN
1082,12293,central,left,macula,EYESCAN
1083,12294,central,left,macula,EYESCAN
1084,12295,central,right,od,EYESCAN
1085,12296,central,right,macula,EYESCAN
1086,12297,central,left,macula,EYESCAN
1087,12298,central,left,od,EYESCAN
1088,12299,central,left,od,EYESCAN
1089,12300,central,right,od,EYESCAN
1090,12301,central,right,macula,EYESCAN
1091,12302,central,right,od,EYESCAN
1092,12303,central,right,macula,EYESCAN
1093,12304,central,left,macula,EYESCAN
1094,12305,central,left,od,EYESCAN
1095,12306,central,right,od,EYESCAN
1096,12307,central,right,macula,EYESCAN
1097,12308,central,left,macula,EYESCAN
1098,12309,central,left,od,EYESCAN
1099,12310,central,right,od,EYESCAN
1100,12311,central,left,macula,EYESCAN
1101,12312,central,left,macula,EYESCAN
1102,12313,central,left,od,EYESCAN
1103,12314,central,right,od,EYESCAN
1104,12315,central,right,macula,EYESCAN
1105,12316,central,left,od,EYESCAN
1106,12317,central,left,macula,EYESCAN
1107,12318,central,left,od,EYESCAN
1108,12319,central,right,od,EYESCAN
1109,12320,central,left,macula,EYESCAN
1110,12321,central,left,od,EYESCAN
1111,12322,central,left,od,EYESCAN
1112,12323,central,right,od,EYESCAN
1113,12324,central,left,macula,EYESCAN
1114,12325,central,left,od,EYESCAN
1115,12326,central,right,macula,EYESCAN
1116,12327,central,left,macula,EYESCAN
1117,12328,central,left,od,EYESCAN
1118,12329,central,right,od,EYESCAN
1119,12330,central,right,macula,EYESCAN
1120,12331,central,left,macula,EYESCAN
1121,12332,central,left,od,EYESCAN
1122,12333,central,left,od,EYESCAN
1123,12334,central,right,od,EYESCAN
1124,12335,central,right,od,EYESCAN
1125,12336,central,left,od,EYESCAN
1126,12337,central,right,macula,EYESCAN
1127,12338,central,right,od,EYESCAN
1128,12339,central,left,od,EYESCAN
1129,12340,central,right,od,EYESCAN
1130,12341,central,right,macula,EYESCAN
1131,12342,central,left,macula,EYESCAN
1132,12343,central,left,macula,EYESCAN
1133,12344,central,left,od,EYESCAN
1134,12345,central,right,od,EYESCAN
1135,12346,central,right,macula,EYESCAN
1136,12347,central,right,od,EYESCAN
1137,12348,central,right,macula,EYESCAN
1138,12349,central,left,macula,EYESCAN
1139,12350,central,left,od,EYESCAN
1140,12351,central,right,macula,EYESCAN
1141,12352,central,right,od,EYESCAN
1142,12353,central,right,macula,EYESCAN
1143,12354,central,right,od,EYESCAN
1144,12355,central,left,od,EYESCAN
1145,12356,central,left,od,EYESCAN
1146,12357,central,right,od,EYESCAN
1147,12358,central,right,macula,EYESCAN
1148,12359,central,right,od,EYESCAN
1149,12360,central,right,macula,EYESCAN
1150,12361,central,right,macula,EYESCAN
1151,12362,central,right,od,EYESCAN
1152,12363,central,right,macula,EYESCAN
1153,12364,central,right,od,EYESCAN
1154,12365,central,right,macula,EYESCAN
1155,12366,central,left,macula,EYESCAN
1156,12367,central,right,od,EYESCAN
1157,12368,central,right,macula,EYESCAN
1158,12369,central,right,od,EYESCAN
1159,12370,central,right,od,EYESCAN
1160,12371,central,right,macula,EYESCAN
1161,12372,central,left,macula,EYESCAN
1162,12373,central,left,od,EYESCAN
1163,12374,central,right,od,EYESCAN
1164,12375,central,right,macula,EYESCAN
1165,12376,central,right,od,EYESCAN
1166,12377,central,right,macula,EYESCAN
1167,12378,central,left,od,EYESCAN
1168,12379,central,left,od,EYESCAN
1169,12380,central,right,od,EYESCAN
1170,12381,central,right,macula,EYESCAN
1171,12382,central,right,macula,EYESCAN
1172,12383,central,left,macula,EYESCAN
1173,12384,central,left,od,EYESCAN
1174,12385,central,left,macula,EYESCAN
1175,12386,central,left,od,EYESCAN
1176,12387,central,right,macula,EYESCAN
1177,12388,central,right,od,EYESCAN
1178,12389,central,right,macula,EYESCAN
1179,12390,central,right,od,EYESCAN
1180,12391,central,right,od,EYESCAN
1181,12392,central,right,od,EYESCAN
1182,12393,central,right,od,EYESCAN
1183,12394,central,right,macula,EYESCAN
1184,12395,central,right,od,EYESCAN
1185,12396,central,right,macula,EYESCAN
1186,12397,central,left,macula,EYESCAN
1187,12398,central,left,od,EYESCAN
1188,12399,central,right,od,EYESCAN
1189,12400,central,left,macula,EYESCAN
1190,12401,central,left,od,EYESCAN
1191,12402,central,right,macula,EYESCAN
1192,12403,central,right,od,EYESCAN
1193,12404,central,left,od,EYESCAN
1194,12405,central,right,od,EYESCAN
1195,12406,central,right,macula,EYESCAN
1196,12407,central,right,od,EYESCAN
1197,12408,central,left,od,EYESCAN
1198,12409,central,left,od,EYESCAN
1199,12410,central,left,od,EYESCAN
1200,12411,central,right,od,EYESCAN
1201,12412,central,right,macula,EYESCAN
1202,12413,central,right,od,EYESCAN
1203,12414,central,right,macula,EYESCAN
1204,12415,central,right,macula,EYESCAN
1205,12416,central,right,od,EYESCAN
1206,12417,central,right,od,EYESCAN
1207,12418,central,left,od,EYESCAN
1208,12419,central,left,od,EYESCAN
1209,12420,central,left,od,EYESCAN
1210,12421,central,right,od,EYESCAN
1211,12422,central,right,macula,EYESCAN
1212,12423,central,right,od,EYESCAN
1213,12424,central,right,macula,EYESCAN
1214,12425,central,right,od,EYESCAN
1215,12426,central,right,macula,EYESCAN
1216,12427,central,left,od,EYESCAN
1217,12428,central,left,macula,EYESCAN
1218,12429,central,left,od,EYESCAN
1219,12430,central,left,macula,EYESCAN
1220,12431,central,right,od,EYESCAN
1221,12432,central,right,macula,EYESCAN
1222,12433,central,right,od,EYESCAN
1223,12434,central,right,od,EYESCAN
1224,12435,central,right,macula,EYESCAN
1225,12436,central,right,od,EYESCAN
1226,12437,central,right,macula,EYESCAN
1227,12438,central,right,od,EYESCAN
1228,12439,central,right,od,EYESCAN
1229,12440,central,right,macula,EYESCAN
1230,12441,central,right,macula,EYESCAN
1231,12442,central,right,od,EYESCAN
1232,12443,central,right,macula,EYESCAN
1233,12444,central,left,macula,EYESCAN
1234,12445,central,left,od,EYESCAN
1235,12446,peripheral,right,null-centered,EYESCAN
1236,12447,central,right,macula,EYESCAN
1237,12448,central,right,od,EYESCAN
1238,12449,peripheral,right,null-centered,EYESCAN
1239,12450,central,right,macula,EYESCAN
1240,12451,central,right,macula,EYESCAN
1241,12452,central,right,macula,EYESCAN
1242,12453,peripheral,left,null-centered,EYESCAN
1243,12454,central,right,macula,EYESCAN
1244,12455,peripheral,left,null-centered,EYESCAN
1245,12456,central,right,od,EYESCAN
1246,12457,central,right,od,EYESCAN
1247,12458,central,right,macula,EYESCAN
1248,12459,peripheral,right,null-centered,EYESCAN
1249,12460,central,right,od,EYESCAN
1250,12461,central,right,macula,EYESCAN
1251,12462,central,right,od,EYESCAN
1252,12463,peripheral,right,null-centered,EYESCAN
1253,12464,central,right,macula,EYESCAN
1254,12465,central,left,null-centered,EYESCAN
1255,12466,central,left,od,EYESCAN
1256,12467,central,right,macula,EYESCAN
1257,12468,central,right,od,EYESCAN
1258,12469,central,right,macula,EYESCAN
1259,12470,central,right,od,EYESCAN
1260,12471,central,right,macula,EYESCAN
1261,12472,central,right,od,EYESCAN
1262,12473,central,right,od,EYESCAN
1263,12474,central,right,macula,EYESCAN
1264,12475,central,right,macula,EYESCAN
1265,12476,central,right,od,EYESCAN
1266,12477,central,right,macula,EYESCAN
1267,12478,central,right,macula,EYESCAN
1268,12479,central,right,od,EYESCAN
1269,12480,central,right,od,EYESCAN
1270,12481,central,right,macula,EYESCAN
1271,12482,central,right,od,EYESCAN
1272,12483,central,right,macula,EYESCAN
1273,12484,central,left,macula,EYESCAN
1274,12485,central,left,od,EYESCAN
1275,12486,central,right,od,EYESCAN
1276,12487,central,right,macula,EYESCAN
1277,12488,central,right,od,EYESCAN
1278,12489,central,right,macula,EYESCAN
1279,12490,central,right,od,EYESCAN
1280,12491,central,left,macula,EYESCAN
1281,12492,central,left,od,EYESCAN
1282,12493,central,right,macula,EYESCAN
1283,12494,central,right,od,EYESCAN
1284,12495,central,right,od,EYESCAN
1285,12496,central,right,macula,EYESCAN
1286,12497,central,right,od,EYESCAN
1287,12498,central,right,macula,EYESCAN
1288,12499,central,right,macula,EYESCAN
1289,12500,central,right,od,EYESCAN
1290,12501,central,right,macula,EYESCAN
1291,12502,central,right,od,EYESCAN
1292,12503,central,right,macula,EYESCAN
1293,12504,central,right,od,EYESCAN
1294,12505,central,right,od,EYESCAN
1295,12506,central,right,od,EYESCAN
1296,12507,central,right,macula,EYESCAN
1297,12508,central,right,macula,EYESCAN
1298,12509,central,right,od,EYESCAN
1299,12510,central,right,macula,EYESCAN
1300,12511,central,right,macula,EYESCAN
1301,12512,central,right,od,EYESCAN
1302,12513,central,right,macula,EYESCAN
1303,12514,central,left,od,EYESCAN
1304,12515,central,left,od,EYESCAN
1305,12516,central,right,od,EYESCAN
1306,12517,central,left,od,EYESCAN
1307,12518,central,left,od,EYESCAN
1308,12519,central,left,macula,EYESCAN
1309,12520,central,left,od,EYESCAN
1310,12521,central,right,od,EYESCAN
1311,12522,central,right,macula,EYESCAN
1312,12523,central,left,od,EYESCAN
1313,12524,central,right,od,EYESCAN
1314,12525,central,left,macula,EYESCAN
1315,12526,central,right,od,EYESCAN
1316,12527,central,right,od,EYESCAN
1317,12528,central,right,macula,EYESCAN
1318,12529,central,left,macula,EYESCAN
1319,12530,central,right,od,EYESCAN
1320,12531,central,left,macula,EYESCAN
1321,12532,central,left,od,EYESCAN
1322,12533,central,right,od,EYESCAN
1323,12534,central,right,macula,EYESCAN
1324,12535,central,left,macula,EYESCAN
1325,12536,central,left,od,EYESCAN
1326,12537,central,left,macula,EYESCAN
1327,12538,central,left,od,EYESCAN
1328,12539,central,right,macula,EYESCAN
1329,12540,central,right,macula,EYESCAN
1330,12541,central,left,od,EYESCAN
1331,12542,central,right,od,EYESCAN
1332,12543,central,left,od,EYESCAN
1333,12544,central,left,macula,EYESCAN
1334,12545,central,left,od,EYESCAN
1335,12546,central,right,od,EYESCAN
1336,12547,central,right,macula,EYESCAN
1337,12548,central,right,macula,EYESCAN
1338,12549,central,left,macula,EYESCAN
1339,12550,central,left,macula,EYESCAN
1340,12551,central,right,macula,EYESCAN
1341,12552,central,right,null-centered,EYESCAN
1342,12553,central,right,macula,EYESCAN
1343,12554,central,right,macula,EYESCAN
1344,12555,central,right,macula,EYESCAN
1345,12556,central,right,macula,EYESCAN
1346,12557,central,right,macula,EYESCAN
1347,12558,central,right,od,EYESCAN
1348,12559,central,right,macula,EYESCAN
1349,12560,central,right,od,EYESCAN
1350,12561,central,right,od,EYESCAN
1351,12562,central,right,macula,EYESCAN
1352,12563,central,right,od,EYESCAN
1353,12564,central,left,macula,BAIDU
1354,12565,peripheral,left,macula,BAIDU
1355,12566,central,left,macula,BAIDU
1356,12567,peripheral,left,macula,BAIDU
1357,12568,central,left,macula,BAIDU
1358,12569,peripheral,left,macula,BAIDU
1359,12570,central,left,macula,BAIDU
1360,12571,central,left,macula,BAIDU
1361,12572,central,left,macula,BAIDU
1362,12573,central,left,macula,BAIDU
1363,12574,peripheral,left,macula,BAIDU
1364,12575,central,left,macula,BAIDU
1365,12576,central,left,macula,BAIDU
1366,12577,central,left,macula,BAIDU
1367,12578,central,left,macula,BAIDU
1368,12579,central,left,macula,BAIDU
1369,12580,central,left,macula,BAIDU
1370,12581,central,left,macula,BAIDU
1371,12582,central,left,macula,BAIDU
1372,12583,central,left,macula,BAIDU
1373,12584,central,left,macula,BAIDU
1374,12585,central,left,macula,BAIDU
1375,12586,central,left,macula,BAIDU
1376,12587,central,left,macula,BAIDU
1377,12588,peripheral,left,macula,BAIDU
1378,12589,central,left,macula,BAIDU
1379,12590,central,left,macula,BAIDU
1380,12591,peripheral,left,macula,BAIDU
1381,12592,central,left,macula,BAIDU
1382,12593,central,left,macula,BAIDU
1383,12594,central,left,macula,BAIDU
1384,12595,central,left,macula,BAIDU
1385,12596,central,left,macula,BAIDU
1386,12597,peripheral,left,macula,BAIDU
1387,12598,central,left,macula,BAIDU
1388,12599,central,left,macula,BAIDU
1389,12600,central,left,macula,BAIDU
1390,12601,central,left,macula,BAIDU
1391,12602,central,left,macula,BAIDU
1392,12603,central,left,macula,BAIDU
1393,12604,central,left,macula,BAIDU
1394,12605,central,left,macula,BAIDU
1395,12606,central,left,macula,BAIDU
1396,12607,central,left,macula,BAIDU
1397,12608,central,left,macula,BAIDU
1398,12609,central,left,macula,BAIDU
1399,12610,central,left,macula,BAIDU
1400,12611,central,left,macula,BAIDU
1401,12612,central,left,macula,BAIDU
1402,12613,central,left,macula,BAIDU
1403,12614,peripheral,left,macula,BAIDU
1404,12615,central,left,macula,BAIDU
1405,12616,central,left,macula,BAIDU
1406,12617,central,left,macula,BAIDU
1407,12618,central,left,macula,BAIDU
1408,12619,central,left,macula,BAIDU
1409,12620,central,left,macula,BAIDU
1410,12621,central,left,macula,BAIDU
1411,12622,central,left,macula,BAIDU
1412,12623,peripheral,left,macula,BAIDU
1413,12624,central,left,macula,BAIDU
1414,12625,central,left,macula,BAIDU
1415,12626,central,left,macula,BAIDU
1416,12627,central,left,macula,BAIDU
1417,12628,central,left,macula,BAIDU
1418,12629,central,left,macula,BAIDU
1419,12630,central,left,macula,BAIDU
1420,12631,central,left,macula,BAIDU
1421,12632,peripheral,left,macula,BAIDU
1422,12633,central,left,macula,BAIDU
1423,12634,central,left,macula,BAIDU
1424,12635,central,left,macula,BAIDU
1425,12636,central,left,macula,BAIDU
1426,12637,central,left,macula,BAIDU
1427,12638,central,left,macula,BAIDU
1428,12639,central,left,macula,BAIDU
1429,12640,central,left,macula,BAIDU
1430,12641,central,left,macula,BAIDU
1431,12642,central,left,macula,BAIDU
1432,12643,central,left,macula,BAIDU
1433,12644,central,left,macula,BAIDU
1434,12645,central,left,macula,BAIDU
1435,12646,central,left,macula,BAIDU
1436,12647,central,left,macula,BAIDU
1437,12648,central,left,macula,BAIDU
1438,12649,central,left,macula,BAIDU
1439,12650,central,left,macula,BAIDU
1440,12651,central,left,macula,BAIDU
1441,12652,central,left,macula,BAIDU
1442,12653,central,left,macula,BAIDU
1443,12654,central,left,macula,BAIDU
1444,12655,central,left,macula,BAIDU
1445,12656,central,left,macula,BAIDU
1446,12657,central,left,macula,BAIDU
1447,12658,central,left,macula,BAIDU
1448,12659,central,left,macula,BAIDU
1449,12660,central,left,macula,BAIDU
1450,12661,central,left,macula,BAIDU
1451,12662,central,left,macula,BAIDU
1452,12663,central,left,macula,BAIDU
1453,12664,central,left,macula,BAIDU
1454,12665,central,left,macula,BAIDU
1455,12666,central,left,macula,BAIDU
1456,12667,central,left,macula,BAIDU
1457,12668,central,left,macula,BAIDU
1458,12669,central,left,macula,BAIDU
1459,12670,central,left,macula,BAIDU
1460,12671,central,left,macula,BAIDU
1461,12672,central,left,macula,BAIDU
1462,12673,central,left,macula,BAIDU
1463,12674,central,left,macula,BAIDU
1464,12675,central,left,macula,BAIDU
1465,12676,central,left,macula,BAIDU
1466,12677,central,left,macula,BAIDU
1467,12678,central,left,macula,BAIDU
1468,12679,central,left,macula,BAIDU
1469,12680,central,left,macula,BAIDU
1470,12681,central,left,macula,BAIDU
1471,12682,central,left,macula,BAIDU
1472,12683,central,left,macula,BAIDU
1473,12684,peripheral,left,macula,BAIDU
1474,12685,central,left,macula,BAIDU
1475,12686,central,left,macula,BAIDU
1476,12687,central,left,macula,BAIDU
1477,12688,peripheral,left,macula,BAIDU
1478,12689,central,left,macula,BAIDU
1479,12690,central,left,macula,BAIDU
1480,12691,central,left,macula,BAIDU
1481,12692,central,left,macula,BAIDU
1482,12693,central,left,macula,BAIDU
1483,12694,central,left,macula,BAIDU
1484,12695,central,left,macula,BAIDU
1485,12696,central,left,macula,BAIDU
1486,12697,central,left,macula,BAIDU
1487,12698,central,left,od,BAIDU
1488,12699,central,left,macula,BAIDU
1489,12700,central,left,macula,BAIDU
1490,12701,central,left,macula,BAIDU
1491,12702,central,left,macula,BAIDU
1492,12703,central,left,macula,BAIDU
1493,12704,central,left,macula,BAIDU
1494,12705,central,left,macula,BAIDU
1495,12706,central,left,macula,BAIDU
1496,12707,central,left,macula,BAIDU
1497,12708,central,left,macula,BAIDU
1498,12709,central,left,macula,BAIDU
1499,12710,central,left,macula,BAIDU
1500,12711,peripheral,left,macula,BAIDU
1501,12712,central,left,macula,BAIDU
1502,12713,central,left,macula,BAIDU
1503,12714,central,left,macula,BAIDU
1504,12715,central,left,macula,BAIDU
1505,12716,central,left,macula,BAIDU
1506,12717,central,left,macula,BAIDU
1507,12718,central,left,macula,BAIDU
1508,12719,central,left,macula,BAIDU
1509,12720,central,left,macula,BAIDU
1510,12721,central,left,macula,BAIDU
1511,12722,central,left,macula,BAIDU
1512,12723,central,left,macula,BAIDU
1513,12724,central,left,macula,BAIDU
1514,12725,central,left,macula,BAIDU
1515,12726,central,left,macula,BAIDU
1516,12727,central,left,macula,BAIDU
1517,12728,central,left,macula,BAIDU
1518,12729,central,left,macula,BAIDU
1519,12730,central,left,macula,BAIDU
1520,12731,central,left,macula,BAIDU
1521,12732,central,left,macula,BAIDU
1522,12733,central,left,macula,BAIDU
1523,12734,central,left,macula,BAIDU
1524,12735,central,left,macula,BAIDU
1525,12736,central,left,macula,BAIDU
1526,12737,central,left,od,BAIDU
1527,12738,central,left,macula,BAIDU
1528,12739,peripheral,left,macula,BAIDU
1529,12740,central,left,macula,BAIDU
1530,12741,central,left,macula,BAIDU
1531,12742,peripheral,left,macula,BAIDU
1532,12743,central,left,macula,BAIDU
1533,12744,central,left,macula,BAIDU
1534,12745,central,left,macula,BAIDU
1535,12746,central,left,macula,BAIDU
1536,12747,central,left,macula,BAIDU
1537,12748,central,left,macula,BAIDU
1538,12749,central,left,macula,BAIDU
1539,12750,central,left,macula,BAIDU
1540,12751,central,left,macula,BAIDU
1541,12752,central,left,macula,BAIDU
1542,12753,central,left,macula,BAIDU
1543,12754,central,left,macula,BAIDU
1544,12755,central,left,macula,BAIDU
1545,12756,central,left,macula,BAIDU
1546,12757,central,left,macula,BAIDU
1547,12758,central,left,macula,BAIDU
1548,12759,central,left,macula,BAIDU
1549,12760,central,left,macula,BAIDU
1550,12761,central,left,macula,BAIDU
1551,12762,peripheral,left,macula,BAIDU
1552,12763,central,left,macula,BAIDU
1553,12764,central,left,macula,BAIDU
1554,12765,central,left,macula,BAIDU
1555,12766,central,left,macula,BAIDU
1556,12767,central,left,macula,BAIDU
1557,12768,central,left,macula,BAIDU
1558,12769,central,left,macula,BAIDU
1559,12770,central,left,macula,BAIDU
1560,12771,peripheral,left,macula,BAIDU
1561,12772,central,left,macula,BAIDU
1562,12773,central,left,macula,BAIDU
1563,12774,central,left,macula,BAIDU
1564,12775,central,left,macula,BAIDU
1565,12776,central,left,macula,BAIDU
1566,12777,central,left,macula,BAIDU
1567,12778,central,left,macula,BAIDU
1568,12779,central,left,macula,BAIDU
1569,12780,central,left,macula,BAIDU
1570,12781,central,left,macula,BAIDU
1571,12782,central,left,macula,BAIDU
1572,12783,central,left,macula,BAIDU
1573,12784,central,left,macula,BAIDU
1574,12785,central,left,macula,BAIDU
1575,12786,central,left,macula,BAIDU
1576,12787,central,left,macula,BAIDU
1577,12788,central,left,macula,BAIDU
1578,12789,central,left,macula,BAIDU
1579,12790,central,left,macula,BAIDU
1580,12791,central,left,macula,BAIDU
1581,12792,central,left,macula,BAIDU
1582,12793,central,left,macula,BAIDU
1583,12794,central,left,macula,BAIDU
1584,12795,central,left,macula,BAIDU
1585,12796,central,left,macula,BAIDU
1586,12797,central,left,macula,BAIDU
1587,12798,central,left,macula,BAIDU
1588,12799,central,left,macula,BAIDU
1589,12800,central,left,macula,BAIDU
1590,12801,central,left,macula,BAIDU
1591,12802,central,left,macula,BAIDU
1592,12803,central,left,macula,BAIDU
1593,12804,central,left,macula,BAIDU
1594,12805,central,left,macula,BAIDU
1595,12806,central,left,macula,BAIDU
1596,12807,central,left,macula,BAIDU
1597,12808,central,left,macula,BAIDU
1598,12809,central,left,macula,BAIDU
1599,12810,central,left,macula,BAIDU
1600,12811,central,left,macula,BAIDU
1601,12812,central,left,macula,BAIDU
1602,12813,central,left,macula,BAIDU
1603,12814,central,left,macula,BAIDU
1604,12815,central,left,macula,BAIDU
1605,12816,central,left,macula,BAIDU
1606,12817,central,left,macula,BAIDU
1607,12818,central,left,macula,BAIDU
1608,12819,central,left,macula,BAIDU
1609,12820,central,left,macula,BAIDU
1610,12821,central,left,macula,BAIDU
1611,12822,central,left,macula,BAIDU
1612,12823,central,left,macula,BAIDU
1613,12824,central,left,macula,BAIDU
1614,12825,central,left,macula,BAIDU
1615,12826,central,left,macula,BAIDU
1616,12827,central,left,macula,BAIDU
1617,12828,central,left,macula,BAIDU
1618,12829,central,left,macula,BAIDU
1619,12830,central,left,macula,BAIDU
1620,12831,central,left,macula,BAIDU
1621,12832,central,left,macula,BAIDU
1622,12833,central,left,macula,BAIDU
1623,12834,central,left,macula,BAIDU
1624,12835,central,left,macula,BAIDU
1625,12836,central,left,macula,BAIDU
1626,12837,central,left,macula,BAIDU
1627,12838,central,left,macula,BAIDU
1628,12839,central,left,macula,BAIDU
1629,12840,central,left,macula,BAIDU
1630,12841,central,left,macula,BAIDU
1631,12842,central,left,macula,BAIDU
1632,12843,central,left,macula,BAIDU
1633,12844,central,left,macula,BAIDU
1634,12845,central,left,macula,BAIDU
1635,12846,central,left,macula,BAIDU
1636,12847,central,left,macula,BAIDU
1637,12848,central,left,macula,BAIDU
1638,12849,central,left,macula,BAIDU
1639,12850,central,left,macula,BAIDU
1640,12851,central,left,macula,BAIDU
1641,12852,central,left,macula,BAIDU
1642,12853,central,left,macula,BAIDU
1643,12854,central,left,macula,BAIDU
1644,12855,central,left,macula,BAIDU
1645,12856,central,left,macula,BAIDU
1646,12857,central,left,macula,BAIDU
1647,12858,central,left,macula,BAIDU
1648,12859,central,left,macula,BAIDU
1649,12860,central,left,macula,BAIDU
1650,12861,central,left,macula,BAIDU
1651,12862,central,left,macula,BAIDU
1652,12863,central,left,macula,BAIDU
1653,12864,central,left,macula,BAIDU
1654,12865,central,left,macula,BAIDU
1655,12866,central,left,macula,BAIDU
1656,12867,central,left,macula,BAIDU
1657,12868,central,left,macula,BAIDU
1658,12869,central,left,macula,BAIDU
1659,12870,central,left,macula,BAIDU
1660,12871,central,left,macula,BAIDU
1661,12872,central,left,macula,BAIDU
1662,12873,central,left,macula,BAIDU
1663,12874,central,left,macula,BAIDU
1664,12875,central,left,macula,BAIDU
1665,12876,central,left,macula,BAIDU
1666,12877,central,left,macula,BAIDU
1667,12878,central,left,macula,BAIDU
1668,12879,central,left,macula,BAIDU
1669,12880,central,left,macula,BAIDU
1670,12881,central,left,macula,BAIDU
1671,12882,central,left,macula,BAIDU
1672,12883,central,left,macula,BAIDU
1673,12884,central,left,macula,BAIDU
1674,12885,central,left,macula,BAIDU
1675,12886,central,left,macula,BAIDU
1676,12887,central,left,macula,BAIDU
1677,12888,central,left,macula,BAIDU
1678,12889,central,left,macula,BAIDU
1679,12890,central,left,macula,CTEH
1680,12891,central,left,macula,CTEH
1681,12892,central,right,macula,CTEH
1682,12893,central,left,macula,CTEH
1683,12894,central,left,macula,CTEH
1684,12895,central,right,macula,CTEH
1685,12896,central,right,od,CTEH
1686,12897,central,right,macula,CTEH
1687,12898,central,right,od,CTEH
1688,12899,central,left,macula,CTEH
1689,12900,central,right,macula,CTEH
1690,12901,central,left,od,CTEH
1691,12902,central,right,macula,CTEH
1692,12903,central,left,macula,CTEH
1693,12904,central,left,od,CTEH
1694,12905,central,left,macula,CTEH
1695,12906,central,right,macula,CTEH
1696,12907,peripheral,left,macula,CTEH
1697,12908,central,left,macula,CTEH
1698,12909,central,right,macula,CTEH
1699,12910,central,right,macula,CTEH
1700,12911,central,left,macula,CTEH
1701,12912,central,right,od,CTEH
1702,12913,central,left,macula,CTEH
1703,12914,central,left,macula,CTEH
1704,12915,central,right,macula,CTEH
1705,12916,central,left,od,CTEH
1706,12917,central,left,macula,CTEH
1707,12918,central,left,macula,CTEH
1708,12919,central,right,macula,CTEH
1709,12920,central,right,macula,CTEH
1710,12921,central,right,macula,CTEH
1711,12922,central,left,macula,CTEH
1712,12923,central,left,macula,CTEH
1713,12924,central,left,macula,CTEH
1714,12925,central,right,macula,CTEH
1715,12926,central,right,macula,CTEH
1716,12927,central,right,macula,CTEH
1717,12928,central,right,macula,CTEH
1718,12929,central,left,macula,CTEH
1719,12930,central,left,null-centered,CTEH
1720,12931,central,left,od,CTEH
1721,12932,central,right,macula,CTEH
1722,12933,central,left,macula,CTEH
1723,12934,central,left,macula,CTEH
1724,12935,central,left,macula,CTEH
1725,12936,central,right,macula,CTEH
1726,12937,central,right,macula,CTEH
1727,12938,central,left,macula,CTEH
1728,12939,central,right,od,CTEH
1729,12940,central,left,macula,CTEH
1730,12941,central,left,macula,CTEH
1731,12942,central,left,od,CTEH
1732,12943,central,left,macula,CTEH
1733,12944,central,right,od,CTEH
1734,12945,central,left,macula,CTEH
1735,12946,central,right,macula,CTEH
1736,12947,central,right,null-centered,CTEH
1737,12948,central,right,macula,CTEH
1738,12949,central,left,od,CTEH
1739,12950,central,right,macula,CTEH
1740,12951,central,right,macula,CTEH
1741,12952,central,left,macula,CTEH
1742,12953,central,right,macula,CTEH
1743,12954,central,left,macula,CTEH
1744,12955,central,right,macula,CTEH
1745,12956,central,left,null-centered,CTEH
1746,12957,central,right,macula,CTEH
1747,12958,central,right,macula,CTEH
1748,12959,central,left,macula,CTEH
1749,12960,central,left,macula,CTEH
1750,12961,peripheral,left,od,CTEH
1751,12962,peripheral,right,macula,CTEH
1752,12963,central,left,macula,CTEH
1753,12964,central,right,macula,CTEH
1754,12965,central,left,macula,CTEH
1755,12966,central,left,macula,CTEH
1756,12967,central,right,macula,CTEH
1757,12968,central,right,macula,CTEH
1758,12969,central,right,macula,CTEH
1759,12970,central,right,macula,CTEH
1760,12971,central,left,od,CTEH
1761,12972,peripheral,right,null-centered,CTEH
1762,12973,central,left,macula,CTEH
1763,12974,central,right,macula,CTEH
1764,12975,central,right,macula,CTEH
1765,12976,central,left,od,CTEH
1766,12977,central,left,macula,CTEH
1767,12978,central,right,od,CTEH
1768,12979,central,left,macula,CTEH
1769,12980,central,right,macula,CTEH
1770,12981,central,right,macula,CTEH
1771,12982,central,right,od,CTEH
1772,12983,peripheral,right,macula,CTEH
1773,12984,central,right,macula,CTEH
1774,12985,central,left,od,CTEH
1775,12986,central,left,macula,CTEH
1776,12987,central,right,macula,CTEH
1777,12988,central,left,macula,CTEH
1778,12989,central,left,od,CTEH
1779,12990,central,right,macula,CTEH
1780,12991,peripheral,right,macula,CTEH
1781,12992,central,right,od,CTEH
1782,12993,central,right,od,CTEH
1783,12994,central,left,od,CTEH
1784,12995,central,right,od,CTEH
1785,12996,central,left,macula,CTEH
1786,12997,central,right,macula,CTEH
1787,12998,central,left,macula,CTEH
1788,12999,central,left,od,CTEH
1789,13000,central,right,od,CTEH
1790,13001,central,left,od,CTEH
1791,13002,peripheral,left,macula,CTEH
1792,13003,central,left,od,CTEH
1793,13004,central,right,macula,CTEH
1794,13005,central,left,macula,CTEH
1795,13006,central,right,macula,CTEH
1796,13007,central,left,macula,CTEH
1797,13008,central,right,macula,CTEH
1798,13009,central,right,macula,CTEH
1799,13010,central,right,macula,CTEH
1800,13011,central,left,od,CTEH
1801,13012,central,right,macula,CTEH
1802,13013,central,right,null-centered,CTEH
1803,13014,central,left,macula,CTEH
1804,13015,central,left,od,CTEH
1805,13016,central,left,macula,CTEH
1806,13017,central,left,macula,CTEH
1807,13018,central,left,macula,CTEH
1808,13019,central,right,macula,CTEH
1809,13020,central,left,macula,CTEH
1810,13021,central,left,od,CTEH
1811,13022,central,left,macula,CTEH
1812,13023,central,left,od,CTEH
1813,13024,central,left,macula,CTEH
1814,13025,central,left,macula,CTEH
1815,13026,central,left,macula,CTEH
1816,13027,central,left,macula,CTEH
1817,13028,central,left,od,CTEH
1818,13029,central,left,macula,CTEH
1819,13030,central,right,macula,CTEH
1820,13031,central,left,macula,CTEH
1821,13032,central,left,macula,CTEH
1822,13033,central,left,macula,CTEH
1823,13034,central,left,od,CTEH
1824,13035,central,right,macula,CTEH
1825,13036,central,right,macula,CTEH
1826,13037,central,right,macula,CTEH
1827,13038,central,left,od,CTEH
1828,13039,central,right,macula,CTEH
1829,13040,peripheral,left,macula,CTEH
1830,13041,central,right,macula,CTEH
1831,13042,central,right,macula,CTEH
1832,13043,central,left,macula,CTEH
1833,13044,central,left,macula,CTEH
1834,13045,central,left,macula,CTEH
1835,13046,central,left,od,CTEH
1836,13047,central,left,od,CTEH
1837,13048,central,left,macula,CTEH
1838,13049,central,left,od,CTEH
1839,13050,central,left,macula,CTEH
1840,13051,central,right,od,CTEH
1841,13052,central,right,macula,CTEH
1842,13053,central,left,od,CTEH
1843,13054,central,right,od,CTEH
1844,13055,central,right,macula,CTEH
1845,13056,central,left,od,CTEH
1846,13057,central,right,macula,CTEH
1847,13058,central,right,macula,CTEH
1848,13059,central,left,macula,CTEH
1849,13060,peripheral,left,od,CTEH
1850,13061,central,right,macula,CTEH
1851,13062,central,right,od,CTEH
1852,13063,central,right,macula,CTEH
1853,13064,central,right,macula,CTEH
1854,13065,central,right,od,CTEH
1855,13066,central,right,od,CTEH
1856,13067,central,left,macula,CTEH
1857,13068,central,left,macula,CTEH
1858,13069,central,left,macula,CTEH
1859,13070,central,left,macula,CTEH
1860,13071,central,right,macula,CTEH
1861,13072,central,left,macula,CTEH
1862,13073,central,left,macula,CTEH
1863,13074,peripheral,left,macula,CTEH
1864,13075,central,left,macula,CTEH
1865,13076,central,left,od,CTEH
1866,13077,central,left,macula,CTEH
1867,13078,central,left,macula,CTEH
1868,13079,central,right,null-centered,CTEH
1869,13080,central,right,macula,CTEH
1870,13081,central,right,macula,CTEH
1871,13082,central,left,macula,CTEH
1872,13083,central,right,macula,CTEH
1873,13084,central,right,macula,CTEH
1874,13085,central,left,macula,CTEH
1875,13086,central,right,macula,CTEH
1876,13087,central,right,macula,CTEH
1877,13088,central,right,od,CTEH
1878,13089,central,right,macula,CTEH
1879,13090,central,right,null-centered,CTEH
1880,13091,central,left,macula,CTEH
1881,13092,central,left,od,CTEH
1882,13093,central,right,macula,CTEH
1883,13094,central,left,macula,CTEH
1884,13095,central,right,macula,CTEH
1885,13096,central,right,macula,CTEH
1886,13097,central,right,od,CTEH
1887,13098,central,right,od,CTEH
1888,13099,central,left,od,CTEH
1889,13100,peripheral,right,macula,CTEH
1890,13101,central,left,null-centered,CTEH
1891,13102,central,left,od,CTEH
1892,13103,central,right,macula,CTEH
1893,13104,central,right,od,CTEH
1894,13105,central,right,macula,CTEH
1895,13106,central,left,null-centered,CTEH
1896,13107,central,right,macula,CTEH
1897,13108,central,left,od,CTEH
1898,13109,central,left,od,CTEH
1899,13110,central,left,macula,CTEH
1900,13111,central,right,macula,CTEH
1901,13112,central,right,macula,CTEH
1902,13113,central,right,macula,CTEH
1903,13114,central,left,od,CTEH
1904,13115,central,left,macula,CTEH
1905,13116,central,right,macula,CTEH
1906,13117,central,right,od,CTEH
1907,13118,central,left,od,CTEH
1908,13119,central,left,macula,CTEH
1909,13120,central,left,macula,CTEH
1910,13121,central,left,macula,CTEH
1911,13122,central,right,macula,CTEH
1912,13123,central,left,macula,CTEH
1913,13124,central,left,od,CTEH
1914,13125,central,right,macula,CTEH
1915,13126,central,right,macula,CTEH
1916,13127,central,left,od,CTEH
1917,13128,central,right,macula,CTEH
1918,13129,central,left,macula,CTEH
1919,13130,central,right,null-centered,CTEH
1920,13131,central,right,macula,CTEH
1921,13132,central,right,macula,CTEH
1922,13133,central,left,od,CTEH
1923,13134,central,left,null-centered,CTEH
1924,13135,central,right,macula,CTEH
1925,13136,central,left,macula,CTEH
1926,13137,central,left,macula,CTEH
1927,13138,central,right,macula,CTEH
1928,13139,central,left,od,CTEH
1929,13140,central,right,macula,CTEH
1930,13141,central,left,macula,CTEH
1931,13142,central,right,macula,CTEH
1932,13143,central,left,macula,CTEH
1933,13144,central,left,macula,CTEH
1934,13145,central,left,od,CTEH
1935,13146,central,right,macula,CTEH
1936,13147,central,right,macula,CTEH
1937,13148,central,left,macula,CTEH
1938,13149,central,right,macula,CTEH
1939,13150,central,right,macula,CTEH
1940,13151,central,right,macula,CTEH
1941,13152,central,right,macula,CTEH
1942,13153,central,left,macula,CTEH
1943,13154,central,left,od,CTEH
1944,13155,central,right,macula,CTEH
1945,13156,central,left,macula,CTEH
1946,13157,central,right,macula,CTEH
1947,13158,central,left,macula,CTEH
1948,13159,central,right,macula,CTEH
1949,13160,central,right,od,CTEH
1950,13161,central,right,macula,CTEH
1951,13162,central,left,macula,CTEH
1952,13163,central,left,macula,CTEH
1953,13164,central,right,macula,CTEH
1954,13165,central,left,macula,CTEH
1955,13166,central,left,macula,CTEH
1956,13167,central,left,od,CTEH
1957,13168,central,right,macula,CTEH
1958,13169,central,right,macula,CTEH
1959,13170,central,right,macula,CTEH
1960,13171,central,left,macula,CTEH
1961,13172,central,right,macula,CTEH
1962,13173,central,left,macula,CTEH
1963,13174,central,left,macula,CTEH
1964,13175,central,left,macula,CTEH
1965,13176,central,left,od,CTEH
1966,13177,peripheral,right,macula,CTEH
1967,13178,central,right,macula,CTEH
1968,13179,central,right,macula,CTEH
1969,13180,central,right,macula,CTEH
1970,13181,central,left,macula,CTEH
1971,13182,central,left,macula,CTEH
1972,13183,central,right,macula,CTEH
1973,13184,central,left,macula,CTEH
1974,13185,central,right,od,CTEH
1975,13186,peripheral,right,macula,CTEH
1976,13187,central,left,macula,CTEH
1977,13188,central,right,macula,CTEH
1978,13189,peripheral,right,macula,CTEH
1979,13190,central,right,macula,CTEH
1980,13191,central,right,macula,CTEH
1981,13192,central,left,macula,CTEH
1982,13193,central,right,macula,CTEH
1983,13194,central,left,macula,CTEH
1984,13195,central,left,od,CTEH
1985,13196,central,right,macula,CTEH
1986,13197,central,right,macula,CTEH
1987,13198,central,right,macula,CTEH
1988,13199,central,right,od,CTEH
1989,13200,central,left,macula,CTEH
1990,13201,central,left,macula,CTEH
1991,13202,central,left,od,CTEH
1992,13203,central,right,macula,CTEH
1993,13204,central,left,macula,CTEH
1994,13205,central,right,macula,CTEH
1995,13206,central,right,macula,CTEH
1996,13207,central,left,od,CTEH
1997,13208,central,left,od,CTEH
1998,13209,central,right,macula,CTEH
1999,13210,central,right,macula,CTEH
2000,13211,central,left,macula,CTEH
2001,13212,central,left,macula,CTEH
2002,13213,central,left,macula,CTEH
2003,13214,central,right,macula,CTEH
2004,13215,central,right,macula,CTEH
2005,13216,central,left,macula,CTEH
2006,13217,central,right,macula,CTEH
2007,13218,central,left,macula,CTEH
2008,13219,central,left,macula,CTEH
2009,13220,central,left,macula,CTEH
2010,13221,central,left,macula,CTEH
2011,13222,central,left,macula,CTEH
2012,13223,central,right,macula,CTEH
2013,13224,central,left,od,CTEH
2014,13225,central,right,macula,CTEH
2015,13226,central,left,macula,CTEH
2016,13227,central,left,macula,CTEH
2017,13228,central,left,macula,CTEH
2018,13229,central,left,macula,CTEH
2019,13230,central,left,macula,CTEH
2020,13231,central,left,od,CTEH
2021,13232,central,left,macula,CTEH
2022,13233,central,right,macula,CTEH
2023,13234,central,right,macula,CTEH
2024,13235,central,right,macula,CTEH
2025,13236,central,right,macula,CTEH
2026,13237,central,right,macula,CTEH
2027,13238,central,left,macula,CTEH
2028,13239,central,right,macula,CTEH
2029,13240,central,right,od,CTEH
2030,13241,central,right,macula,CTEH
2031,13242,central,right,macula,CTEH
2032,13243,central,left,od,CTEH
2033,13244,central,left,od,CTEH
2034,13245,central,right,macula,CTEH
2035,13246,central,left,macula,CTEH
2036,13247,central,left,macula,CTEH
2037,13248,central,left,od,CTEH
2038,13249,central,left,macula,CTEH
2039,13250,central,right,macula,CTEH
2040,13251,central,right,macula,CTEH
2041,13252,central,left,macula,CTEH
2042,13253,central,left,od,CTEH
2043,13254,central,right,macula,CTEH
2044,13255,central,left,od,CTEH
2045,13256,central,right,macula,CTEH
2046,13257,central,left,macula,CTEH
2047,13258,central,left,macula,CTEH
2048,13259,central,right,macula,CTEH
2049,13260,central,left,macula,CTEH
2050,13261,central,right,macula,CTEH
2051,13262,central,left,od,CTEH
2052,13263,central,left,od,CTEH
2053,13264,central,right,macula,CTEH
2054,13265,central,right,macula,CTEH
2055,13266,central,right,macula,CTEH
2056,13267,central,left,macula,CTEH
2057,13268,central,left,macula,CTEH
2058,13269,central,left,macula,CTEH
2059,13270,central,left,macula,CTEH
2060,13271,central,right,macula,CTEH
2061,13272,central,left,macula,CTEH
2062,13273,central,right,macula,CTEH
2063,13274,central,left,macula,CTEH
2064,13275,central,left,od,CTEH
2065,13276,central,right,macula,CTEH
2066,13277,central,right,macula,CTEH
2067,13278,central,left,macula,CTEH
